출발ID,도착ID,관계,근거URL,의미
R034,R016,직접 링크 참조,https://interoperable-europe.ec.europa.eu/collection/semic-support-centre/mapping-graph-tree-data-structure-case-study-using-core-vocabularies,본문의 하이퍼링크. 법적 종속·준수 의무를 뜻하지 않음
R034,R023,직접 링크 참조,https://interoperable-europe.ec.europa.eu/collection/semic-support-centre/mapping-graph-tree-data-structure-case-study-using-core-vocabularies,본문의 하이퍼링크. 법적 종속·준수 의무를 뜻하지 않음
R060,R001,직접 링크 참조,https://interoperable-europe.ec.europa.eu/collection/iopeu-monitoring/interoperable-europe-monitoring-results,본문의 하이퍼링크. 법적 종속·준수 의무를 뜻하지 않음
R060,R002,직접 링크 참조,https://interoperable-europe.ec.europa.eu/collection/iopeu-monitoring/interoperable-europe-monitoring-results,본문의 하이퍼링크. 법적 종속·준수 의무를 뜻하지 않음
R065,R108,직접 링크 참조,https://www.itb.ec.europa.eu/docs/itb-ta/latest/login/index.html,본문의 하이퍼링크. 법적 종속·준수 의무를 뜻하지 않음
R065,R106,직접 링크 참조,https://www.itb.ec.europa.eu/docs/itb-ta/latest/login/index.html,본문의 하이퍼링크. 법적 종속·준수 의무를 뜻하지 않음
R065,R050,직접 링크 참조,https://www.itb.ec.europa.eu/docs/itb-ta/latest/login/index.html,본문의 하이퍼링크. 법적 종속·준수 의무를 뜻하지 않음
R065,R227,직접 링크 참조,https://www.itb.ec.europa.eu/docs/itb-ta/latest/login/index.html,본문의 하이퍼링크. 법적 종속·준수 의무를 뜻하지 않음
R065,R123,직접 링크 참조,https://www.itb.ec.europa.eu/docs/itb-ta/latest/login/index.html,본문의 하이퍼링크. 법적 종속·준수 의무를 뜻하지 않음
R065,R175,직접 링크 참조,https://www.itb.ec.europa.eu/docs/itb-ta/latest/login/index.html,본문의 하이퍼링크. 법적 종속·준수 의무를 뜻하지 않음
R065,R127,직접 링크 참조,https://www.itb.ec.europa.eu/docs/itb-ta/latest/login/index.html,본문의 하이퍼링크. 법적 종속·준수 의무를 뜻하지 않음
R065,R206,직접 링크 참조,https://www.itb.ec.europa.eu/docs/itb-ta/latest/login/index.html,본문의 하이퍼링크. 법적 종속·준수 의무를 뜻하지 않음
R065,R082,직접 링크 참조,https://www.itb.ec.europa.eu/docs/itb-ta/latest/login/index.html,본문의 하이퍼링크. 법적 종속·준수 의무를 뜻하지 않음
R011,R125,직접 링크 참조,https://interoperable-europe.ec.europa.eu/collection/assessments/assessment-toolbox,본문의 하이퍼링크. 법적 종속·준수 의무를 뜻하지 않음
R011,R246,직접 링크 참조,https://interoperable-europe.ec.europa.eu/collection/assessments/assessment-toolbox,본문의 하이퍼링크. 법적 종속·준수 의무를 뜻하지 않음
R011,R007,직접 링크 참조,https://interoperable-europe.ec.europa.eu/collection/assessments/assessment-toolbox,본문의 하이퍼링크. 법적 종속·준수 의무를 뜻하지 않음
R011,R012,직접 링크 참조,https://interoperable-europe.ec.europa.eu/collection/assessments/assessment-toolbox,본문의 하이퍼링크. 법적 종속·준수 의무를 뜻하지 않음
R011,R014,직접 링크 참조,https://interoperable-europe.ec.europa.eu/collection/assessments/assessment-toolbox,본문의 하이퍼링크. 법적 종속·준수 의무를 뜻하지 않음
R011,R015,직접 링크 참조,https://interoperable-europe.ec.europa.eu/collection/assessments/assessment-toolbox,본문의 하이퍼링크. 법적 종속·준수 의무를 뜻하지 않음
R011,R258,직접 링크 참조,https://interoperable-europe.ec.europa.eu/collection/assessments/assessment-toolbox,본문의 하이퍼링크. 법적 종속·준수 의무를 뜻하지 않음
R011,R068,직접 링크 참조,https://interoperable-europe.ec.europa.eu/collection/assessments/assessment-toolbox,본문의 하이퍼링크. 법적 종속·준수 의무를 뜻하지 않음
R011,R234,직접 링크 참조,https://interoperable-europe.ec.europa.eu/collection/assessments/assessment-toolbox,본문의 하이퍼링크. 법적 종속·준수 의무를 뜻하지 않음
R011,R078,직접 링크 참조,https://interoperable-europe.ec.europa.eu/collection/assessments/assessment-toolbox,본문의 하이퍼링크. 법적 종속·준수 의무를 뜻하지 않음
R067,R072,직접 링크 참조,https://interoperable-europe.ec.europa.eu/collection/interoperability-regulatory-sandboxes/explore,본문의 하이퍼링크. 법적 종속·준수 의무를 뜻하지 않음
R068,R104,직접 링크 참조,https://interoperable-europe.ec.europa.eu/interoperable-europe-solutions,본문의 하이퍼링크. 법적 종속·준수 의무를 뜻하지 않음
R068,R027,직접 링크 참조,https://interoperable-europe.ec.europa.eu/interoperable-europe-solutions,본문의 하이퍼링크. 법적 종속·준수 의무를 뜻하지 않음
R069,R186,직접 링크 참조,https://www.itb.ec.europa.eu/docs/tdl/latest/expressions/index.html,본문의 하이퍼링크. 법적 종속·준수 의무를 뜻하지 않음
R069,R250,직접 링크 참조,https://www.itb.ec.europa.eu/docs/tdl/latest/expressions/index.html,본문의 하이퍼링크. 법적 종속·준수 의무를 뜻하지 않음
R069,R188,직접 링크 참조,https://www.itb.ec.europa.eu/docs/tdl/latest/expressions/index.html,본문의 하이퍼링크. 법적 종속·준수 의무를 뜻하지 않음
R069,R074,직접 링크 참조,https://www.itb.ec.europa.eu/docs/tdl/latest/expressions/index.html,본문의 하이퍼링크. 법적 종속·준수 의무를 뜻하지 않음
R069,R120,직접 링크 참조,https://www.itb.ec.europa.eu/docs/tdl/latest/expressions/index.html,본문의 하이퍼링크. 법적 종속·준수 의무를 뜻하지 않음
R069,R098,직접 링크 참조,https://www.itb.ec.europa.eu/docs/tdl/latest/expressions/index.html,본문의 하이퍼링크. 법적 종속·준수 의무를 뜻하지 않음
R069,R158,직접 링크 참조,https://www.itb.ec.europa.eu/docs/tdl/latest/expressions/index.html,본문의 하이퍼링크. 법적 종속·준수 의무를 뜻하지 않음
R051,R092,직접 링크 참조,https://www.itb.ec.europa.eu/docs/guides/latest/installingTheTestBedProduction/,본문의 하이퍼링크. 법적 종속·준수 의무를 뜻하지 않음
R051,R126,직접 링크 참조,https://www.itb.ec.europa.eu/docs/guides/latest/installingTheTestBedProduction/,본문의 하이퍼링크. 법적 종속·준수 의무를 뜻하지 않음
R051,R116,직접 링크 참조,https://www.itb.ec.europa.eu/docs/guides/latest/installingTheTestBedProduction/,본문의 하이퍼링크. 법적 종속·준수 의무를 뜻하지 않음
R051,R044,직접 링크 참조,https://www.itb.ec.europa.eu/docs/guides/latest/installingTheTestBedProduction/,본문의 하이퍼링크. 법적 종속·준수 의무를 뜻하지 않음
R051,R181,직접 링크 참조,https://www.itb.ec.europa.eu/docs/guides/latest/installingTheTestBedProduction/,본문의 하이퍼링크. 법적 종속·준수 의무를 뜻하지 않음
R051,R241,직접 링크 참조,https://www.itb.ec.europa.eu/docs/guides/latest/installingTheTestBedProduction/,본문의 하이퍼링크. 법적 종속·준수 의무를 뜻하지 않음
R051,R045,직접 링크 참조,https://www.itb.ec.europa.eu/docs/guides/latest/installingTheTestBedProduction/,본문의 하이퍼링크. 법적 종속·준수 의무를 뜻하지 않음
R051,R046,직접 링크 참조,https://www.itb.ec.europa.eu/docs/guides/latest/installingTheTestBedProduction/,본문의 하이퍼링크. 법적 종속·준수 의무를 뜻하지 않음
R051,R047,직접 링크 참조,https://www.itb.ec.europa.eu/docs/guides/latest/installingTheTestBedProduction/,본문의 하이퍼링크. 법적 종속·준수 의무를 뜻하지 않음
R051,R048,직접 링크 참조,https://www.itb.ec.europa.eu/docs/guides/latest/installingTheTestBedProduction/,본문의 하이퍼링크. 법적 종속·준수 의무를 뜻하지 않음
R051,R049,직접 링크 참조,https://www.itb.ec.europa.eu/docs/guides/latest/installingTheTestBedProduction/,본문의 하이퍼링크. 법적 종속·준수 의무를 뜻하지 않음
R051,R129,직접 링크 참조,https://www.itb.ec.europa.eu/docs/guides/latest/installingTheTestBedProduction/,본문의 하이퍼링크. 법적 종속·준수 의무를 뜻하지 않음
R051,R248,직접 링크 참조,https://www.itb.ec.europa.eu/docs/guides/latest/installingTheTestBedProduction/,본문의 하이퍼링크. 법적 종속·준수 의무를 뜻하지 않음
R051,R209,직접 링크 참조,https://www.itb.ec.europa.eu/docs/guides/latest/installingTheTestBedProduction/,본문의 하이퍼링크. 법적 종속·준수 의무를 뜻하지 않음
R051,R043,직접 링크 참조,https://www.itb.ec.europa.eu/docs/guides/latest/installingTheTestBedProduction/,본문의 하이퍼링크. 법적 종속·준수 의무를 뜻하지 않음
R051,R074,직접 링크 참조,https://www.itb.ec.europa.eu/docs/guides/latest/installingTheTestBedProduction/,본문의 하이퍼링크. 법적 종속·준수 의무를 뜻하지 않음
R051,R127,직접 링크 참조,https://www.itb.ec.europa.eu/docs/guides/latest/installingTheTestBedProduction/,본문의 하이퍼링크. 법적 종속·준수 의무를 뜻하지 않음
R051,R123,직접 링크 참조,https://www.itb.ec.europa.eu/docs/guides/latest/installingTheTestBedProduction/,본문의 하이퍼링크. 법적 종속·준수 의무를 뜻하지 않음
R051,R050,직접 링크 참조,https://www.itb.ec.europa.eu/docs/guides/latest/installingTheTestBedProduction/,본문의 하이퍼링크. 법적 종속·준수 의무를 뜻하지 않음
R051,R065,직접 링크 참조,https://www.itb.ec.europa.eu/docs/guides/latest/installingTheTestBedProduction/,본문의 하이퍼링크. 법적 종속·준수 의무를 뜻하지 않음
R051,R137,직접 링크 참조,https://www.itb.ec.europa.eu/docs/guides/latest/installingTheTestBedProduction/,본문의 하이퍼링크. 법적 종속·준수 의무를 뜻하지 않음
R051,R158,직접 링크 참조,https://www.itb.ec.europa.eu/docs/guides/latest/installingTheTestBedProduction/,본문의 하이퍼링크. 법적 종속·준수 의무를 뜻하지 않음
R051,R109,직접 링크 참조,https://www.itb.ec.europa.eu/docs/guides/latest/installingTheTestBedProduction/,본문의 하이퍼링크. 법적 종속·준수 의무를 뜻하지 않음
R051,R100,직접 링크 참조,https://www.itb.ec.europa.eu/docs/guides/latest/installingTheTestBedProduction/,본문의 하이퍼링크. 법적 종속·준수 의무를 뜻하지 않음
R051,R175,직접 링크 참조,https://www.itb.ec.europa.eu/docs/guides/latest/installingTheTestBedProduction/,본문의 하이퍼링크. 법적 종속·준수 의무를 뜻하지 않음
R051,R227,직접 링크 참조,https://www.itb.ec.europa.eu/docs/guides/latest/installingTheTestBedProduction/,본문의 하이퍼링크. 법적 종속·준수 의무를 뜻하지 않음
R070,R104,직접 링크 참조,https://interoperable-europe.ec.europa.eu/governance,본문의 하이퍼링크. 법적 종속·준수 의무를 뜻하지 않음
R070,R236,직접 링크 참조,https://interoperable-europe.ec.europa.eu/governance,본문의 하이퍼링크. 법적 종속·준수 의무를 뜻하지 않음
R070,R202,직접 링크 참조,https://interoperable-europe.ec.europa.eu/governance,본문의 하이퍼링크. 법적 종속·준수 의무를 뜻하지 않음
R070,R228,직접 링크 참조,https://interoperable-europe.ec.europa.eu/governance,본문의 하이퍼링크. 법적 종속·준수 의무를 뜻하지 않음
R074,R186,직접 링크 참조,https://www.itb.ec.europa.eu/docs/tdl/latest/handlers/index.html,본문의 하이퍼링크. 법적 종속·준수 의무를 뜻하지 않음
R074,R250,직접 링크 참조,https://www.itb.ec.europa.eu/docs/tdl/latest/handlers/index.html,본문의 하이퍼링크. 법적 종속·준수 의무를 뜻하지 않음
R074,R069,직접 링크 참조,https://www.itb.ec.europa.eu/docs/tdl/latest/handlers/index.html,본문의 하이퍼링크. 법적 종속·준수 의무를 뜻하지 않음
R074,R188,직접 링크 참조,https://www.itb.ec.europa.eu/docs/tdl/latest/handlers/index.html,본문의 하이퍼링크. 법적 종속·준수 의무를 뜻하지 않음
R074,R120,직접 링크 참조,https://www.itb.ec.europa.eu/docs/tdl/latest/handlers/index.html,본문의 하이퍼링크. 법적 종속·준수 의무를 뜻하지 않음
R074,R098,직접 링크 참조,https://www.itb.ec.europa.eu/docs/tdl/latest/handlers/index.html,본문의 하이퍼링크. 법적 종속·준수 의무를 뜻하지 않음
R074,R139,직접 링크 참조,https://www.itb.ec.europa.eu/docs/tdl/latest/handlers/index.html,본문의 하이퍼링크. 법적 종속·준수 의무를 뜻하지 않음
R074,R241,직접 링크 참조,https://www.itb.ec.europa.eu/docs/tdl/latest/handlers/index.html,본문의 하이퍼링크. 법적 종속·준수 의무를 뜻하지 않음
R074,R048,직접 링크 참조,https://www.itb.ec.europa.eu/docs/tdl/latest/handlers/index.html,본문의 하이퍼링크. 법적 종속·준수 의무를 뜻하지 않음
R074,R047,직접 링크 참조,https://www.itb.ec.europa.eu/docs/tdl/latest/handlers/index.html,본문의 하이퍼링크. 법적 종속·준수 의무를 뜻하지 않음
R074,R046,직접 링크 참조,https://www.itb.ec.europa.eu/docs/tdl/latest/handlers/index.html,본문의 하이퍼링크. 법적 종속·준수 의무를 뜻하지 않음
R074,R045,직접 링크 참조,https://www.itb.ec.europa.eu/docs/tdl/latest/handlers/index.html,본문의 하이퍼링크. 법적 종속·준수 의무를 뜻하지 않음
R074,R049,직접 링크 참조,https://www.itb.ec.europa.eu/docs/tdl/latest/handlers/index.html,본문의 하이퍼링크. 법적 종속·준수 의무를 뜻하지 않음
R074,R220,직접 링크 참조,https://www.itb.ec.europa.eu/docs/tdl/latest/handlers/index.html,본문의 하이퍼링크. 법적 종속·준수 의무를 뜻하지 않음
R074,R158,직접 링크 참조,https://www.itb.ec.europa.eu/docs/tdl/latest/handlers/index.html,본문의 하이퍼링크. 법적 종속·준수 의무를 뜻하지 않음
R074,R137,직접 링크 참조,https://www.itb.ec.europa.eu/docs/tdl/latest/handlers/index.html,본문의 하이퍼링크. 법적 종속·준수 의무를 뜻하지 않음
R074,R109,직접 링크 참조,https://www.itb.ec.europa.eu/docs/tdl/latest/handlers/index.html,본문의 하이퍼링크. 법적 종속·준수 의무를 뜻하지 않음
R077,R072,직접 링크 참조,https://interoperable-europe.ec.europa.eu/collection/interoperability-regulatory-sandboxes,본문의 하이퍼링크. 법적 종속·준수 의무를 뜻하지 않음
R077,R063,직접 링크 참조,https://interoperable-europe.ec.europa.eu/collection/interoperability-regulatory-sandboxes,본문의 하이퍼링크. 법적 종속·준수 의무를 뜻하지 않음
R078,R234,직접 링크 참조,https://interoperable-europe.ec.europa.eu/collection/assessments/collaborative-hub,본문의 하이퍼링크. 법적 종속·준수 의무를 뜻하지 않음
R078,R011,직접 링크 참조,https://interoperable-europe.ec.europa.eu/collection/assessments/collaborative-hub,본문의 하이퍼링크. 법적 종속·준수 의무를 뜻하지 않음
R082,R108,직접 링크 참조,https://www.itb.ec.europa.eu/docs/itb-ta/latest/api/index.html,본문의 하이퍼링크. 법적 종속·준수 의무를 뜻하지 않음
R082,R106,직접 링크 참조,https://www.itb.ec.europa.eu/docs/itb-ta/latest/api/index.html,본문의 하이퍼링크. 법적 종속·준수 의무를 뜻하지 않음
R082,R065,직접 링크 참조,https://www.itb.ec.europa.eu/docs/itb-ta/latest/api/index.html,본문의 하이퍼링크. 법적 종속·준수 의무를 뜻하지 않음
R082,R050,직접 링크 참조,https://www.itb.ec.europa.eu/docs/itb-ta/latest/api/index.html,본문의 하이퍼링크. 법적 종속·준수 의무를 뜻하지 않음
R082,R227,직접 링크 참조,https://www.itb.ec.europa.eu/docs/itb-ta/latest/api/index.html,본문의 하이퍼링크. 법적 종속·준수 의무를 뜻하지 않음
R082,R123,직접 링크 참조,https://www.itb.ec.europa.eu/docs/itb-ta/latest/api/index.html,본문의 하이퍼링크. 법적 종속·준수 의무를 뜻하지 않음
R082,R175,직접 링크 참조,https://www.itb.ec.europa.eu/docs/itb-ta/latest/api/index.html,본문의 하이퍼링크. 법적 종속·준수 의무를 뜻하지 않음
R082,R127,직접 링크 참조,https://www.itb.ec.europa.eu/docs/itb-ta/latest/api/index.html,본문의 하이퍼링크. 법적 종속·준수 의무를 뜻하지 않음
R082,R206,직접 링크 참조,https://www.itb.ec.europa.eu/docs/itb-ta/latest/api/index.html,본문의 하이퍼링크. 법적 종속·준수 의무를 뜻하지 않음
R082,R156,직접 링크 참조,https://www.itb.ec.europa.eu/docs/itb-ta/latest/api/index.html,본문의 하이퍼링크. 법적 종속·준수 의무를 뜻하지 않음
R084,R023,직접 링크 참조,https://semiceu.github.io/style-guide/1.0.0/gc-conceptual-model-conventions.html,본문의 하이퍼링크. 법적 종속·준수 의무를 뜻하지 않음
R024,R087,직접 링크 참조,https://semiceu.github.io/DCAT-AP-reuse-guidelines/,본문의 하이퍼링크. 법적 종속·준수 의무를 뜻하지 않음
R085,R189,직접 링크 참조,https://interoperable-europe.ec.europa.eu/interoperable-europe,본문의 하이퍼링크. 법적 종속·준수 의무를 뜻하지 않음
R086,R126,직접 링크 참조,https://www.itb.ec.europa.eu/docs/guides/latest/,본문의 하이퍼링크. 법적 종속·준수 의무를 뜻하지 않음
R086,R116,직접 링크 참조,https://www.itb.ec.europa.eu/docs/guides/latest/,본문의 하이퍼링크. 법적 종속·준수 의무를 뜻하지 않음
R086,R044,직접 링크 참조,https://www.itb.ec.europa.eu/docs/guides/latest/,본문의 하이퍼링크. 법적 종속·준수 의무를 뜻하지 않음
R086,R181,직접 링크 참조,https://www.itb.ec.europa.eu/docs/guides/latest/,본문의 하이퍼링크. 법적 종속·준수 의무를 뜻하지 않음
R086,R241,직접 링크 참조,https://www.itb.ec.europa.eu/docs/guides/latest/,본문의 하이퍼링크. 법적 종속·준수 의무를 뜻하지 않음
R086,R045,직접 링크 참조,https://www.itb.ec.europa.eu/docs/guides/latest/,본문의 하이퍼링크. 법적 종속·준수 의무를 뜻하지 않음
R086,R046,직접 링크 참조,https://www.itb.ec.europa.eu/docs/guides/latest/,본문의 하이퍼링크. 법적 종속·준수 의무를 뜻하지 않음
R086,R047,직접 링크 참조,https://www.itb.ec.europa.eu/docs/guides/latest/,본문의 하이퍼링크. 법적 종속·준수 의무를 뜻하지 않음
R086,R048,직접 링크 참조,https://www.itb.ec.europa.eu/docs/guides/latest/,본문의 하이퍼링크. 법적 종속·준수 의무를 뜻하지 않음
R086,R049,직접 링크 참조,https://www.itb.ec.europa.eu/docs/guides/latest/,본문의 하이퍼링크. 법적 종속·준수 의무를 뜻하지 않음
R086,R129,직접 링크 참조,https://www.itb.ec.europa.eu/docs/guides/latest/,본문의 하이퍼링크. 법적 종속·준수 의무를 뜻하지 않음
R086,R156,직접 링크 참조,https://www.itb.ec.europa.eu/docs/guides/latest/,본문의 하이퍼링크. 법적 종속·준수 의무를 뜻하지 않음
R086,R248,직접 링크 참조,https://www.itb.ec.europa.eu/docs/guides/latest/,본문의 하이퍼링크. 법적 종속·준수 의무를 뜻하지 않음
R086,R209,직접 링크 참조,https://www.itb.ec.europa.eu/docs/guides/latest/,본문의 하이퍼링크. 법적 종속·준수 의무를 뜻하지 않음
R086,R042,직접 링크 참조,https://www.itb.ec.europa.eu/docs/guides/latest/,본문의 하이퍼링크. 법적 종속·준수 의무를 뜻하지 않음
R086,R043,직접 링크 참조,https://www.itb.ec.europa.eu/docs/guides/latest/,본문의 하이퍼링크. 법적 종속·준수 의무를 뜻하지 않음
R086,R100,직접 링크 참조,https://www.itb.ec.europa.eu/docs/guides/latest/,본문의 하이퍼링크. 법적 종속·준수 의무를 뜻하지 않음
R059,R094,직접 링크 참조,https://interoperable-europe.ec.europa.eu/collection/iopeu-monitoring/eu-digital-public-administration-factsheets,본문의 하이퍼링크. 법적 종속·준수 의무를 뜻하지 않음
R006,R001,직접 링크 참조,https://interoperable-europe.ec.europa.eu/eu-digital-regulations,본문의 하이퍼링크. 법적 종속·준수 의무를 뜻하지 않음
R092,R126,직접 링크 참조,https://www.itb.ec.europa.eu/docs/guides/latest/index.html,본문의 하이퍼링크. 법적 종속·준수 의무를 뜻하지 않음
R092,R116,직접 링크 참조,https://www.itb.ec.europa.eu/docs/guides/latest/index.html,본문의 하이퍼링크. 법적 종속·준수 의무를 뜻하지 않음
R092,R044,직접 링크 참조,https://www.itb.ec.europa.eu/docs/guides/latest/index.html,본문의 하이퍼링크. 법적 종속·준수 의무를 뜻하지 않음
R092,R181,직접 링크 참조,https://www.itb.ec.europa.eu/docs/guides/latest/index.html,본문의 하이퍼링크. 법적 종속·준수 의무를 뜻하지 않음
R092,R241,직접 링크 참조,https://www.itb.ec.europa.eu/docs/guides/latest/index.html,본문의 하이퍼링크. 법적 종속·준수 의무를 뜻하지 않음
R092,R045,직접 링크 참조,https://www.itb.ec.europa.eu/docs/guides/latest/index.html,본문의 하이퍼링크. 법적 종속·준수 의무를 뜻하지 않음
R092,R046,직접 링크 참조,https://www.itb.ec.europa.eu/docs/guides/latest/index.html,본문의 하이퍼링크. 법적 종속·준수 의무를 뜻하지 않음
R092,R047,직접 링크 참조,https://www.itb.ec.europa.eu/docs/guides/latest/index.html,본문의 하이퍼링크. 법적 종속·준수 의무를 뜻하지 않음
R092,R048,직접 링크 참조,https://www.itb.ec.europa.eu/docs/guides/latest/index.html,본문의 하이퍼링크. 법적 종속·준수 의무를 뜻하지 않음
R092,R049,직접 링크 참조,https://www.itb.ec.europa.eu/docs/guides/latest/index.html,본문의 하이퍼링크. 법적 종속·준수 의무를 뜻하지 않음
R092,R129,직접 링크 참조,https://www.itb.ec.europa.eu/docs/guides/latest/index.html,본문의 하이퍼링크. 법적 종속·준수 의무를 뜻하지 않음
R092,R156,직접 링크 참조,https://www.itb.ec.europa.eu/docs/guides/latest/index.html,본문의 하이퍼링크. 법적 종속·준수 의무를 뜻하지 않음
R092,R248,직접 링크 참조,https://www.itb.ec.europa.eu/docs/guides/latest/index.html,본문의 하이퍼링크. 법적 종속·준수 의무를 뜻하지 않음
R092,R209,직접 링크 참조,https://www.itb.ec.europa.eu/docs/guides/latest/index.html,본문의 하이퍼링크. 법적 종속·준수 의무를 뜻하지 않음
R092,R042,직접 링크 참조,https://www.itb.ec.europa.eu/docs/guides/latest/index.html,본문의 하이퍼링크. 법적 종속·준수 의무를 뜻하지 않음
R092,R043,직접 링크 참조,https://www.itb.ec.europa.eu/docs/guides/latest/index.html,본문의 하이퍼링크. 법적 종속·준수 의무를 뜻하지 않음
R092,R100,직접 링크 참조,https://www.itb.ec.europa.eu/docs/guides/latest/index.html,본문의 하이퍼링크. 법적 종속·준수 의무를 뜻하지 않음
R093,R234,직접 링크 참조,https://interoperable-europe.ec.europa.eu/collection/assessments/assessment-forum,본문의 하이퍼링크. 법적 종속·준수 의무를 뜻하지 않음
R094,R214,직접 링크 참조,https://interoperable-europe.ec.europa.eu/,본문의 하이퍼링크. 법적 종속·준수 의무를 뜻하지 않음
R094,R061,직접 링크 참조,https://interoperable-europe.ec.europa.eu/,본문의 하이퍼링크. 법적 종속·준수 의무를 뜻하지 않음
R094,R226,직접 링크 참조,https://interoperable-europe.ec.europa.eu/,본문의 하이퍼링크. 법적 종속·준수 의무를 뜻하지 않음
R095,R085,직접 링크 참조,https://interoperable-europe.ec.europa.eu/collection/interoperability-architecture-solutions,본문의 하이퍼링크. 법적 종속·준수 의무를 뜻하지 않음
R097,R085,직접 링크 참조,https://interoperable-europe.ec.europa.eu/collection/rolling-plan-ict-standardisation/data-interoperability-rp-2024,본문의 하이퍼링크. 법적 종속·준수 의무를 뜻하지 않음
R098,R186,직접 링크 참조,https://www.itb.ec.europa.eu/docs/tdl/latest/changelog/index.html,본문의 하이퍼링크. 법적 종속·준수 의무를 뜻하지 않음
R098,R250,직접 링크 참조,https://www.itb.ec.europa.eu/docs/tdl/latest/changelog/index.html,본문의 하이퍼링크. 법적 종속·준수 의무를 뜻하지 않음
R098,R069,직접 링크 참조,https://www.itb.ec.europa.eu/docs/tdl/latest/changelog/index.html,본문의 하이퍼링크. 법적 종속·준수 의무를 뜻하지 않음
R098,R188,직접 링크 참조,https://www.itb.ec.europa.eu/docs/tdl/latest/changelog/index.html,본문의 하이퍼링크. 법적 종속·준수 의무를 뜻하지 않음
R098,R074,직접 링크 참조,https://www.itb.ec.europa.eu/docs/tdl/latest/changelog/index.html,본문의 하이퍼링크. 법적 종속·준수 의무를 뜻하지 않음
R098,R120,직접 링크 참조,https://www.itb.ec.europa.eu/docs/tdl/latest/changelog/index.html,본문의 하이퍼링크. 법적 종속·준수 의무를 뜻하지 않음
R100,R106,직접 링크 참조,https://www.itb.ec.europa.eu/docs/itb-ta/latest/,본문의 하이퍼링크. 법적 종속·준수 의무를 뜻하지 않음
R100,R065,직접 링크 참조,https://www.itb.ec.europa.eu/docs/itb-ta/latest/,본문의 하이퍼링크. 법적 종속·준수 의무를 뜻하지 않음
R100,R050,직접 링크 참조,https://www.itb.ec.europa.eu/docs/itb-ta/latest/,본문의 하이퍼링크. 법적 종속·준수 의무를 뜻하지 않음
R100,R227,직접 링크 참조,https://www.itb.ec.europa.eu/docs/itb-ta/latest/,본문의 하이퍼링크. 법적 종속·준수 의무를 뜻하지 않음
R100,R123,직접 링크 참조,https://www.itb.ec.europa.eu/docs/itb-ta/latest/,본문의 하이퍼링크. 법적 종속·준수 의무를 뜻하지 않음
R100,R175,직접 링크 참조,https://www.itb.ec.europa.eu/docs/itb-ta/latest/,본문의 하이퍼링크. 법적 종속·준수 의무를 뜻하지 않음
R100,R127,직접 링크 참조,https://www.itb.ec.europa.eu/docs/itb-ta/latest/,본문의 하이퍼링크. 법적 종속·준수 의무를 뜻하지 않음
R100,R206,직접 링크 참조,https://www.itb.ec.europa.eu/docs/itb-ta/latest/,본문의 하이퍼링크. 법적 종속·준수 의무를 뜻하지 않음
R100,R082,직접 링크 참조,https://www.itb.ec.europa.eu/docs/itb-ta/latest/,본문의 하이퍼링크. 법적 종속·준수 의무를 뜻하지 않음
R100,R086,직접 링크 참조,https://www.itb.ec.europa.eu/docs/itb-ta/latest/,본문의 하이퍼링크. 법적 종속·준수 의무를 뜻하지 않음
R100,R042,직접 링크 참조,https://www.itb.ec.europa.eu/docs/itb-ta/latest/,본문의 하이퍼링크. 법적 종속·준수 의무를 뜻하지 않음
R100,R043,직접 링크 참조,https://www.itb.ec.europa.eu/docs/itb-ta/latest/,본문의 하이퍼링크. 법적 종속·준수 의무를 뜻하지 않음
R039,R094,직접 링크 참조,https://interoperable-europe.ec.europa.eu/collection/common-assessment-method-standards-and-specifications-camss/solution/elap/elap-310-online-documentation,본문의 하이퍼링크. 법적 종속·준수 의무를 뜻하지 않음
R101,R168,직접 링크 참조,https://interoperable-europe.ec.europa.eu/collection/semic-support-centre/finlands-successful-implementation-eif-principles-interoperability-tools,본문의 하이퍼링크. 법적 종속·준수 의무를 뜻하지 않음
R061,R001,직접 링크 참조,https://interoperable-europe.ec.europa.eu/collection/guidelines-sharing-interoperability-solutions,본문의 하이퍼링크. 법적 종속·준수 의무를 뜻하지 않음
R061,R104,직접 링크 참조,https://interoperable-europe.ec.europa.eu/collection/guidelines-sharing-interoperability-solutions,본문의 하이퍼링크. 법적 종속·준수 의무를 뜻하지 않음
R104,R102,직접 링크 참조,https://interoperable-europe.ec.europa.eu/collection/governance-board,본문의 하이퍼링크. 법적 종속·준수 의무를 뜻하지 않음
R104,R004,직접 링크 참조,https://interoperable-europe.ec.europa.eu/collection/governance-board,본문의 하이퍼링크. 법적 종속·준수 의무를 뜻하지 않음
R105,R058,직접 링크 참조,https://interoperable-europe.ec.europa.eu/collection/iopeu-monitoring,본문의 하이퍼링크. 법적 종속·준수 의무를 뜻하지 않음
R105,R003,직접 링크 참조,https://interoperable-europe.ec.europa.eu/collection/iopeu-monitoring,본문의 하이퍼링크. 법적 종속·준수 의무를 뜻하지 않음
R105,R001,직접 링크 참조,https://interoperable-europe.ec.europa.eu/collection/iopeu-monitoring,본문의 하이퍼링크. 법적 종속·준수 의무를 뜻하지 않음
R049,R092,직접 링크 참조,https://www.itb.ec.europa.eu/docs/guides/latest/validatingYAML/index.html,본문의 하이퍼링크. 법적 종속·준수 의무를 뜻하지 않음
R049,R126,직접 링크 참조,https://www.itb.ec.europa.eu/docs/guides/latest/validatingYAML/index.html,본문의 하이퍼링크. 법적 종속·준수 의무를 뜻하지 않음
R049,R116,직접 링크 참조,https://www.itb.ec.europa.eu/docs/guides/latest/validatingYAML/index.html,본문의 하이퍼링크. 법적 종속·준수 의무를 뜻하지 않음
R049,R044,직접 링크 참조,https://www.itb.ec.europa.eu/docs/guides/latest/validatingYAML/index.html,본문의 하이퍼링크. 법적 종속·준수 의무를 뜻하지 않음
R049,R181,직접 링크 참조,https://www.itb.ec.europa.eu/docs/guides/latest/validatingYAML/index.html,본문의 하이퍼링크. 법적 종속·준수 의무를 뜻하지 않음
R049,R241,직접 링크 참조,https://www.itb.ec.europa.eu/docs/guides/latest/validatingYAML/index.html,본문의 하이퍼링크. 법적 종속·준수 의무를 뜻하지 않음
R049,R045,직접 링크 참조,https://www.itb.ec.europa.eu/docs/guides/latest/validatingYAML/index.html,본문의 하이퍼링크. 법적 종속·준수 의무를 뜻하지 않음
R049,R046,직접 링크 참조,https://www.itb.ec.europa.eu/docs/guides/latest/validatingYAML/index.html,본문의 하이퍼링크. 법적 종속·준수 의무를 뜻하지 않음
R049,R047,직접 링크 참조,https://www.itb.ec.europa.eu/docs/guides/latest/validatingYAML/index.html,본문의 하이퍼링크. 법적 종속·준수 의무를 뜻하지 않음
R049,R048,직접 링크 참조,https://www.itb.ec.europa.eu/docs/guides/latest/validatingYAML/index.html,본문의 하이퍼링크. 법적 종속·준수 의무를 뜻하지 않음
R049,R129,직접 링크 참조,https://www.itb.ec.europa.eu/docs/guides/latest/validatingYAML/index.html,본문의 하이퍼링크. 법적 종속·준수 의무를 뜻하지 않음
R049,R156,직접 링크 참조,https://www.itb.ec.europa.eu/docs/guides/latest/validatingYAML/index.html,본문의 하이퍼링크. 법적 종속·준수 의무를 뜻하지 않음
R049,R248,직접 링크 참조,https://www.itb.ec.europa.eu/docs/guides/latest/validatingYAML/index.html,본문의 하이퍼링크. 법적 종속·준수 의무를 뜻하지 않음
R049,R209,직접 링크 참조,https://www.itb.ec.europa.eu/docs/guides/latest/validatingYAML/index.html,본문의 하이퍼링크. 법적 종속·준수 의무를 뜻하지 않음
R049,R042,직접 링크 참조,https://www.itb.ec.europa.eu/docs/guides/latest/validatingYAML/index.html,본문의 하이퍼링크. 법적 종속·준수 의무를 뜻하지 않음
R106,R108,직접 링크 참조,https://www.itb.ec.europa.eu/docs/itb-ta/latest/introduction/index.html,본문의 하이퍼링크. 법적 종속·준수 의무를 뜻하지 않음
R106,R065,직접 링크 참조,https://www.itb.ec.europa.eu/docs/itb-ta/latest/introduction/index.html,본문의 하이퍼링크. 법적 종속·준수 의무를 뜻하지 않음
R106,R050,직접 링크 참조,https://www.itb.ec.europa.eu/docs/itb-ta/latest/introduction/index.html,본문의 하이퍼링크. 법적 종속·준수 의무를 뜻하지 않음
R106,R227,직접 링크 참조,https://www.itb.ec.europa.eu/docs/itb-ta/latest/introduction/index.html,본문의 하이퍼링크. 법적 종속·준수 의무를 뜻하지 않음
R106,R123,직접 링크 참조,https://www.itb.ec.europa.eu/docs/itb-ta/latest/introduction/index.html,본문의 하이퍼링크. 법적 종속·준수 의무를 뜻하지 않음
R106,R175,직접 링크 참조,https://www.itb.ec.europa.eu/docs/itb-ta/latest/introduction/index.html,본문의 하이퍼링크. 법적 종속·준수 의무를 뜻하지 않음
R106,R127,직접 링크 참조,https://www.itb.ec.europa.eu/docs/itb-ta/latest/introduction/index.html,본문의 하이퍼링크. 법적 종속·준수 의무를 뜻하지 않음
R106,R206,직접 링크 참조,https://www.itb.ec.europa.eu/docs/itb-ta/latest/introduction/index.html,본문의 하이퍼링크. 법적 종속·준수 의무를 뜻하지 않음
R106,R082,직접 링크 참조,https://www.itb.ec.europa.eu/docs/itb-ta/latest/introduction/index.html,본문의 하이퍼링크. 법적 종속·준수 의무를 뜻하지 않음
R106,R042,직접 링크 참조,https://www.itb.ec.europa.eu/docs/itb-ta/latest/introduction/index.html,본문의 하이퍼링크. 법적 종속·준수 의무를 뜻하지 않음
R108,R106,직접 링크 참조,https://www.itb.ec.europa.eu/docs/itb-ta/latest/index.html,본문의 하이퍼링크. 법적 종속·준수 의무를 뜻하지 않음
R108,R065,직접 링크 참조,https://www.itb.ec.europa.eu/docs/itb-ta/latest/index.html,본문의 하이퍼링크. 법적 종속·준수 의무를 뜻하지 않음
R108,R050,직접 링크 참조,https://www.itb.ec.europa.eu/docs/itb-ta/latest/index.html,본문의 하이퍼링크. 법적 종속·준수 의무를 뜻하지 않음
R108,R227,직접 링크 참조,https://www.itb.ec.europa.eu/docs/itb-ta/latest/index.html,본문의 하이퍼링크. 법적 종속·준수 의무를 뜻하지 않음
R108,R123,직접 링크 참조,https://www.itb.ec.europa.eu/docs/itb-ta/latest/index.html,본문의 하이퍼링크. 법적 종속·준수 의무를 뜻하지 않음
R108,R175,직접 링크 참조,https://www.itb.ec.europa.eu/docs/itb-ta/latest/index.html,본문의 하이퍼링크. 법적 종속·준수 의무를 뜻하지 않음
R108,R127,직접 링크 참조,https://www.itb.ec.europa.eu/docs/itb-ta/latest/index.html,본문의 하이퍼링크. 법적 종속·준수 의무를 뜻하지 않음
R108,R206,직접 링크 참조,https://www.itb.ec.europa.eu/docs/itb-ta/latest/index.html,본문의 하이퍼링크. 법적 종속·준수 의무를 뜻하지 않음
R108,R082,직접 링크 참조,https://www.itb.ec.europa.eu/docs/itb-ta/latest/index.html,본문의 하이퍼링크. 법적 종속·준수 의무를 뜻하지 않음
R108,R086,직접 링크 참조,https://www.itb.ec.europa.eu/docs/itb-ta/latest/index.html,본문의 하이퍼링크. 법적 종속·준수 의무를 뜻하지 않음
R108,R042,직접 링크 참조,https://www.itb.ec.europa.eu/docs/itb-ta/latest/index.html,본문의 하이퍼링크. 법적 종속·준수 의무를 뜻하지 않음
R108,R043,직접 링크 참조,https://www.itb.ec.europa.eu/docs/itb-ta/latest/index.html,본문의 하이퍼링크. 법적 종속·준수 의무를 뜻하지 않음
R109,R220,직접 링크 참조,https://www.itb.ec.europa.eu/docs/services/latest/processing/index.html,본문의 하이퍼링크. 법적 종속·준수 의무를 뜻하지 않음
R109,R158,직접 링크 참조,https://www.itb.ec.europa.eu/docs/services/latest/processing/index.html,본문의 하이퍼링크. 법적 종속·준수 의무를 뜻하지 않음
R109,R137,직접 링크 참조,https://www.itb.ec.europa.eu/docs/services/latest/processing/index.html,본문의 하이퍼링크. 법적 종속·준수 의무를 뜻하지 않음
R109,R139,직접 링크 참조,https://www.itb.ec.europa.eu/docs/services/latest/processing/index.html,본문의 하이퍼링크. 법적 종속·준수 의무를 뜻하지 않음
R109,R118,직접 링크 참조,https://www.itb.ec.europa.eu/docs/services/latest/processing/index.html,본문의 하이퍼링크. 법적 종속·준수 의무를 뜻하지 않음
R109,R188,직접 링크 참조,https://www.itb.ec.europa.eu/docs/services/latest/processing/index.html,본문의 하이퍼링크. 법적 종속·준수 의무를 뜻하지 않음
R009,R007,직접 링크 참조,https://interoperable-europe.ec.europa.eu/collection/assessments/guidelines-chapter-3-how-carry-out-interoperability-assessment,본문의 하이퍼링크. 법적 종속·준수 의무를 뜻하지 않음
R009,R094,직접 링크 참조,https://interoperable-europe.ec.europa.eu/collection/assessments/guidelines-chapter-3-how-carry-out-interoperability-assessment,본문의 하이퍼링크. 법적 종속·준수 의무를 뜻하지 않음
R009,R008,직접 링크 참조,https://interoperable-europe.ec.europa.eu/collection/assessments/guidelines-chapter-3-how-carry-out-interoperability-assessment,본문의 하이퍼링크. 법적 종속·준수 의무를 뜻하지 않음
R009,R010,직접 링크 참조,https://interoperable-europe.ec.europa.eu/collection/assessments/guidelines-chapter-3-how-carry-out-interoperability-assessment,본문의 하이퍼링크. 법적 종속·준수 의무를 뜻하지 않음
R114,R232,직접 링크 참조,https://interoperable-europe.ec.europa.eu/collection/open-source-observatory-osor,본문의 하이퍼링크. 법적 종속·준수 의무를 뜻하지 않음
R114,R071,직접 링크 참조,https://interoperable-europe.ec.europa.eu/collection/open-source-observatory-osor,본문의 하이퍼링크. 법적 종속·준수 의무를 뜻하지 않음
R115,R031,직접 링크 참조,https://interoperable-europe.ec.europa.eu/collection/semic-support-centre/participation-semic-team-endorse-conference,본문의 하이퍼링크. 법적 종속·준수 의무를 뜻하지 않음
R115,R027,직접 링크 참조,https://interoperable-europe.ec.europa.eu/collection/semic-support-centre/participation-semic-team-endorse-conference,본문의 하이퍼링크. 법적 종속·준수 의무를 뜻하지 않음
R115,R236,직접 링크 참조,https://interoperable-europe.ec.europa.eu/collection/semic-support-centre/participation-semic-team-endorse-conference,본문의 하이퍼링크. 법적 종속·준수 의무를 뜻하지 않음
R116,R092,직접 링크 참조,https://www.itb.ec.europa.eu/docs/guides/latest/onboardingDevelopers/index.html,본문의 하이퍼링크. 법적 종속·준수 의무를 뜻하지 않음
R116,R126,직접 링크 참조,https://www.itb.ec.europa.eu/docs/guides/latest/onboardingDevelopers/index.html,본문의 하이퍼링크. 법적 종속·준수 의무를 뜻하지 않음
R116,R044,직접 링크 참조,https://www.itb.ec.europa.eu/docs/guides/latest/onboardingDevelopers/index.html,본문의 하이퍼링크. 법적 종속·준수 의무를 뜻하지 않음
R116,R181,직접 링크 참조,https://www.itb.ec.europa.eu/docs/guides/latest/onboardingDevelopers/index.html,본문의 하이퍼링크. 법적 종속·준수 의무를 뜻하지 않음
R116,R241,직접 링크 참조,https://www.itb.ec.europa.eu/docs/guides/latest/onboardingDevelopers/index.html,본문의 하이퍼링크. 법적 종속·준수 의무를 뜻하지 않음
R116,R045,직접 링크 참조,https://www.itb.ec.europa.eu/docs/guides/latest/onboardingDevelopers/index.html,본문의 하이퍼링크. 법적 종속·준수 의무를 뜻하지 않음
R116,R046,직접 링크 참조,https://www.itb.ec.europa.eu/docs/guides/latest/onboardingDevelopers/index.html,본문의 하이퍼링크. 법적 종속·준수 의무를 뜻하지 않음
R116,R047,직접 링크 참조,https://www.itb.ec.europa.eu/docs/guides/latest/onboardingDevelopers/index.html,본문의 하이퍼링크. 법적 종속·준수 의무를 뜻하지 않음
R116,R048,직접 링크 참조,https://www.itb.ec.europa.eu/docs/guides/latest/onboardingDevelopers/index.html,본문의 하이퍼링크. 법적 종속·준수 의무를 뜻하지 않음
R116,R049,직접 링크 참조,https://www.itb.ec.europa.eu/docs/guides/latest/onboardingDevelopers/index.html,본문의 하이퍼링크. 법적 종속·준수 의무를 뜻하지 않음
R116,R129,직접 링크 참조,https://www.itb.ec.europa.eu/docs/guides/latest/onboardingDevelopers/index.html,본문의 하이퍼링크. 법적 종속·준수 의무를 뜻하지 않음
R116,R156,직접 링크 참조,https://www.itb.ec.europa.eu/docs/guides/latest/onboardingDevelopers/index.html,본문의 하이퍼링크. 법적 종속·준수 의무를 뜻하지 않음
R116,R248,직접 링크 참조,https://www.itb.ec.europa.eu/docs/guides/latest/onboardingDevelopers/index.html,본문의 하이퍼링크. 법적 종속·준수 의무를 뜻하지 않음
R116,R209,직접 링크 참조,https://www.itb.ec.europa.eu/docs/guides/latest/onboardingDevelopers/index.html,본문의 하이퍼링크. 법적 종속·준수 의무를 뜻하지 않음
R116,R186,직접 링크 참조,https://www.itb.ec.europa.eu/docs/guides/latest/onboardingDevelopers/index.html,본문의 하이퍼링크. 법적 종속·준수 의무를 뜻하지 않음
R116,R220,직접 링크 참조,https://www.itb.ec.europa.eu/docs/guides/latest/onboardingDevelopers/index.html,본문의 하이퍼링크. 법적 종속·준수 의무를 뜻하지 않음
R116,R042,직접 링크 참조,https://www.itb.ec.europa.eu/docs/guides/latest/onboardingDevelopers/index.html,본문의 하이퍼링크. 법적 종속·준수 의무를 뜻하지 않음
R116,R139,직접 링크 참조,https://www.itb.ec.europa.eu/docs/guides/latest/onboardingDevelopers/index.html,본문의 하이퍼링크. 법적 종속·준수 의무를 뜻하지 않음
R116,R188,직접 링크 참조,https://www.itb.ec.europa.eu/docs/guides/latest/onboardingDevelopers/index.html,본문의 하이퍼링크. 법적 종속·준수 의무를 뜻하지 않음
R116,R074,직접 링크 참조,https://www.itb.ec.europa.eu/docs/guides/latest/onboardingDevelopers/index.html,본문의 하이퍼링크. 법적 종속·준수 의무를 뜻하지 않음
R116,R069,직접 링크 참조,https://www.itb.ec.europa.eu/docs/guides/latest/onboardingDevelopers/index.html,본문의 하이퍼링크. 법적 종속·준수 의무를 뜻하지 않음
R116,R123,직접 링크 참조,https://www.itb.ec.europa.eu/docs/guides/latest/onboardingDevelopers/index.html,본문의 하이퍼링크. 법적 종속·준수 의무를 뜻하지 않음
R116,R227,직접 링크 참조,https://www.itb.ec.europa.eu/docs/guides/latest/onboardingDevelopers/index.html,본문의 하이퍼링크. 법적 종속·준수 의무를 뜻하지 않음
R116,R043,직접 링크 참조,https://www.itb.ec.europa.eu/docs/guides/latest/onboardingDevelopers/index.html,본문의 하이퍼링크. 법적 종속·준수 의무를 뜻하지 않음
R116,R158,직접 링크 참조,https://www.itb.ec.europa.eu/docs/guides/latest/onboardingDevelopers/index.html,본문의 하이퍼링크. 법적 종속·준수 의무를 뜻하지 않음
R116,R109,직접 링크 참조,https://www.itb.ec.europa.eu/docs/guides/latest/onboardingDevelopers/index.html,본문의 하이퍼링크. 법적 종속·준수 의무를 뜻하지 않음
R116,R137,직접 링크 참조,https://www.itb.ec.europa.eu/docs/guides/latest/onboardingDevelopers/index.html,본문의 하이퍼링크. 법적 종속·준수 의무를 뜻하지 않음
R116,R175,직접 링크 참조,https://www.itb.ec.europa.eu/docs/guides/latest/onboardingDevelopers/index.html,본문의 하이퍼링크. 법적 종속·준수 의무를 뜻하지 않음
R118,R220,직접 링크 참조,https://www.itb.ec.europa.eu/docs/services/latest/changelog/index.html,본문의 하이퍼링크. 법적 종속·준수 의무를 뜻하지 않음
R118,R158,직접 링크 참조,https://www.itb.ec.europa.eu/docs/services/latest/changelog/index.html,본문의 하이퍼링크. 법적 종속·준수 의무를 뜻하지 않음
R118,R137,직접 링크 참조,https://www.itb.ec.europa.eu/docs/services/latest/changelog/index.html,본문의 하이퍼링크. 법적 종속·준수 의무를 뜻하지 않음
R118,R109,직접 링크 참조,https://www.itb.ec.europa.eu/docs/services/latest/changelog/index.html,본문의 하이퍼링크. 법적 종속·준수 의무를 뜻하지 않음
R118,R139,직접 링크 참조,https://www.itb.ec.europa.eu/docs/services/latest/changelog/index.html,본문의 하이퍼링크. 법적 종속·준수 의무를 뜻하지 않음
R053,R085,직접 링크 참조,https://interoperable-europe.ec.europa.eu/collection/rolling-plan-ict-standardisation/data-interoperability-rp-2025,본문의 하이퍼링크. 법적 종속·준수 의무를 뜻하지 않음
R053,R133,직접 링크 참조,https://interoperable-europe.ec.europa.eu/collection/rolling-plan-ict-standardisation/data-interoperability-rp-2025,본문의 하이퍼링크. 법적 종속·준수 의무를 뜻하지 않음
R120,R186,직접 링크 참조,https://www.itb.ec.europa.eu/docs/tdl/latest/examples/index.html,본문의 하이퍼링크. 법적 종속·준수 의무를 뜻하지 않음
R120,R250,직접 링크 참조,https://www.itb.ec.europa.eu/docs/tdl/latest/examples/index.html,본문의 하이퍼링크. 법적 종속·준수 의무를 뜻하지 않음
R120,R069,직접 링크 참조,https://www.itb.ec.europa.eu/docs/tdl/latest/examples/index.html,본문의 하이퍼링크. 법적 종속·준수 의무를 뜻하지 않음
R120,R188,직접 링크 참조,https://www.itb.ec.europa.eu/docs/tdl/latest/examples/index.html,본문의 하이퍼링크. 법적 종속·준수 의무를 뜻하지 않음
R120,R074,직접 링크 참조,https://www.itb.ec.europa.eu/docs/tdl/latest/examples/index.html,본문의 하이퍼링크. 법적 종속·준수 의무를 뜻하지 않음
R120,R098,직접 링크 참조,https://www.itb.ec.europa.eu/docs/tdl/latest/examples/index.html,본문의 하이퍼링크. 법적 종속·준수 의무를 뜻하지 않음
R123,R108,직접 링크 참조,https://www.itb.ec.europa.eu/docs/itb-ta/latest/communityDashboard/index.html,본문의 하이퍼링크. 법적 종속·준수 의무를 뜻하지 않음
R123,R106,직접 링크 참조,https://www.itb.ec.europa.eu/docs/itb-ta/latest/communityDashboard/index.html,본문의 하이퍼링크. 법적 종속·준수 의무를 뜻하지 않음
R123,R065,직접 링크 참조,https://www.itb.ec.europa.eu/docs/itb-ta/latest/communityDashboard/index.html,본문의 하이퍼링크. 법적 종속·준수 의무를 뜻하지 않음
R123,R050,직접 링크 참조,https://www.itb.ec.europa.eu/docs/itb-ta/latest/communityDashboard/index.html,본문의 하이퍼링크. 법적 종속·준수 의무를 뜻하지 않음
R123,R227,직접 링크 참조,https://www.itb.ec.europa.eu/docs/itb-ta/latest/communityDashboard/index.html,본문의 하이퍼링크. 법적 종속·준수 의무를 뜻하지 않음
R123,R175,직접 링크 참조,https://www.itb.ec.europa.eu/docs/itb-ta/latest/communityDashboard/index.html,본문의 하이퍼링크. 법적 종속·준수 의무를 뜻하지 않음
R123,R127,직접 링크 참조,https://www.itb.ec.europa.eu/docs/itb-ta/latest/communityDashboard/index.html,본문의 하이퍼링크. 법적 종속·준수 의무를 뜻하지 않음
R123,R206,직접 링크 참조,https://www.itb.ec.europa.eu/docs/itb-ta/latest/communityDashboard/index.html,본문의 하이퍼링크. 법적 종속·준수 의무를 뜻하지 않음
R123,R082,직접 링크 참조,https://www.itb.ec.europa.eu/docs/itb-ta/latest/communityDashboard/index.html,본문의 하이퍼링크. 법적 종속·준수 의무를 뜻하지 않음
R123,R074,직접 링크 참조,https://www.itb.ec.europa.eu/docs/itb-ta/latest/communityDashboard/index.html,본문의 하이퍼링크. 법적 종속·준수 의무를 뜻하지 않음
R123,R109,직접 링크 참조,https://www.itb.ec.europa.eu/docs/itb-ta/latest/communityDashboard/index.html,본문의 하이퍼링크. 법적 종속·준수 의무를 뜻하지 않음
R123,R069,직접 링크 참조,https://www.itb.ec.europa.eu/docs/itb-ta/latest/communityDashboard/index.html,본문의 하이퍼링크. 법적 종속·준수 의무를 뜻하지 않음
R125,R246,직접 링크 참조,https://interoperable-europe.ec.europa.eu/node/732628,본문의 하이퍼링크. 법적 종속·준수 의무를 뜻하지 않음
R125,R007,직접 링크 참조,https://interoperable-europe.ec.europa.eu/node/732628,본문의 하이퍼링크. 법적 종속·준수 의무를 뜻하지 않음
R125,R012,직접 링크 참조,https://interoperable-europe.ec.europa.eu/node/732628,본문의 하이퍼링크. 법적 종속·준수 의무를 뜻하지 않음
R125,R014,직접 링크 참조,https://interoperable-europe.ec.europa.eu/node/732628,본문의 하이퍼링크. 법적 종속·준수 의무를 뜻하지 않음
R125,R015,직접 링크 참조,https://interoperable-europe.ec.europa.eu/node/732628,본문의 하이퍼링크. 법적 종속·준수 의무를 뜻하지 않음
R125,R258,직접 링크 참조,https://interoperable-europe.ec.europa.eu/node/732628,본문의 하이퍼링크. 법적 종속·준수 의무를 뜻하지 않음
R125,R068,직접 링크 참조,https://interoperable-europe.ec.europa.eu/node/732628,본문의 하이퍼링크. 법적 종속·준수 의무를 뜻하지 않음
R125,R234,직접 링크 참조,https://interoperable-europe.ec.europa.eu/node/732628,본문의 하이퍼링크. 법적 종속·준수 의무를 뜻하지 않음
R125,R078,직접 링크 참조,https://interoperable-europe.ec.europa.eu/node/732628,본문의 하이퍼링크. 법적 종속·준수 의무를 뜻하지 않음
R126,R092,직접 링크 참조,https://www.itb.ec.europa.eu/docs/guides/latest/valueProposition/index.html,본문의 하이퍼링크. 법적 종속·준수 의무를 뜻하지 않음
R126,R116,직접 링크 참조,https://www.itb.ec.europa.eu/docs/guides/latest/valueProposition/index.html,본문의 하이퍼링크. 법적 종속·준수 의무를 뜻하지 않음
R126,R044,직접 링크 참조,https://www.itb.ec.europa.eu/docs/guides/latest/valueProposition/index.html,본문의 하이퍼링크. 법적 종속·준수 의무를 뜻하지 않음
R126,R181,직접 링크 참조,https://www.itb.ec.europa.eu/docs/guides/latest/valueProposition/index.html,본문의 하이퍼링크. 법적 종속·준수 의무를 뜻하지 않음
R126,R241,직접 링크 참조,https://www.itb.ec.europa.eu/docs/guides/latest/valueProposition/index.html,본문의 하이퍼링크. 법적 종속·준수 의무를 뜻하지 않음
R126,R045,직접 링크 참조,https://www.itb.ec.europa.eu/docs/guides/latest/valueProposition/index.html,본문의 하이퍼링크. 법적 종속·준수 의무를 뜻하지 않음
R126,R046,직접 링크 참조,https://www.itb.ec.europa.eu/docs/guides/latest/valueProposition/index.html,본문의 하이퍼링크. 법적 종속·준수 의무를 뜻하지 않음
R126,R047,직접 링크 참조,https://www.itb.ec.europa.eu/docs/guides/latest/valueProposition/index.html,본문의 하이퍼링크. 법적 종속·준수 의무를 뜻하지 않음
R126,R048,직접 링크 참조,https://www.itb.ec.europa.eu/docs/guides/latest/valueProposition/index.html,본문의 하이퍼링크. 법적 종속·준수 의무를 뜻하지 않음
R126,R049,직접 링크 참조,https://www.itb.ec.europa.eu/docs/guides/latest/valueProposition/index.html,본문의 하이퍼링크. 법적 종속·준수 의무를 뜻하지 않음
R126,R129,직접 링크 참조,https://www.itb.ec.europa.eu/docs/guides/latest/valueProposition/index.html,본문의 하이퍼링크. 법적 종속·준수 의무를 뜻하지 않음
R126,R156,직접 링크 참조,https://www.itb.ec.europa.eu/docs/guides/latest/valueProposition/index.html,본문의 하이퍼링크. 법적 종속·준수 의무를 뜻하지 않음
R126,R248,직접 링크 참조,https://www.itb.ec.europa.eu/docs/guides/latest/valueProposition/index.html,본문의 하이퍼링크. 법적 종속·준수 의무를 뜻하지 않음
R126,R209,직접 링크 참조,https://www.itb.ec.europa.eu/docs/guides/latest/valueProposition/index.html,본문의 하이퍼링크. 법적 종속·준수 의무를 뜻하지 않음
R126,R042,직접 링크 참조,https://www.itb.ec.europa.eu/docs/guides/latest/valueProposition/index.html,본문의 하이퍼링크. 법적 종속·준수 의무를 뜻하지 않음
R126,R043,직접 링크 참조,https://www.itb.ec.europa.eu/docs/guides/latest/valueProposition/index.html,본문의 하이퍼링크. 법적 종속·준수 의무를 뜻하지 않음
R127,R108,직접 링크 참조,https://www.itb.ec.europa.eu/docs/itb-ta/latest/systemAdministration/index.html,본문의 하이퍼링크. 법적 종속·준수 의무를 뜻하지 않음
R127,R106,직접 링크 참조,https://www.itb.ec.europa.eu/docs/itb-ta/latest/systemAdministration/index.html,본문의 하이퍼링크. 법적 종속·준수 의무를 뜻하지 않음
R127,R065,직접 링크 참조,https://www.itb.ec.europa.eu/docs/itb-ta/latest/systemAdministration/index.html,본문의 하이퍼링크. 법적 종속·준수 의무를 뜻하지 않음
R127,R050,직접 링크 참조,https://www.itb.ec.europa.eu/docs/itb-ta/latest/systemAdministration/index.html,본문의 하이퍼링크. 법적 종속·준수 의무를 뜻하지 않음
R127,R227,직접 링크 참조,https://www.itb.ec.europa.eu/docs/itb-ta/latest/systemAdministration/index.html,본문의 하이퍼링크. 법적 종속·준수 의무를 뜻하지 않음
R127,R123,직접 링크 참조,https://www.itb.ec.europa.eu/docs/itb-ta/latest/systemAdministration/index.html,본문의 하이퍼링크. 법적 종속·준수 의무를 뜻하지 않음
R127,R175,직접 링크 참조,https://www.itb.ec.europa.eu/docs/itb-ta/latest/systemAdministration/index.html,본문의 하이퍼링크. 법적 종속·준수 의무를 뜻하지 않음
R127,R206,직접 링크 참조,https://www.itb.ec.europa.eu/docs/itb-ta/latest/systemAdministration/index.html,본문의 하이퍼링크. 법적 종속·준수 의무를 뜻하지 않음
R127,R082,직접 링크 참조,https://www.itb.ec.europa.eu/docs/itb-ta/latest/systemAdministration/index.html,본문의 하이퍼링크. 법적 종속·준수 의무를 뜻하지 않음
R127,R156,직접 링크 참조,https://www.itb.ec.europa.eu/docs/itb-ta/latest/systemAdministration/index.html,본문의 하이퍼링크. 법적 종속·준수 의무를 뜻하지 않음
R007,R008,직접 링크 참조,https://interoperable-europe.ec.europa.eu/collection/assessments/assessment-guidelines,본문의 하이퍼링크. 법적 종속·준수 의무를 뜻하지 않음
R007,R009,직접 링크 참조,https://interoperable-europe.ec.europa.eu/collection/assessments/assessment-guidelines,본문의 하이퍼링크. 법적 종속·준수 의무를 뜻하지 않음
R007,R010,직접 링크 참조,https://interoperable-europe.ec.europa.eu/collection/assessments/assessment-guidelines,본문의 하이퍼링크. 법적 종속·준수 의무를 뜻하지 않음
R129,R092,직접 링크 참조,https://www.itb.ec.europa.eu/docs/guides/latest/installingTheTestBed/index.html,본문의 하이퍼링크. 법적 종속·준수 의무를 뜻하지 않음
R129,R126,직접 링크 참조,https://www.itb.ec.europa.eu/docs/guides/latest/installingTheTestBed/index.html,본문의 하이퍼링크. 법적 종속·준수 의무를 뜻하지 않음
R129,R116,직접 링크 참조,https://www.itb.ec.europa.eu/docs/guides/latest/installingTheTestBed/index.html,본문의 하이퍼링크. 법적 종속·준수 의무를 뜻하지 않음
R129,R044,직접 링크 참조,https://www.itb.ec.europa.eu/docs/guides/latest/installingTheTestBed/index.html,본문의 하이퍼링크. 법적 종속·준수 의무를 뜻하지 않음
R129,R181,직접 링크 참조,https://www.itb.ec.europa.eu/docs/guides/latest/installingTheTestBed/index.html,본문의 하이퍼링크. 법적 종속·준수 의무를 뜻하지 않음
R129,R241,직접 링크 참조,https://www.itb.ec.europa.eu/docs/guides/latest/installingTheTestBed/index.html,본문의 하이퍼링크. 법적 종속·준수 의무를 뜻하지 않음
R129,R045,직접 링크 참조,https://www.itb.ec.europa.eu/docs/guides/latest/installingTheTestBed/index.html,본문의 하이퍼링크. 법적 종속·준수 의무를 뜻하지 않음
R129,R046,직접 링크 참조,https://www.itb.ec.europa.eu/docs/guides/latest/installingTheTestBed/index.html,본문의 하이퍼링크. 법적 종속·준수 의무를 뜻하지 않음
R129,R047,직접 링크 참조,https://www.itb.ec.europa.eu/docs/guides/latest/installingTheTestBed/index.html,본문의 하이퍼링크. 법적 종속·준수 의무를 뜻하지 않음
R129,R048,직접 링크 참조,https://www.itb.ec.europa.eu/docs/guides/latest/installingTheTestBed/index.html,본문의 하이퍼링크. 법적 종속·준수 의무를 뜻하지 않음
R129,R049,직접 링크 참조,https://www.itb.ec.europa.eu/docs/guides/latest/installingTheTestBed/index.html,본문의 하이퍼링크. 법적 종속·준수 의무를 뜻하지 않음
R129,R156,직접 링크 참조,https://www.itb.ec.europa.eu/docs/guides/latest/installingTheTestBed/index.html,본문의 하이퍼링크. 법적 종속·준수 의무를 뜻하지 않음
R129,R248,직접 링크 참조,https://www.itb.ec.europa.eu/docs/guides/latest/installingTheTestBed/index.html,본문의 하이퍼링크. 법적 종속·준수 의무를 뜻하지 않음
R129,R209,직접 링크 참조,https://www.itb.ec.europa.eu/docs/guides/latest/installingTheTestBed/index.html,본문의 하이퍼링크. 법적 종속·준수 의무를 뜻하지 않음
R129,R137,직접 링크 참조,https://www.itb.ec.europa.eu/docs/guides/latest/installingTheTestBed/index.html,본문의 하이퍼링크. 법적 종속·준수 의무를 뜻하지 않음
R129,R127,직접 링크 참조,https://www.itb.ec.europa.eu/docs/guides/latest/installingTheTestBed/index.html,본문의 하이퍼링크. 법적 종속·준수 의무를 뜻하지 않음
R129,R123,직접 링크 참조,https://www.itb.ec.europa.eu/docs/guides/latest/installingTheTestBed/index.html,본문의 하이퍼링크. 법적 종속·준수 의무를 뜻하지 않음
R129,R100,직접 링크 참조,https://www.itb.ec.europa.eu/docs/guides/latest/installingTheTestBed/index.html,본문의 하이퍼링크. 법적 종속·준수 의무를 뜻하지 않음
R129,R175,직접 링크 참조,https://www.itb.ec.europa.eu/docs/guides/latest/installingTheTestBed/index.html,본문의 하이퍼링크. 법적 종속·준수 의무를 뜻하지 않음
R129,R042,직접 링크 참조,https://www.itb.ec.europa.eu/docs/guides/latest/installingTheTestBed/index.html,본문의 하이퍼링크. 법적 종속·준수 의무를 뜻하지 않음
R129,R043,직접 링크 참조,https://www.itb.ec.europa.eu/docs/guides/latest/installingTheTestBed/index.html,본문의 하이퍼링크. 법적 종속·준수 의무를 뜻하지 않음
R129,R139,직접 링크 참조,https://www.itb.ec.europa.eu/docs/guides/latest/installingTheTestBed/index.html,본문의 하이퍼링크. 법적 종속·준수 의무를 뜻하지 않음
R129,R227,직접 링크 참조,https://www.itb.ec.europa.eu/docs/guides/latest/installingTheTestBed/index.html,본문의 하이퍼링크. 법적 종속·준수 의무를 뜻하지 않음
R132,R107,직접 링크 참조,https://interoperable-europe.ec.europa.eu/collection/interoperable-europe-academy/welcome,본문의 하이퍼링크. 법적 종속·준수 의무를 뜻하지 않음
R132,R146,직접 링크 참조,https://interoperable-europe.ec.europa.eu/collection/interoperable-europe-academy/welcome,본문의 하이퍼링크. 법적 종속·준수 의무를 뜻하지 않음
R016,R023,직접 링크 참조,https://interoperable-europe.ec.europa.eu/collection/semic-support-centre/specifications,본문의 하이퍼링크. 법적 종속·준수 의무를 뜻하지 않음
R016,R024,직접 링크 참조,https://interoperable-europe.ec.europa.eu/collection/semic-support-centre/specifications,본문의 하이퍼링크. 법적 종속·준수 의무를 뜻하지 않음
R016,R017,직접 링크 참조,https://interoperable-europe.ec.europa.eu/collection/semic-support-centre/specifications,본문의 하이퍼링크. 법적 종속·준수 의무를 뜻하지 않음
R016,R018,직접 링크 참조,https://interoperable-europe.ec.europa.eu/collection/semic-support-centre/specifications,본문의 하이퍼링크. 법적 종속·준수 의무를 뜻하지 않음
R016,R019,직접 링크 참조,https://interoperable-europe.ec.europa.eu/collection/semic-support-centre/specifications,본문의 하이퍼링크. 법적 종속·준수 의무를 뜻하지 않음
R016,R020,직접 링크 참조,https://interoperable-europe.ec.europa.eu/collection/semic-support-centre/specifications,본문의 하이퍼링크. 법적 종속·준수 의무를 뜻하지 않음
R016,R021,직접 링크 참조,https://interoperable-europe.ec.europa.eu/collection/semic-support-centre/specifications,본문의 하이퍼링크. 법적 종속·준수 의무를 뜻하지 않음
R016,R022,직접 링크 참조,https://interoperable-europe.ec.europa.eu/collection/semic-support-centre/specifications,본문의 하이퍼링크. 법적 종속·준수 의무를 뜻하지 않음
R016,R025,직접 링크 참조,https://interoperable-europe.ec.europa.eu/collection/semic-support-centre/specifications,본문의 하이퍼링크. 법적 종속·준수 의무를 뜻하지 않음
R016,R027,직접 링크 참조,https://interoperable-europe.ec.europa.eu/collection/semic-support-centre/specifications,본문의 하이퍼링크. 법적 종속·준수 의무를 뜻하지 않음
R016,R133,직접 링크 참조,https://interoperable-europe.ec.europa.eu/collection/semic-support-centre/specifications,본문의 하이퍼링크. 법적 종속·준수 의무를 뜻하지 않음
R016,R237,직접 링크 참조,https://interoperable-europe.ec.europa.eu/collection/semic-support-centre/specifications,본문의 하이퍼링크. 법적 종속·준수 의무를 뜻하지 않음
R016,R087,직접 링크 참조,https://interoperable-europe.ec.europa.eu/collection/semic-support-centre/specifications,본문의 하이퍼링크. 법적 종속·준수 의무를 뜻하지 않음
R016,R028,직접 링크 참조,https://interoperable-europe.ec.europa.eu/collection/semic-support-centre/specifications,본문의 하이퍼링크. 법적 종속·준수 의무를 뜻하지 않음
R016,R026,직접 링크 참조,https://interoperable-europe.ec.europa.eu/collection/semic-support-centre/specifications,본문의 하이퍼링크. 법적 종속·준수 의무를 뜻하지 않음
R016,R029,직접 링크 참조,https://interoperable-europe.ec.europa.eu/collection/semic-support-centre/specifications,본문의 하이퍼링크. 법적 종속·준수 의무를 뜻하지 않음
R016,R030,직접 링크 참조,https://interoperable-europe.ec.europa.eu/collection/semic-support-centre/specifications,본문의 하이퍼링크. 법적 종속·준수 의무를 뜻하지 않음
R016,R031,직접 링크 참조,https://interoperable-europe.ec.europa.eu/collection/semic-support-centre/specifications,본문의 하이퍼링크. 법적 종속·준수 의무를 뜻하지 않음
R016,R084,직접 링크 참조,https://interoperable-europe.ec.europa.eu/collection/semic-support-centre/specifications,본문의 하이퍼링크. 법적 종속·준수 의무를 뜻하지 않음
R008,R007,직접 링크 참조,https://interoperable-europe.ec.europa.eu/collection/assessments/guidelines-chapter-1-what-are-interoperability-assessments-and-why-are-they-relevant,본문의 하이퍼링크. 법적 종속·준수 의무를 뜻하지 않음
R008,R189,직접 링크 참조,https://interoperable-europe.ec.europa.eu/collection/assessments/guidelines-chapter-1-what-are-interoperability-assessments-and-why-are-they-relevant,본문의 하이퍼링크. 법적 종속·준수 의무를 뜻하지 않음
R008,R009,직접 링크 참조,https://interoperable-europe.ec.europa.eu/collection/assessments/guidelines-chapter-1-what-are-interoperability-assessments-and-why-are-they-relevant,본문의 하이퍼링크. 법적 종속·준수 의무를 뜻하지 않음
R008,R010,직접 링크 참조,https://interoperable-europe.ec.europa.eu/collection/assessments/guidelines-chapter-1-what-are-interoperability-assessments-and-why-are-they-relevant,본문의 하이퍼링크. 법적 종속·준수 의무를 뜻하지 않음
R137,R220,직접 링크 참조,https://www.itb.ec.europa.eu/docs/services/latest/messaging/index.html,본문의 하이퍼링크. 법적 종속·준수 의무를 뜻하지 않음
R137,R158,직접 링크 참조,https://www.itb.ec.europa.eu/docs/services/latest/messaging/index.html,본문의 하이퍼링크. 법적 종속·준수 의무를 뜻하지 않음
R137,R109,직접 링크 참조,https://www.itb.ec.europa.eu/docs/services/latest/messaging/index.html,본문의 하이퍼링크. 법적 종속·준수 의무를 뜻하지 않음
R137,R139,직접 링크 참조,https://www.itb.ec.europa.eu/docs/services/latest/messaging/index.html,본문의 하이퍼링크. 법적 종속·준수 의무를 뜻하지 않음
R137,R118,직접 링크 참조,https://www.itb.ec.europa.eu/docs/services/latest/messaging/index.html,본문의 하이퍼링크. 법적 종속·준수 의무를 뜻하지 않음
R137,R188,직접 링크 참조,https://www.itb.ec.europa.eu/docs/services/latest/messaging/index.html,본문의 하이퍼링크. 법적 종속·준수 의무를 뜻하지 않음
R139,R220,직접 링크 참조,https://www.itb.ec.europa.eu/docs/services/latest/templates/index.html,본문의 하이퍼링크. 법적 종속·준수 의무를 뜻하지 않음
R139,R158,직접 링크 참조,https://www.itb.ec.europa.eu/docs/services/latest/templates/index.html,본문의 하이퍼링크. 법적 종속·준수 의무를 뜻하지 않음
R139,R137,직접 링크 참조,https://www.itb.ec.europa.eu/docs/services/latest/templates/index.html,본문의 하이퍼링크. 법적 종속·준수 의무를 뜻하지 않음
R139,R109,직접 링크 참조,https://www.itb.ec.europa.eu/docs/services/latest/templates/index.html,본문의 하이퍼링크. 법적 종속·준수 의무를 뜻하지 않음
R139,R118,직접 링크 참조,https://www.itb.ec.europa.eu/docs/services/latest/templates/index.html,본문의 하이퍼링크. 법적 종속·준수 의무를 뜻하지 않음
R139,R065,직접 링크 참조,https://www.itb.ec.europa.eu/docs/services/latest/templates/index.html,본문의 하이퍼링크. 법적 종속·준수 의무를 뜻하지 않음
R139,R227,직접 링크 참조,https://www.itb.ec.europa.eu/docs/services/latest/templates/index.html,본문의 하이퍼링크. 법적 종속·준수 의무를 뜻하지 않음
R050,R108,직접 링크 참조,https://www.itb.ec.europa.eu/docs/itb-ta/latest/conformanceDashboard/index.html,본문의 하이퍼링크. 법적 종속·준수 의무를 뜻하지 않음
R050,R106,직접 링크 참조,https://www.itb.ec.europa.eu/docs/itb-ta/latest/conformanceDashboard/index.html,본문의 하이퍼링크. 법적 종속·준수 의무를 뜻하지 않음
R050,R065,직접 링크 참조,https://www.itb.ec.europa.eu/docs/itb-ta/latest/conformanceDashboard/index.html,본문의 하이퍼링크. 법적 종속·준수 의무를 뜻하지 않음
R050,R227,직접 링크 참조,https://www.itb.ec.europa.eu/docs/itb-ta/latest/conformanceDashboard/index.html,본문의 하이퍼링크. 법적 종속·준수 의무를 뜻하지 않음
R050,R123,직접 링크 참조,https://www.itb.ec.europa.eu/docs/itb-ta/latest/conformanceDashboard/index.html,본문의 하이퍼링크. 법적 종속·준수 의무를 뜻하지 않음
R050,R175,직접 링크 참조,https://www.itb.ec.europa.eu/docs/itb-ta/latest/conformanceDashboard/index.html,본문의 하이퍼링크. 법적 종속·준수 의무를 뜻하지 않음
R050,R127,직접 링크 참조,https://www.itb.ec.europa.eu/docs/itb-ta/latest/conformanceDashboard/index.html,본문의 하이퍼링크. 법적 종속·준수 의무를 뜻하지 않음
R050,R206,직접 링크 참조,https://www.itb.ec.europa.eu/docs/itb-ta/latest/conformanceDashboard/index.html,본문의 하이퍼링크. 법적 종속·준수 의무를 뜻하지 않음
R050,R082,직접 링크 참조,https://www.itb.ec.europa.eu/docs/itb-ta/latest/conformanceDashboard/index.html,본문의 하이퍼링크. 법적 종속·준수 의무를 뜻하지 않음
R046,R092,직접 링크 참조,https://www.itb.ec.europa.eu/docs/guides/latest/validatingRDF/index.html,본문의 하이퍼링크. 법적 종속·준수 의무를 뜻하지 않음
R046,R126,직접 링크 참조,https://www.itb.ec.europa.eu/docs/guides/latest/validatingRDF/index.html,본문의 하이퍼링크. 법적 종속·준수 의무를 뜻하지 않음
R046,R116,직접 링크 참조,https://www.itb.ec.europa.eu/docs/guides/latest/validatingRDF/index.html,본문의 하이퍼링크. 법적 종속·준수 의무를 뜻하지 않음
R046,R044,직접 링크 참조,https://www.itb.ec.europa.eu/docs/guides/latest/validatingRDF/index.html,본문의 하이퍼링크. 법적 종속·준수 의무를 뜻하지 않음
R046,R181,직접 링크 참조,https://www.itb.ec.europa.eu/docs/guides/latest/validatingRDF/index.html,본문의 하이퍼링크. 법적 종속·준수 의무를 뜻하지 않음
R046,R241,직접 링크 참조,https://www.itb.ec.europa.eu/docs/guides/latest/validatingRDF/index.html,본문의 하이퍼링크. 법적 종속·준수 의무를 뜻하지 않음
R046,R045,직접 링크 참조,https://www.itb.ec.europa.eu/docs/guides/latest/validatingRDF/index.html,본문의 하이퍼링크. 법적 종속·준수 의무를 뜻하지 않음
R046,R047,직접 링크 참조,https://www.itb.ec.europa.eu/docs/guides/latest/validatingRDF/index.html,본문의 하이퍼링크. 법적 종속·준수 의무를 뜻하지 않음
R046,R048,직접 링크 참조,https://www.itb.ec.europa.eu/docs/guides/latest/validatingRDF/index.html,본문의 하이퍼링크. 법적 종속·준수 의무를 뜻하지 않음
R046,R049,직접 링크 참조,https://www.itb.ec.europa.eu/docs/guides/latest/validatingRDF/index.html,본문의 하이퍼링크. 법적 종속·준수 의무를 뜻하지 않음
R046,R129,직접 링크 참조,https://www.itb.ec.europa.eu/docs/guides/latest/validatingRDF/index.html,본문의 하이퍼링크. 법적 종속·준수 의무를 뜻하지 않음
R046,R156,직접 링크 참조,https://www.itb.ec.europa.eu/docs/guides/latest/validatingRDF/index.html,본문의 하이퍼링크. 법적 종속·준수 의무를 뜻하지 않음
R046,R248,직접 링크 참조,https://www.itb.ec.europa.eu/docs/guides/latest/validatingRDF/index.html,본문의 하이퍼링크. 법적 종속·준수 의무를 뜻하지 않음
R046,R209,직접 링크 참조,https://www.itb.ec.europa.eu/docs/guides/latest/validatingRDF/index.html,본문의 하이퍼링크. 법적 종속·준수 의무를 뜻하지 않음
R046,R042,직접 링크 참조,https://www.itb.ec.europa.eu/docs/guides/latest/validatingRDF/index.html,본문의 하이퍼링크. 법적 종속·준수 의무를 뜻하지 않음
R046,R188,직접 링크 참조,https://www.itb.ec.europa.eu/docs/guides/latest/validatingRDF/index.html,본문의 하이퍼링크. 법적 종속·준수 의무를 뜻하지 않음
R046,R069,직접 링크 참조,https://www.itb.ec.europa.eu/docs/guides/latest/validatingRDF/index.html,본문의 하이퍼링크. 법적 종속·준수 의무를 뜻하지 않음
R046,R074,직접 링크 참조,https://www.itb.ec.europa.eu/docs/guides/latest/validatingRDF/index.html,본문의 하이퍼링크. 법적 종속·준수 의무를 뜻하지 않음
R010,R007,직접 링크 참조,https://interoperable-europe.ec.europa.eu/collection/assessments/guidelines-chapter-5-how-establish-sound-governance-interoperability-assessment-process-your,본문의 하이퍼링크. 법적 종속·준수 의무를 뜻하지 않음
R010,R008,직접 링크 참조,https://interoperable-europe.ec.europa.eu/collection/assessments/guidelines-chapter-5-how-establish-sound-governance-interoperability-assessment-process-your,본문의 하이퍼링크. 법적 종속·준수 의무를 뜻하지 않음
R010,R009,직접 링크 참조,https://interoperable-europe.ec.europa.eu/collection/assessments/guidelines-chapter-5-how-establish-sound-governance-interoperability-assessment-process-your,본문의 하이퍼링크. 법적 종속·준수 의무를 뜻하지 않음
R033,R034,직접 링크 참조,https://interoperable-europe.ec.europa.eu/collection/semic-support-centre/semantic-enrichment-apis-openapi-case-study,본문의 하이퍼링크. 법적 종속·준수 의무를 뜻하지 않음
R033,R173,직접 링크 참조,https://interoperable-europe.ec.europa.eu/collection/semic-support-centre/semantic-enrichment-apis-openapi-case-study,본문의 하이퍼링크. 법적 종속·준수 의무를 뜻하지 않음
R151,R085,직접 링크 참조,https://interoperable-europe.ec.europa.eu/collection/interoperability-architecture-solutions/welcome,본문의 하이퍼링크. 법적 종속·준수 의무를 뜻하지 않음
R154,R253,직접 링크 참조,https://interoperable-europe.ec.europa.eu/collection/open-source-observatory-osor/open-source-focus-areas,본문의 하이퍼링크. 법적 종속·준수 의무를 뜻하지 않음
R155,R045,직접 링크 참조,https://interoperable-europe.ec.europa.eu/collection/interoperability-test-bed-repository/solution/interoperability-test-bed/news-and-releases,본문의 하이퍼링크. 법적 종속·준수 의무를 뜻하지 않음
R155,R046,직접 링크 참조,https://interoperable-europe.ec.europa.eu/collection/interoperability-test-bed-repository/solution/interoperability-test-bed/news-and-releases,본문의 하이퍼링크. 법적 종속·준수 의무를 뜻하지 않음
R155,R047,직접 링크 참조,https://interoperable-europe.ec.europa.eu/collection/interoperability-test-bed-repository/solution/interoperability-test-bed/news-and-releases,본문의 하이퍼링크. 법적 종속·준수 의무를 뜻하지 않음
R155,R048,직접 링크 참조,https://interoperable-europe.ec.europa.eu/collection/interoperability-test-bed-repository/solution/interoperability-test-bed/news-and-releases,본문의 하이퍼링크. 법적 종속·준수 의무를 뜻하지 않음
R156,R092,직접 링크 참조,https://www.itb.ec.europa.eu/docs/guides/latest/installingTheTestBedProduction/index.html,본문의 하이퍼링크. 법적 종속·준수 의무를 뜻하지 않음
R156,R126,직접 링크 참조,https://www.itb.ec.europa.eu/docs/guides/latest/installingTheTestBedProduction/index.html,본문의 하이퍼링크. 법적 종속·준수 의무를 뜻하지 않음
R156,R116,직접 링크 참조,https://www.itb.ec.europa.eu/docs/guides/latest/installingTheTestBedProduction/index.html,본문의 하이퍼링크. 법적 종속·준수 의무를 뜻하지 않음
R156,R044,직접 링크 참조,https://www.itb.ec.europa.eu/docs/guides/latest/installingTheTestBedProduction/index.html,본문의 하이퍼링크. 법적 종속·준수 의무를 뜻하지 않음
R156,R181,직접 링크 참조,https://www.itb.ec.europa.eu/docs/guides/latest/installingTheTestBedProduction/index.html,본문의 하이퍼링크. 법적 종속·준수 의무를 뜻하지 않음
R156,R241,직접 링크 참조,https://www.itb.ec.europa.eu/docs/guides/latest/installingTheTestBedProduction/index.html,본문의 하이퍼링크. 법적 종속·준수 의무를 뜻하지 않음
R156,R045,직접 링크 참조,https://www.itb.ec.europa.eu/docs/guides/latest/installingTheTestBedProduction/index.html,본문의 하이퍼링크. 법적 종속·준수 의무를 뜻하지 않음
R156,R046,직접 링크 참조,https://www.itb.ec.europa.eu/docs/guides/latest/installingTheTestBedProduction/index.html,본문의 하이퍼링크. 법적 종속·준수 의무를 뜻하지 않음
R156,R047,직접 링크 참조,https://www.itb.ec.europa.eu/docs/guides/latest/installingTheTestBedProduction/index.html,본문의 하이퍼링크. 법적 종속·준수 의무를 뜻하지 않음
R156,R048,직접 링크 참조,https://www.itb.ec.europa.eu/docs/guides/latest/installingTheTestBedProduction/index.html,본문의 하이퍼링크. 법적 종속·준수 의무를 뜻하지 않음
R156,R049,직접 링크 참조,https://www.itb.ec.europa.eu/docs/guides/latest/installingTheTestBedProduction/index.html,본문의 하이퍼링크. 법적 종속·준수 의무를 뜻하지 않음
R156,R129,직접 링크 참조,https://www.itb.ec.europa.eu/docs/guides/latest/installingTheTestBedProduction/index.html,본문의 하이퍼링크. 법적 종속·준수 의무를 뜻하지 않음
R156,R248,직접 링크 참조,https://www.itb.ec.europa.eu/docs/guides/latest/installingTheTestBedProduction/index.html,본문의 하이퍼링크. 법적 종속·준수 의무를 뜻하지 않음
R156,R209,직접 링크 참조,https://www.itb.ec.europa.eu/docs/guides/latest/installingTheTestBedProduction/index.html,본문의 하이퍼링크. 법적 종속·준수 의무를 뜻하지 않음
R156,R043,직접 링크 참조,https://www.itb.ec.europa.eu/docs/guides/latest/installingTheTestBedProduction/index.html,본문의 하이퍼링크. 법적 종속·준수 의무를 뜻하지 않음
R156,R074,직접 링크 참조,https://www.itb.ec.europa.eu/docs/guides/latest/installingTheTestBedProduction/index.html,본문의 하이퍼링크. 법적 종속·준수 의무를 뜻하지 않음
R156,R127,직접 링크 참조,https://www.itb.ec.europa.eu/docs/guides/latest/installingTheTestBedProduction/index.html,본문의 하이퍼링크. 법적 종속·준수 의무를 뜻하지 않음
R156,R123,직접 링크 참조,https://www.itb.ec.europa.eu/docs/guides/latest/installingTheTestBedProduction/index.html,본문의 하이퍼링크. 법적 종속·준수 의무를 뜻하지 않음
R156,R050,직접 링크 참조,https://www.itb.ec.europa.eu/docs/guides/latest/installingTheTestBedProduction/index.html,본문의 하이퍼링크. 법적 종속·준수 의무를 뜻하지 않음
R156,R065,직접 링크 참조,https://www.itb.ec.europa.eu/docs/guides/latest/installingTheTestBedProduction/index.html,본문의 하이퍼링크. 법적 종속·준수 의무를 뜻하지 않음
R156,R137,직접 링크 참조,https://www.itb.ec.europa.eu/docs/guides/latest/installingTheTestBedProduction/index.html,본문의 하이퍼링크. 법적 종속·준수 의무를 뜻하지 않음
R156,R158,직접 링크 참조,https://www.itb.ec.europa.eu/docs/guides/latest/installingTheTestBedProduction/index.html,본문의 하이퍼링크. 법적 종속·준수 의무를 뜻하지 않음
R156,R109,직접 링크 참조,https://www.itb.ec.europa.eu/docs/guides/latest/installingTheTestBedProduction/index.html,본문의 하이퍼링크. 법적 종속·준수 의무를 뜻하지 않음
R156,R100,직접 링크 참조,https://www.itb.ec.europa.eu/docs/guides/latest/installingTheTestBedProduction/index.html,본문의 하이퍼링크. 법적 종속·준수 의무를 뜻하지 않음
R156,R175,직접 링크 참조,https://www.itb.ec.europa.eu/docs/guides/latest/installingTheTestBedProduction/index.html,본문의 하이퍼링크. 법적 종속·준수 의무를 뜻하지 않음
R156,R227,직접 링크 참조,https://www.itb.ec.europa.eu/docs/guides/latest/installingTheTestBedProduction/index.html,본문의 하이퍼링크. 법적 종속·준수 의무를 뜻하지 않음
R158,R220,직접 링크 참조,https://www.itb.ec.europa.eu/docs/services/latest/validation/index.html,본문의 하이퍼링크. 법적 종속·준수 의무를 뜻하지 않음
R158,R137,직접 링크 참조,https://www.itb.ec.europa.eu/docs/services/latest/validation/index.html,본문의 하이퍼링크. 법적 종속·준수 의무를 뜻하지 않음
R158,R109,직접 링크 참조,https://www.itb.ec.europa.eu/docs/services/latest/validation/index.html,본문의 하이퍼링크. 법적 종속·준수 의무를 뜻하지 않음
R158,R139,직접 링크 참조,https://www.itb.ec.europa.eu/docs/services/latest/validation/index.html,본문의 하이퍼링크. 법적 종속·준수 의무를 뜻하지 않음
R158,R118,직접 링크 참조,https://www.itb.ec.europa.eu/docs/services/latest/validation/index.html,본문의 하이퍼링크. 법적 종속·준수 의무를 뜻하지 않음
R158,R188,직접 링크 참조,https://www.itb.ec.europa.eu/docs/services/latest/validation/index.html,본문의 하이퍼링크. 법적 종속·준수 의무를 뜻하지 않음
R159,R068,직접 링크 참조,https://interoperable-europe.ec.europa.eu/interoperable_solutions,본문의 하이퍼링크. 법적 종속·준수 의무를 뜻하지 않음
R159,R170,직접 링크 참조,https://interoperable-europe.ec.europa.eu/interoperable_solutions,본문의 하이퍼링크. 법적 종속·준수 의무를 뜻하지 않음
R159,R240,직접 링크 참조,https://interoperable-europe.ec.europa.eu/interoperable_solutions,본문의 하이퍼링크. 법적 종속·준수 의무를 뜻하지 않음
R166,R068,직접 링크 참조,https://interoperable-europe.ec.europa.eu/collection/semic-support-centre/successful-implementation-dcat-ap-epos-foster-interoperability,본문의 하이퍼링크. 법적 종속·준수 의무를 뜻하지 않음
R044,R092,직접 링크 참조,https://www.itb.ec.europa.eu/docs/guides/latest/creatingATestCase/index.html,본문의 하이퍼링크. 법적 종속·준수 의무를 뜻하지 않음
R044,R126,직접 링크 참조,https://www.itb.ec.europa.eu/docs/guides/latest/creatingATestCase/index.html,본문의 하이퍼링크. 법적 종속·준수 의무를 뜻하지 않음
R044,R116,직접 링크 참조,https://www.itb.ec.europa.eu/docs/guides/latest/creatingATestCase/index.html,본문의 하이퍼링크. 법적 종속·준수 의무를 뜻하지 않음
R044,R181,직접 링크 참조,https://www.itb.ec.europa.eu/docs/guides/latest/creatingATestCase/index.html,본문의 하이퍼링크. 법적 종속·준수 의무를 뜻하지 않음
R044,R241,직접 링크 참조,https://www.itb.ec.europa.eu/docs/guides/latest/creatingATestCase/index.html,본문의 하이퍼링크. 법적 종속·준수 의무를 뜻하지 않음
R044,R045,직접 링크 참조,https://www.itb.ec.europa.eu/docs/guides/latest/creatingATestCase/index.html,본문의 하이퍼링크. 법적 종속·준수 의무를 뜻하지 않음
R044,R046,직접 링크 참조,https://www.itb.ec.europa.eu/docs/guides/latest/creatingATestCase/index.html,본문의 하이퍼링크. 법적 종속·준수 의무를 뜻하지 않음
R044,R047,직접 링크 참조,https://www.itb.ec.europa.eu/docs/guides/latest/creatingATestCase/index.html,본문의 하이퍼링크. 법적 종속·준수 의무를 뜻하지 않음
R044,R048,직접 링크 참조,https://www.itb.ec.europa.eu/docs/guides/latest/creatingATestCase/index.html,본문의 하이퍼링크. 법적 종속·준수 의무를 뜻하지 않음
R044,R049,직접 링크 참조,https://www.itb.ec.europa.eu/docs/guides/latest/creatingATestCase/index.html,본문의 하이퍼링크. 법적 종속·준수 의무를 뜻하지 않음
R044,R129,직접 링크 참조,https://www.itb.ec.europa.eu/docs/guides/latest/creatingATestCase/index.html,본문의 하이퍼링크. 법적 종속·준수 의무를 뜻하지 않음
R044,R156,직접 링크 참조,https://www.itb.ec.europa.eu/docs/guides/latest/creatingATestCase/index.html,본문의 하이퍼링크. 법적 종속·준수 의무를 뜻하지 않음
R044,R248,직접 링크 참조,https://www.itb.ec.europa.eu/docs/guides/latest/creatingATestCase/index.html,본문의 하이퍼링크. 법적 종속·준수 의무를 뜻하지 않음
R044,R209,직접 링크 참조,https://www.itb.ec.europa.eu/docs/guides/latest/creatingATestCase/index.html,본문의 하이퍼링크. 법적 종속·준수 의무를 뜻하지 않음
R044,R042,직접 링크 참조,https://www.itb.ec.europa.eu/docs/guides/latest/creatingATestCase/index.html,본문의 하이퍼링크. 법적 종속·준수 의무를 뜻하지 않음
R044,R043,직접 링크 참조,https://www.itb.ec.europa.eu/docs/guides/latest/creatingATestCase/index.html,본문의 하이퍼링크. 법적 종속·준수 의무를 뜻하지 않음
R044,R074,직접 링크 참조,https://www.itb.ec.europa.eu/docs/guides/latest/creatingATestCase/index.html,본문의 하이퍼링크. 법적 종속·준수 의무를 뜻하지 않음
R044,R069,직접 링크 참조,https://www.itb.ec.europa.eu/docs/guides/latest/creatingATestCase/index.html,본문의 하이퍼링크. 법적 종속·준수 의무를 뜻하지 않음
R044,R158,직접 링크 참조,https://www.itb.ec.europa.eu/docs/guides/latest/creatingATestCase/index.html,본문의 하이퍼링크. 법적 종속·준수 의무를 뜻하지 않음
R168,R023,직접 링크 참조,https://interoperable-europe.ec.europa.eu/collection/semic-support-centre/developing-semantic-data-standards-different-sources-truth,본문의 하이퍼링크. 법적 종속·준수 의무를 뜻하지 않음
R168,R084,직접 링크 참조,https://interoperable-europe.ec.europa.eu/collection/semic-support-centre/developing-semantic-data-standards-different-sources-truth,본문의 하이퍼링크. 법적 종속·준수 의무를 뜻하지 않음
R170,R002,직접 링크 참조,https://interoperable-europe.ec.europa.eu/interoperability-solutions-catalogue,본문의 하이퍼링크. 법적 종속·준수 의무를 뜻하지 않음
R170,R095,직접 링크 참조,https://interoperable-europe.ec.europa.eu/interoperability-solutions-catalogue,본문의 하이퍼링크. 법적 종속·준수 의무를 뜻하지 않음
R170,R178,직접 링크 참조,https://interoperable-europe.ec.europa.eu/interoperability-solutions-catalogue,본문의 하이퍼링크. 법적 종속·준수 의무를 뜻하지 않음
R170,R027,직접 링크 참조,https://interoperable-europe.ec.europa.eu/interoperability-solutions-catalogue,본문의 하이퍼링크. 법적 종속·준수 의무를 뜻하지 않음
R170,R028,직접 링크 참조,https://interoperable-europe.ec.europa.eu/interoperability-solutions-catalogue,본문의 하이퍼링크. 법적 종속·준수 의무를 뜻하지 않음
R170,R029,직접 링크 참조,https://interoperable-europe.ec.europa.eu/interoperability-solutions-catalogue,본문의 하이퍼링크. 법적 종속·준수 의무를 뜻하지 않음
R172,R085,직접 링크 참조,https://interoperable-europe.ec.europa.eu/collection/rolling-plan-ict-standardisation/e-procurement-pre-and-post-award-rp2025,본문의 하이퍼링크. 법적 종속·준수 의무를 뜻하지 않음
R172,R173,직접 링크 참조,https://interoperable-europe.ec.europa.eu/collection/rolling-plan-ict-standardisation/e-procurement-pre-and-post-award-rp2025,본문의 하이퍼링크. 법적 종속·준수 의무를 뜻하지 않음
R173,R236,직접 링크 참조,https://interoperable-europe.ec.europa.eu/collection/semic-support-centre,본문의 하이퍼링크. 법적 종속·준수 의무를 뜻하지 않음
R173,R016,직접 링크 참조,https://interoperable-europe.ec.europa.eu/collection/semic-support-centre,본문의 하이퍼링크. 법적 종속·준수 의무를 뜻하지 않음
R173,R032,직접 링크 참조,https://interoperable-europe.ec.europa.eu/collection/semic-support-centre,본문의 하이퍼링크. 법적 종속·준수 의무를 뜻하지 않음
R173,R166,직접 링크 참조,https://interoperable-europe.ec.europa.eu/collection/semic-support-centre,본문의 하이퍼링크. 법적 종속·준수 의무를 뜻하지 않음
R173,R101,직접 링크 참조,https://interoperable-europe.ec.europa.eu/collection/semic-support-centre,본문의 하이퍼링크. 법적 종속·준수 의무를 뜻하지 않음
R173,R115,직접 링크 참조,https://interoperable-europe.ec.europa.eu/collection/semic-support-centre,본문의 하이퍼링크. 법적 종속·준수 의무를 뜻하지 않음
R173,R147,직접 링크 참조,https://interoperable-europe.ec.europa.eu/collection/semic-support-centre,본문의 하이퍼링크. 법적 종속·준수 의무를 뜻하지 않음
R175,R108,직접 링크 참조,https://www.itb.ec.europa.eu/docs/itb-ta/latest/exportimport/index.html,본문의 하이퍼링크. 법적 종속·준수 의무를 뜻하지 않음
R175,R106,직접 링크 참조,https://www.itb.ec.europa.eu/docs/itb-ta/latest/exportimport/index.html,본문의 하이퍼링크. 법적 종속·준수 의무를 뜻하지 않음
R175,R065,직접 링크 참조,https://www.itb.ec.europa.eu/docs/itb-ta/latest/exportimport/index.html,본문의 하이퍼링크. 법적 종속·준수 의무를 뜻하지 않음
R175,R050,직접 링크 참조,https://www.itb.ec.europa.eu/docs/itb-ta/latest/exportimport/index.html,본문의 하이퍼링크. 법적 종속·준수 의무를 뜻하지 않음
R175,R227,직접 링크 참조,https://www.itb.ec.europa.eu/docs/itb-ta/latest/exportimport/index.html,본문의 하이퍼링크. 법적 종속·준수 의무를 뜻하지 않음
R175,R123,직접 링크 참조,https://www.itb.ec.europa.eu/docs/itb-ta/latest/exportimport/index.html,본문의 하이퍼링크. 법적 종속·준수 의무를 뜻하지 않음
R175,R127,직접 링크 참조,https://www.itb.ec.europa.eu/docs/itb-ta/latest/exportimport/index.html,본문의 하이퍼링크. 법적 종속·준수 의무를 뜻하지 않음
R175,R206,직접 링크 참조,https://www.itb.ec.europa.eu/docs/itb-ta/latest/exportimport/index.html,본문의 하이퍼링크. 법적 종속·준수 의무를 뜻하지 않음
R175,R082,직접 링크 참조,https://www.itb.ec.europa.eu/docs/itb-ta/latest/exportimport/index.html,본문의 하이퍼링크. 법적 종속·준수 의무를 뜻하지 않음
R041,R042,직접 링크 참조,https://interoperable-europe.ec.europa.eu/collection/interoperability-test-bed-repository/solution/interoperability-test-bed/faq,본문의 하이퍼링크. 법적 종속·준수 의무를 뜻하지 않음
R041,R045,직접 링크 참조,https://interoperable-europe.ec.europa.eu/collection/interoperability-test-bed-repository/solution/interoperability-test-bed/faq,본문의 하이퍼링크. 법적 종속·준수 의무를 뜻하지 않음
R041,R046,직접 링크 참조,https://interoperable-europe.ec.europa.eu/collection/interoperability-test-bed-repository/solution/interoperability-test-bed/faq,본문의 하이퍼링크. 법적 종속·준수 의무를 뜻하지 않음
R041,R047,직접 링크 참조,https://interoperable-europe.ec.europa.eu/collection/interoperability-test-bed-repository/solution/interoperability-test-bed/faq,본문의 하이퍼링크. 법적 종속·준수 의무를 뜻하지 않음
R041,R048,직접 링크 참조,https://interoperable-europe.ec.europa.eu/collection/interoperability-test-bed-repository/solution/interoperability-test-bed/faq,본문의 하이퍼링크. 법적 종속·준수 의무를 뜻하지 않음
R041,R049,직접 링크 참조,https://interoperable-europe.ec.europa.eu/collection/interoperability-test-bed-repository/solution/interoperability-test-bed/faq,본문의 하이퍼링크. 법적 종속·준수 의무를 뜻하지 않음
R041,R086,직접 링크 참조,https://interoperable-europe.ec.europa.eu/collection/interoperability-test-bed-repository/solution/interoperability-test-bed/faq,본문의 하이퍼링크. 법적 종속·준수 의무를 뜻하지 않음
R041,R043,직접 링크 참조,https://interoperable-europe.ec.europa.eu/collection/interoperability-test-bed-repository/solution/interoperability-test-bed/faq,본문의 하이퍼링크. 법적 종속·준수 의무를 뜻하지 않음
R041,R116,직접 링크 참조,https://interoperable-europe.ec.europa.eu/collection/interoperability-test-bed-repository/solution/interoperability-test-bed/faq,본문의 하이퍼링크. 법적 종속·준수 의무를 뜻하지 않음
R041,R126,직접 링크 참조,https://interoperable-europe.ec.europa.eu/collection/interoperability-test-bed-repository/solution/interoperability-test-bed/faq,본문의 하이퍼링크. 법적 종속·준수 의무를 뜻하지 않음
R041,R092,직접 링크 참조,https://interoperable-europe.ec.europa.eu/collection/interoperability-test-bed-repository/solution/interoperability-test-bed/faq,본문의 하이퍼링크. 법적 종속·준수 의무를 뜻하지 않음
R041,R129,직접 링크 참조,https://interoperable-europe.ec.europa.eu/collection/interoperability-test-bed-repository/solution/interoperability-test-bed/faq,본문의 하이퍼링크. 법적 종속·준수 의무를 뜻하지 않음
R041,R044,직접 링크 참조,https://interoperable-europe.ec.europa.eu/collection/interoperability-test-bed-repository/solution/interoperability-test-bed/faq,본문의 하이퍼링크. 법적 종속·준수 의무를 뜻하지 않음
R041,R181,직접 링크 참조,https://interoperable-europe.ec.europa.eu/collection/interoperability-test-bed-repository/solution/interoperability-test-bed/faq,본문의 하이퍼링크. 법적 종속·준수 의무를 뜻하지 않음
R041,R241,직접 링크 참조,https://interoperable-europe.ec.europa.eu/collection/interoperability-test-bed-repository/solution/interoperability-test-bed/faq,본문의 하이퍼링크. 법적 종속·준수 의무를 뜻하지 않음
R041,R256,직접 링크 참조,https://interoperable-europe.ec.europa.eu/collection/interoperability-test-bed-repository/solution/interoperability-test-bed/faq,본문의 하이퍼링크. 법적 종속·준수 의무를 뜻하지 않음
R041,R155,직접 링크 참조,https://interoperable-europe.ec.europa.eu/collection/interoperability-test-bed-repository/solution/interoperability-test-bed/faq,본문의 하이퍼링크. 법적 종속·준수 의무를 뜻하지 않음
R041,R247,직접 링크 참조,https://interoperable-europe.ec.europa.eu/collection/interoperability-test-bed-repository/solution/interoperability-test-bed/faq,본문의 하이퍼링크. 법적 종속·준수 의무를 뜻하지 않음
R041,R100,직접 링크 참조,https://interoperable-europe.ec.europa.eu/collection/interoperability-test-bed-repository/solution/interoperability-test-bed/faq,본문의 하이퍼링크. 법적 종속·준수 의무를 뜻하지 않음
R041,R098,직접 링크 참조,https://interoperable-europe.ec.europa.eu/collection/interoperability-test-bed-repository/solution/interoperability-test-bed/faq,본문의 하이퍼링크. 법적 종속·준수 의무를 뜻하지 않음
R041,R118,직접 링크 참조,https://interoperable-europe.ec.europa.eu/collection/interoperability-test-bed-repository/solution/interoperability-test-bed/faq,본문의 하이퍼링크. 법적 종속·준수 의무를 뜻하지 않음
R041,R108,직접 링크 참조,https://interoperable-europe.ec.europa.eu/collection/interoperability-test-bed-repository/solution/interoperability-test-bed/faq,본문의 하이퍼링크. 법적 종속·준수 의무를 뜻하지 않음
R041,R106,직접 링크 참조,https://interoperable-europe.ec.europa.eu/collection/interoperability-test-bed-repository/solution/interoperability-test-bed/faq,본문의 하이퍼링크. 법적 종속·준수 의무를 뜻하지 않음
R041,R051,직접 링크 참조,https://interoperable-europe.ec.europa.eu/collection/interoperability-test-bed-repository/solution/interoperability-test-bed/faq,본문의 하이퍼링크. 법적 종속·준수 의무를 뜻하지 않음
R041,R156,직접 링크 참조,https://interoperable-europe.ec.europa.eu/collection/interoperability-test-bed-repository/solution/interoperability-test-bed/faq,본문의 하이퍼링크. 법적 종속·준수 의무를 뜻하지 않음
R041,R050,직접 링크 참조,https://interoperable-europe.ec.europa.eu/collection/interoperability-test-bed-repository/solution/interoperability-test-bed/faq,본문의 하이퍼링크. 법적 종속·준수 의무를 뜻하지 않음
R041,R209,직접 링크 참조,https://interoperable-europe.ec.europa.eu/collection/interoperability-test-bed-repository/solution/interoperability-test-bed/faq,본문의 하이퍼링크. 법적 종속·준수 의무를 뜻하지 않음
R041,R175,직접 링크 참조,https://interoperable-europe.ec.europa.eu/collection/interoperability-test-bed-repository/solution/interoperability-test-bed/faq,본문의 하이퍼링크. 법적 종속·준수 의무를 뜻하지 않음
R041,R127,직접 링크 참조,https://interoperable-europe.ec.europa.eu/collection/interoperability-test-bed-repository/solution/interoperability-test-bed/faq,본문의 하이퍼링크. 법적 종속·준수 의무를 뜻하지 않음
R041,R082,직접 링크 참조,https://interoperable-europe.ec.europa.eu/collection/interoperability-test-bed-repository/solution/interoperability-test-bed/faq,본문의 하이퍼링크. 법적 종속·준수 의무를 뜻하지 않음
R041,R123,직접 링크 참조,https://interoperable-europe.ec.europa.eu/collection/interoperability-test-bed-repository/solution/interoperability-test-bed/faq,본문의 하이퍼링크. 법적 종속·준수 의무를 뜻하지 않음
R041,R227,직접 링크 참조,https://interoperable-europe.ec.europa.eu/collection/interoperability-test-bed-repository/solution/interoperability-test-bed/faq,본문의 하이퍼링크. 법적 종속·준수 의무를 뜻하지 않음
R041,R188,직접 링크 참조,https://interoperable-europe.ec.europa.eu/collection/interoperability-test-bed-repository/solution/interoperability-test-bed/faq,본문의 하이퍼링크. 법적 종속·준수 의무를 뜻하지 않음
R041,R206,직접 링크 참조,https://interoperable-europe.ec.europa.eu/collection/interoperability-test-bed-repository/solution/interoperability-test-bed/faq,본문의 하이퍼링크. 법적 종속·준수 의무를 뜻하지 않음
R041,R186,직접 링크 참조,https://interoperable-europe.ec.europa.eu/collection/interoperability-test-bed-repository/solution/interoperability-test-bed/faq,본문의 하이퍼링크. 법적 종속·준수 의무를 뜻하지 않음
R041,R250,직접 링크 참조,https://interoperable-europe.ec.europa.eu/collection/interoperability-test-bed-repository/solution/interoperability-test-bed/faq,본문의 하이퍼링크. 법적 종속·준수 의무를 뜻하지 않음
R041,R120,직접 링크 참조,https://interoperable-europe.ec.europa.eu/collection/interoperability-test-bed-repository/solution/interoperability-test-bed/faq,본문의 하이퍼링크. 법적 종속·준수 의무를 뜻하지 않음
R041,R065,직접 링크 참조,https://interoperable-europe.ec.europa.eu/collection/interoperability-test-bed-repository/solution/interoperability-test-bed/faq,본문의 하이퍼링크. 법적 종속·준수 의무를 뜻하지 않음
R041,R069,직접 링크 참조,https://interoperable-europe.ec.europa.eu/collection/interoperability-test-bed-repository/solution/interoperability-test-bed/faq,본문의 하이퍼링크. 법적 종속·준수 의무를 뜻하지 않음
R041,R074,직접 링크 참조,https://interoperable-europe.ec.europa.eu/collection/interoperability-test-bed-repository/solution/interoperability-test-bed/faq,본문의 하이퍼링크. 법적 종속·준수 의무를 뜻하지 않음
R041,R137,직접 링크 참조,https://interoperable-europe.ec.europa.eu/collection/interoperability-test-bed-repository/solution/interoperability-test-bed/faq,본문의 하이퍼링크. 법적 종속·준수 의무를 뜻하지 않음
R041,R220,직접 링크 참조,https://interoperable-europe.ec.europa.eu/collection/interoperability-test-bed-repository/solution/interoperability-test-bed/faq,본문의 하이퍼링크. 법적 종속·준수 의무를 뜻하지 않음
R041,R139,직접 링크 참조,https://interoperable-europe.ec.europa.eu/collection/interoperability-test-bed-repository/solution/interoperability-test-bed/faq,본문의 하이퍼링크. 법적 종속·준수 의무를 뜻하지 않음
R041,R158,직접 링크 참조,https://interoperable-europe.ec.europa.eu/collection/interoperability-test-bed-repository/solution/interoperability-test-bed/faq,본문의 하이퍼링크. 법적 종속·준수 의무를 뜻하지 않음
R041,R109,직접 링크 참조,https://interoperable-europe.ec.europa.eu/collection/interoperability-test-bed-repository/solution/interoperability-test-bed/faq,본문의 하이퍼링크. 법적 종속·준수 의무를 뜻하지 않음
R041,R248,직접 링크 참조,https://interoperable-europe.ec.europa.eu/collection/interoperability-test-bed-repository/solution/interoperability-test-bed/faq,본문의 하이퍼링크. 법적 종속·준수 의무를 뜻하지 않음
R179,R001,직접 링크 참조,https://interoperable-europe.ec.europa.eu/collection/iopeu-monitoring/policy-context,본문의 하이퍼링크. 법적 종속·준수 의무를 뜻하지 않음
R181,R092,직접 링크 참조,https://www.itb.ec.europa.eu/docs/guides/latest/sendingAndReceivingContent/index.html,본문의 하이퍼링크. 법적 종속·준수 의무를 뜻하지 않음
R181,R126,직접 링크 참조,https://www.itb.ec.europa.eu/docs/guides/latest/sendingAndReceivingContent/index.html,본문의 하이퍼링크. 법적 종속·준수 의무를 뜻하지 않음
R181,R116,직접 링크 참조,https://www.itb.ec.europa.eu/docs/guides/latest/sendingAndReceivingContent/index.html,본문의 하이퍼링크. 법적 종속·준수 의무를 뜻하지 않음
R181,R044,직접 링크 참조,https://www.itb.ec.europa.eu/docs/guides/latest/sendingAndReceivingContent/index.html,본문의 하이퍼링크. 법적 종속·준수 의무를 뜻하지 않음
R181,R241,직접 링크 참조,https://www.itb.ec.europa.eu/docs/guides/latest/sendingAndReceivingContent/index.html,본문의 하이퍼링크. 법적 종속·준수 의무를 뜻하지 않음
R181,R045,직접 링크 참조,https://www.itb.ec.europa.eu/docs/guides/latest/sendingAndReceivingContent/index.html,본문의 하이퍼링크. 법적 종속·준수 의무를 뜻하지 않음
R181,R046,직접 링크 참조,https://www.itb.ec.europa.eu/docs/guides/latest/sendingAndReceivingContent/index.html,본문의 하이퍼링크. 법적 종속·준수 의무를 뜻하지 않음
R181,R047,직접 링크 참조,https://www.itb.ec.europa.eu/docs/guides/latest/sendingAndReceivingContent/index.html,본문의 하이퍼링크. 법적 종속·준수 의무를 뜻하지 않음
R181,R048,직접 링크 참조,https://www.itb.ec.europa.eu/docs/guides/latest/sendingAndReceivingContent/index.html,본문의 하이퍼링크. 법적 종속·준수 의무를 뜻하지 않음
R181,R049,직접 링크 참조,https://www.itb.ec.europa.eu/docs/guides/latest/sendingAndReceivingContent/index.html,본문의 하이퍼링크. 법적 종속·준수 의무를 뜻하지 않음
R181,R129,직접 링크 참조,https://www.itb.ec.europa.eu/docs/guides/latest/sendingAndReceivingContent/index.html,본문의 하이퍼링크. 법적 종속·준수 의무를 뜻하지 않음
R181,R156,직접 링크 참조,https://www.itb.ec.europa.eu/docs/guides/latest/sendingAndReceivingContent/index.html,본문의 하이퍼링크. 법적 종속·준수 의무를 뜻하지 않음
R181,R248,직접 링크 참조,https://www.itb.ec.europa.eu/docs/guides/latest/sendingAndReceivingContent/index.html,본문의 하이퍼링크. 법적 종속·준수 의무를 뜻하지 않음
R181,R209,직접 링크 참조,https://www.itb.ec.europa.eu/docs/guides/latest/sendingAndReceivingContent/index.html,본문의 하이퍼링크. 법적 종속·준수 의무를 뜻하지 않음
R181,R074,직접 링크 참조,https://www.itb.ec.europa.eu/docs/guides/latest/sendingAndReceivingContent/index.html,본문의 하이퍼링크. 법적 종속·준수 의무를 뜻하지 않음
R181,R042,직접 링크 참조,https://www.itb.ec.europa.eu/docs/guides/latest/sendingAndReceivingContent/index.html,본문의 하이퍼링크. 법적 종속·준수 의무를 뜻하지 않음
R181,R188,직접 링크 참조,https://www.itb.ec.europa.eu/docs/guides/latest/sendingAndReceivingContent/index.html,본문의 하이퍼링크. 법적 종속·준수 의무를 뜻하지 않음
R181,R069,직접 링크 참조,https://www.itb.ec.europa.eu/docs/guides/latest/sendingAndReceivingContent/index.html,본문의 하이퍼링크. 법적 종속·준수 의무를 뜻하지 않음
R181,R123,직접 링크 참조,https://www.itb.ec.europa.eu/docs/guides/latest/sendingAndReceivingContent/index.html,본문의 하이퍼링크. 법적 종속·준수 의무를 뜻하지 않음
R181,R227,직접 링크 참조,https://www.itb.ec.europa.eu/docs/guides/latest/sendingAndReceivingContent/index.html,본문의 하이퍼링크. 법적 종속·준수 의무를 뜻하지 않음
R181,R082,직접 링크 참조,https://www.itb.ec.europa.eu/docs/guides/latest/sendingAndReceivingContent/index.html,본문의 하이퍼링크. 법적 종속·준수 의무를 뜻하지 않음
R056,R094,직접 링크 참조,https://interoperable-europe.ec.europa.eu/collection/rolling-plan-ict-standardisation/egovernment-rp2025,본문의 하이퍼링크. 법적 종속·준수 의무를 뜻하지 않음
R185,R173,직접 링크 참조,https://interoperable-europe.ec.europa.eu/collection/semic-conference,본문의 하이퍼링크. 법적 종속·준수 의무를 뜻하지 않음
R186,R250,직접 링크 참조,https://www.itb.ec.europa.eu/docs/tdl/latest/index.html,본문의 하이퍼링크. 법적 종속·준수 의무를 뜻하지 않음
R186,R069,직접 링크 참조,https://www.itb.ec.europa.eu/docs/tdl/latest/index.html,본문의 하이퍼링크. 법적 종속·준수 의무를 뜻하지 않음
R186,R188,직접 링크 참조,https://www.itb.ec.europa.eu/docs/tdl/latest/index.html,본문의 하이퍼링크. 법적 종속·준수 의무를 뜻하지 않음
R186,R074,직접 링크 참조,https://www.itb.ec.europa.eu/docs/tdl/latest/index.html,본문의 하이퍼링크. 법적 종속·준수 의무를 뜻하지 않음
R186,R120,직접 링크 참조,https://www.itb.ec.europa.eu/docs/tdl/latest/index.html,본문의 하이퍼링크. 법적 종속·준수 의무를 뜻하지 않음
R186,R098,직접 링크 참조,https://www.itb.ec.europa.eu/docs/tdl/latest/index.html,본문의 하이퍼링크. 법적 종속·준수 의무를 뜻하지 않음
R186,R043,직접 링크 참조,https://www.itb.ec.europa.eu/docs/tdl/latest/index.html,본문의 하이퍼링크. 법적 종속·준수 의무를 뜻하지 않음
R186,R086,직접 링크 참조,https://www.itb.ec.europa.eu/docs/tdl/latest/index.html,본문의 하이퍼링크. 법적 종속·준수 의무를 뜻하지 않음
R186,R100,직접 링크 참조,https://www.itb.ec.europa.eu/docs/tdl/latest/index.html,본문의 하이퍼링크. 법적 종속·준수 의무를 뜻하지 않음
R188,R186,직접 링크 참조,https://www.itb.ec.europa.eu/docs/tdl/latest/constructs/index.html,본문의 하이퍼링크. 법적 종속·준수 의무를 뜻하지 않음
R188,R250,직접 링크 참조,https://www.itb.ec.europa.eu/docs/tdl/latest/constructs/index.html,본문의 하이퍼링크. 법적 종속·준수 의무를 뜻하지 않음
R188,R069,직접 링크 참조,https://www.itb.ec.europa.eu/docs/tdl/latest/constructs/index.html,본문의 하이퍼링크. 법적 종속·준수 의무를 뜻하지 않음
R188,R074,직접 링크 참조,https://www.itb.ec.europa.eu/docs/tdl/latest/constructs/index.html,본문의 하이퍼링크. 법적 종속·준수 의무를 뜻하지 않음
R188,R120,직접 링크 참조,https://www.itb.ec.europa.eu/docs/tdl/latest/constructs/index.html,본문의 하이퍼링크. 법적 종속·준수 의무를 뜻하지 않음
R188,R098,직접 링크 참조,https://www.itb.ec.europa.eu/docs/tdl/latest/constructs/index.html,본문의 하이퍼링크. 법적 종속·준수 의무를 뜻하지 않음
R188,R137,직접 링크 참조,https://www.itb.ec.europa.eu/docs/tdl/latest/constructs/index.html,본문의 하이퍼링크. 법적 종속·준수 의무를 뜻하지 않음
R188,R082,직접 링크 참조,https://www.itb.ec.europa.eu/docs/tdl/latest/constructs/index.html,본문의 하이퍼링크. 법적 종속·준수 의무를 뜻하지 않음
R188,R043,직접 링크 참조,https://www.itb.ec.europa.eu/docs/tdl/latest/constructs/index.html,본문의 하이퍼링크. 법적 종속·준수 의무를 뜻하지 않음
R189,R094,직접 링크 참조,https://interoperable-europe.ec.europa.eu/interoperable-europe/faqs,본문의 하이퍼링크. 법적 종속·준수 의무를 뜻하지 않음
R192,R231,직접 링크 참조,https://interoperable-europe.ec.europa.eu/collection/rolling-plan-ict-standardisation/rolling-plan-2025,본문의 하이퍼링크. 법적 종속·준수 의무를 뜻하지 않음
R192,R190,직접 링크 참조,https://interoperable-europe.ec.europa.eu/collection/rolling-plan-ict-standardisation/rolling-plan-2025,본문의 하이퍼링크. 법적 종속·준수 의무를 뜻하지 않음
R192,R054,직접 링크 참조,https://interoperable-europe.ec.europa.eu/collection/rolling-plan-ict-standardisation/rolling-plan-2025,본문의 하이퍼링크. 법적 종속·준수 의무를 뜻하지 않음
R192,R055,직접 링크 참조,https://interoperable-europe.ec.europa.eu/collection/rolling-plan-ict-standardisation/rolling-plan-2025,본문의 하이퍼링크. 법적 종속·준수 의무를 뜻하지 않음
R192,R233,직접 링크 참조,https://interoperable-europe.ec.europa.eu/collection/rolling-plan-ict-standardisation/rolling-plan-2025,본문의 하이퍼링크. 법적 종속·준수 의무를 뜻하지 않음
R192,R169,직접 링크 참조,https://interoperable-europe.ec.europa.eu/collection/rolling-plan-ict-standardisation/rolling-plan-2025,본문의 하이퍼링크. 법적 종속·준수 의무를 뜻하지 않음
R192,R053,직접 링크 참조,https://interoperable-europe.ec.europa.eu/collection/rolling-plan-ict-standardisation/rolling-plan-2025,본문의 하이퍼링크. 법적 종속·준수 의무를 뜻하지 않음
R192,R135,직접 링크 참조,https://interoperable-europe.ec.europa.eu/collection/rolling-plan-ict-standardisation/rolling-plan-2025,본문의 하이퍼링크. 법적 종속·준수 의무를 뜻하지 않음
R192,R195,직접 링크 참조,https://interoperable-europe.ec.europa.eu/collection/rolling-plan-ict-standardisation/rolling-plan-2025,본문의 하이퍼링크. 법적 종속·준수 의무를 뜻하지 않음
R192,R204,직접 링크 참조,https://interoperable-europe.ec.europa.eu/collection/rolling-plan-ict-standardisation/rolling-plan-2025,본문의 하이퍼링크. 법적 종속·준수 의무를 뜻하지 않음
R192,R096,직접 링크 참조,https://interoperable-europe.ec.europa.eu/collection/rolling-plan-ict-standardisation/rolling-plan-2025,본문의 하이퍼링크. 법적 종속·준수 의무를 뜻하지 않음
R192,R259,직접 링크 참조,https://interoperable-europe.ec.europa.eu/collection/rolling-plan-ict-standardisation/rolling-plan-2025,본문의 하이퍼링크. 법적 종속·준수 의무를 뜻하지 않음
R192,R251,직접 링크 참조,https://interoperable-europe.ec.europa.eu/collection/rolling-plan-ict-standardisation/rolling-plan-2025,본문의 하이퍼링크. 법적 종속·준수 의무를 뜻하지 않음
R192,R223,직접 링크 참조,https://interoperable-europe.ec.europa.eu/collection/rolling-plan-ict-standardisation/rolling-plan-2025,본문의 하이퍼링크. 법적 종속·준수 의무를 뜻하지 않음
R192,R121,직접 링크 참조,https://interoperable-europe.ec.europa.eu/collection/rolling-plan-ict-standardisation/rolling-plan-2025,본문의 하이퍼링크. 법적 종속·준수 의무를 뜻하지 않음
R192,R148,직접 링크 참조,https://interoperable-europe.ec.europa.eu/collection/rolling-plan-ict-standardisation/rolling-plan-2025,본문의 하이퍼링크. 법적 종속·준수 의무를 뜻하지 않음
R192,R162,직접 링크 참조,https://interoperable-europe.ec.europa.eu/collection/rolling-plan-ict-standardisation/rolling-plan-2025,본문의 하이퍼링크. 법적 종속·준수 의무를 뜻하지 않음
R192,R056,직접 링크 참조,https://interoperable-europe.ec.europa.eu/collection/rolling-plan-ict-standardisation/rolling-plan-2025,본문의 하이퍼링크. 법적 종속·준수 의무를 뜻하지 않음
R192,R235,직접 링크 참조,https://interoperable-europe.ec.europa.eu/collection/rolling-plan-ict-standardisation/rolling-plan-2025,본문의 하이퍼링크. 법적 종속·준수 의무를 뜻하지 않음
R192,R207,직접 링크 참조,https://interoperable-europe.ec.europa.eu/collection/rolling-plan-ict-standardisation/rolling-plan-2025,본문의 하이퍼링크. 법적 종속·준수 의무를 뜻하지 않음
R192,R242,직접 링크 참조,https://interoperable-europe.ec.europa.eu/collection/rolling-plan-ict-standardisation/rolling-plan-2025,본문의 하이퍼링크. 법적 종속·준수 의무를 뜻하지 않음
R192,R172,직접 링크 참조,https://interoperable-europe.ec.europa.eu/collection/rolling-plan-ict-standardisation/rolling-plan-2025,본문의 하이퍼링크. 법적 종속·준수 의무를 뜻하지 않음
R192,R194,직접 링크 참조,https://interoperable-europe.ec.europa.eu/collection/rolling-plan-ict-standardisation/rolling-plan-2025,본문의 하이퍼링크. 법적 종속·준수 의무를 뜻하지 않음
R192,R230,직접 링크 참조,https://interoperable-europe.ec.europa.eu/collection/rolling-plan-ict-standardisation/rolling-plan-2025,본문의 하이퍼링크. 법적 종속·준수 의무를 뜻하지 않음
R192,R076,직접 링크 참조,https://interoperable-europe.ec.europa.eu/collection/rolling-plan-ict-standardisation/rolling-plan-2025,본문의 하이퍼링크. 법적 종속·준수 의무를 뜻하지 않음
R192,R110,직접 링크 참조,https://interoperable-europe.ec.europa.eu/collection/rolling-plan-ict-standardisation/rolling-plan-2025,본문의 하이퍼링크. 법적 종속·준수 의무를 뜻하지 않음
R192,R213,직접 링크 참조,https://interoperable-europe.ec.europa.eu/collection/rolling-plan-ict-standardisation/rolling-plan-2025,본문의 하이퍼링크. 법적 종속·준수 의무를 뜻하지 않음
R192,R122,직접 링크 참조,https://interoperable-europe.ec.europa.eu/collection/rolling-plan-ict-standardisation/rolling-plan-2025,본문의 하이퍼링크. 법적 종속·준수 의무를 뜻하지 않음
R192,R254,직접 링크 참조,https://interoperable-europe.ec.europa.eu/collection/rolling-plan-ict-standardisation/rolling-plan-2025,본문의 하이퍼링크. 법적 종속·준수 의무를 뜻하지 않음
R192,R229,직접 링크 참조,https://interoperable-europe.ec.europa.eu/collection/rolling-plan-ict-standardisation/rolling-plan-2025,본문의 하이퍼링크. 법적 종속·준수 의무를 뜻하지 않음
R192,R201,직접 링크 참조,https://interoperable-europe.ec.europa.eu/collection/rolling-plan-ict-standardisation/rolling-plan-2025,본문의 하이퍼링크. 법적 종속·준수 의무를 뜻하지 않음
R192,R134,직접 링크 참조,https://interoperable-europe.ec.europa.eu/collection/rolling-plan-ict-standardisation/rolling-plan-2025,본문의 하이퍼링크. 법적 종속·준수 의무를 뜻하지 않음
R192,R176,직접 링크 참조,https://interoperable-europe.ec.europa.eu/collection/rolling-plan-ict-standardisation/rolling-plan-2025,본문의 하이퍼링크. 법적 종속·준수 의무를 뜻하지 않음
R192,R089,직접 링크 참조,https://interoperable-europe.ec.europa.eu/collection/rolling-plan-ict-standardisation/rolling-plan-2025,본문의 하이퍼링크. 법적 종속·준수 의무를 뜻하지 않음
R192,R225,직접 링크 참조,https://interoperable-europe.ec.europa.eu/collection/rolling-plan-ict-standardisation/rolling-plan-2025,본문의 하이퍼링크. 법적 종속·준수 의무를 뜻하지 않음
R192,R182,직접 링크 참조,https://interoperable-europe.ec.europa.eu/collection/rolling-plan-ict-standardisation/rolling-plan-2025,본문의 하이퍼링크. 법적 종속·준수 의무를 뜻하지 않음
R192,R244,직접 링크 참조,https://interoperable-europe.ec.europa.eu/collection/rolling-plan-ict-standardisation/rolling-plan-2025,본문의 하이퍼링크. 법적 종속·준수 의무를 뜻하지 않음
R192,R117,직접 링크 참조,https://interoperable-europe.ec.europa.eu/collection/rolling-plan-ict-standardisation/rolling-plan-2025,본문의 하이퍼링크. 법적 종속·준수 의무를 뜻하지 않음
R192,R238,직접 링크 참조,https://interoperable-europe.ec.europa.eu/collection/rolling-plan-ict-standardisation/rolling-plan-2025,본문의 하이퍼링크. 법적 종속·준수 의무를 뜻하지 않음
R045,R092,직접 링크 참조,https://www.itb.ec.europa.eu/docs/guides/latest/validatingXML/index.html,본문의 하이퍼링크. 법적 종속·준수 의무를 뜻하지 않음
R045,R126,직접 링크 참조,https://www.itb.ec.europa.eu/docs/guides/latest/validatingXML/index.html,본문의 하이퍼링크. 법적 종속·준수 의무를 뜻하지 않음
R045,R116,직접 링크 참조,https://www.itb.ec.europa.eu/docs/guides/latest/validatingXML/index.html,본문의 하이퍼링크. 법적 종속·준수 의무를 뜻하지 않음
R045,R044,직접 링크 참조,https://www.itb.ec.europa.eu/docs/guides/latest/validatingXML/index.html,본문의 하이퍼링크. 법적 종속·준수 의무를 뜻하지 않음
R045,R181,직접 링크 참조,https://www.itb.ec.europa.eu/docs/guides/latest/validatingXML/index.html,본문의 하이퍼링크. 법적 종속·준수 의무를 뜻하지 않음
R045,R241,직접 링크 참조,https://www.itb.ec.europa.eu/docs/guides/latest/validatingXML/index.html,본문의 하이퍼링크. 법적 종속·준수 의무를 뜻하지 않음
R045,R046,직접 링크 참조,https://www.itb.ec.europa.eu/docs/guides/latest/validatingXML/index.html,본문의 하이퍼링크. 법적 종속·준수 의무를 뜻하지 않음
R045,R047,직접 링크 참조,https://www.itb.ec.europa.eu/docs/guides/latest/validatingXML/index.html,본문의 하이퍼링크. 법적 종속·준수 의무를 뜻하지 않음
R045,R048,직접 링크 참조,https://www.itb.ec.europa.eu/docs/guides/latest/validatingXML/index.html,본문의 하이퍼링크. 법적 종속·준수 의무를 뜻하지 않음
R045,R049,직접 링크 참조,https://www.itb.ec.europa.eu/docs/guides/latest/validatingXML/index.html,본문의 하이퍼링크. 법적 종속·준수 의무를 뜻하지 않음
R045,R129,직접 링크 참조,https://www.itb.ec.europa.eu/docs/guides/latest/validatingXML/index.html,본문의 하이퍼링크. 법적 종속·준수 의무를 뜻하지 않음
R045,R156,직접 링크 참조,https://www.itb.ec.europa.eu/docs/guides/latest/validatingXML/index.html,본문의 하이퍼링크. 법적 종속·준수 의무를 뜻하지 않음
R045,R248,직접 링크 참조,https://www.itb.ec.europa.eu/docs/guides/latest/validatingXML/index.html,본문의 하이퍼링크. 법적 종속·준수 의무를 뜻하지 않음
R045,R209,직접 링크 참조,https://www.itb.ec.europa.eu/docs/guides/latest/validatingXML/index.html,본문의 하이퍼링크. 법적 종속·준수 의무를 뜻하지 않음
R045,R042,직접 링크 참조,https://www.itb.ec.europa.eu/docs/guides/latest/validatingXML/index.html,본문의 하이퍼링크. 법적 종속·준수 의무를 뜻하지 않음
R045,R188,직접 링크 참조,https://www.itb.ec.europa.eu/docs/guides/latest/validatingXML/index.html,본문의 하이퍼링크. 법적 종속·준수 의무를 뜻하지 않음
R045,R069,직접 링크 참조,https://www.itb.ec.europa.eu/docs/guides/latest/validatingXML/index.html,본문의 하이퍼링크. 법적 종속·준수 의무를 뜻하지 않음
R045,R074,직접 링크 참조,https://www.itb.ec.europa.eu/docs/guides/latest/validatingXML/index.html,본문의 하이퍼링크. 법적 종속·준수 의무를 뜻하지 않음
R196,R094,직접 링크 참조,https://interoperable-europe.ec.europa.eu/collection/portal-support,본문의 하이퍼링크. 법적 종속·준수 의무를 뜻하지 않음
R196,R159,직접 링크 참조,https://interoperable-europe.ec.europa.eu/collection/portal-support,본문의 하이퍼링크. 법적 종속·준수 의무를 뜻하지 않음
R196,R240,직접 링크 참조,https://interoperable-europe.ec.europa.eu/collection/portal-support,본문의 하이퍼링크. 법적 종속·준수 의무를 뜻하지 않음
R196,R104,직접 링크 참조,https://interoperable-europe.ec.europa.eu/collection/portal-support,본문의 하이퍼링크. 법적 종속·준수 의무를 뜻하지 않음
R196,R105,직접 링크 참조,https://interoperable-europe.ec.europa.eu/collection/portal-support,본문의 하이퍼링크. 법적 종속·준수 의무를 뜻하지 않음
R196,R228,직접 링크 참조,https://interoperable-europe.ec.europa.eu/collection/portal-support,본문의 하이퍼링크. 법적 종속·준수 의무를 뜻하지 않음
R196,R236,직접 링크 참조,https://interoperable-europe.ec.europa.eu/collection/portal-support,본문의 하이퍼링크. 법적 종속·준수 의무를 뜻하지 않음
R196,R068,직접 링크 참조,https://interoperable-europe.ec.europa.eu/collection/portal-support,본문의 하이퍼링크. 법적 종속·준수 의무를 뜻하지 않음
R196,R007,직접 링크 참조,https://interoperable-europe.ec.europa.eu/collection/portal-support,본문의 하이퍼링크. 법적 종속·준수 의무를 뜻하지 않음
R196,R093,직접 링크 참조,https://interoperable-europe.ec.europa.eu/collection/portal-support,본문의 하이퍼링크. 법적 종속·준수 의무를 뜻하지 않음
R196,R245,직접 링크 참조,https://interoperable-europe.ec.europa.eu/collection/portal-support,본문의 하이퍼링크. 법적 종속·준수 의무를 뜻하지 않음
R196,R226,직접 링크 참조,https://interoperable-europe.ec.europa.eu/collection/portal-support,본문의 하이퍼링크. 법적 종속·준수 의무를 뜻하지 않음
R196,R077,직접 링크 참조,https://interoperable-europe.ec.europa.eu/collection/portal-support,본문의 하이퍼링크. 법적 종속·준수 의무를 뜻하지 않음
R196,R072,직접 링크 참조,https://interoperable-europe.ec.europa.eu/collection/portal-support,본문의 하이퍼링크. 법적 종속·준수 의무를 뜻하지 않음
R196,R132,직접 링크 참조,https://interoperable-europe.ec.europa.eu/collection/portal-support,본문의 하이퍼링크. 법적 종속·준수 의무를 뜻하지 않음
R196,R202,직접 링크 참조,https://interoperable-europe.ec.europa.eu/collection/portal-support,본문의 하이퍼링크. 법적 종속·준수 의무를 뜻하지 않음
R042,R250,직접 링크 참조,https://www.itb.ec.europa.eu/docs/tdl/latest/,본문의 하이퍼링크. 법적 종속·준수 의무를 뜻하지 않음
R042,R069,직접 링크 참조,https://www.itb.ec.europa.eu/docs/tdl/latest/,본문의 하이퍼링크. 법적 종속·준수 의무를 뜻하지 않음
R042,R188,직접 링크 참조,https://www.itb.ec.europa.eu/docs/tdl/latest/,본문의 하이퍼링크. 법적 종속·준수 의무를 뜻하지 않음
R042,R074,직접 링크 참조,https://www.itb.ec.europa.eu/docs/tdl/latest/,본문의 하이퍼링크. 법적 종속·준수 의무를 뜻하지 않음
R042,R120,직접 링크 참조,https://www.itb.ec.europa.eu/docs/tdl/latest/,본문의 하이퍼링크. 법적 종속·준수 의무를 뜻하지 않음
R042,R098,직접 링크 참조,https://www.itb.ec.europa.eu/docs/tdl/latest/,본문의 하이퍼링크. 법적 종속·준수 의무를 뜻하지 않음
R042,R043,직접 링크 참조,https://www.itb.ec.europa.eu/docs/tdl/latest/,본문의 하이퍼링크. 법적 종속·준수 의무를 뜻하지 않음
R042,R086,직접 링크 참조,https://www.itb.ec.europa.eu/docs/tdl/latest/,본문의 하이퍼링크. 법적 종속·준수 의무를 뜻하지 않음
R042,R100,직접 링크 참조,https://www.itb.ec.europa.eu/docs/tdl/latest/,본문의 하이퍼링크. 법적 종속·준수 의무를 뜻하지 않음
R202,R007,직접 링크 참조,https://interoperable-europe.ec.europa.eu/collection/assessments,본문의 하이퍼링크. 법적 종속·준수 의무를 뜻하지 않음
R202,R012,직접 링크 참조,https://interoperable-europe.ec.europa.eu/collection/assessments,본문의 하이퍼링크. 법적 종속·준수 의무를 뜻하지 않음
R202,R013,직접 링크 참조,https://interoperable-europe.ec.europa.eu/collection/assessments,본문의 하이퍼링크. 법적 종속·준수 의무를 뜻하지 않음
R202,R078,직접 링크 참조,https://interoperable-europe.ec.europa.eu/collection/assessments,본문의 하이퍼링크. 법적 종속·준수 의무를 뜻하지 않음
R202,R011,직접 링크 참조,https://interoperable-europe.ec.europa.eu/collection/assessments,본문의 하이퍼링크. 법적 종속·준수 의무를 뜻하지 않음
R202,R006,직접 링크 참조,https://interoperable-europe.ec.europa.eu/collection/assessments,본문의 하이퍼링크. 법적 종속·준수 의무를 뜻하지 않음
R205,R002,직접 링크 참조,https://interoperable-europe.ec.europa.eu/interoperable-europe-support-centre,본문의 하이퍼링크. 법적 종속·준수 의무를 뜻하지 않음
R205,R001,직접 링크 참조,https://interoperable-europe.ec.europa.eu/interoperable-europe-support-centre,본문의 하이퍼링크. 법적 종속·준수 의무를 뜻하지 않음
R205,R146,직접 링크 참조,https://interoperable-europe.ec.europa.eu/interoperable-europe-support-centre,본문의 하이퍼링크. 법적 종속·준수 의무를 뜻하지 않음
R205,R006,직접 링크 참조,https://interoperable-europe.ec.europa.eu/interoperable-europe-support-centre,본문의 하이퍼링크. 법적 종속·준수 의무를 뜻하지 않음
R205,R005,직접 링크 참조,https://interoperable-europe.ec.europa.eu/interoperable-europe-support-centre,본문의 하이퍼링크. 법적 종속·준수 의무를 뜻하지 않음
R205,R202,직접 링크 참조,https://interoperable-europe.ec.europa.eu/interoperable-europe-support-centre,본문의 하이퍼링크. 법적 종속·준수 의무를 뜻하지 않음
R205,R072,직접 링크 참조,https://interoperable-europe.ec.europa.eu/interoperable-europe-support-centre,본문의 하이퍼링크. 법적 종속·준수 의무를 뜻하지 않음
R205,R170,직접 링크 참조,https://interoperable-europe.ec.europa.eu/interoperable-europe-support-centre,본문의 하이퍼링크. 법적 종속·준수 의무를 뜻하지 않음
R205,R068,직접 링크 참조,https://interoperable-europe.ec.europa.eu/interoperable-europe-support-centre,본문의 하이퍼링크. 법적 종속·준수 의무를 뜻하지 않음
R205,R240,직접 링크 참조,https://interoperable-europe.ec.europa.eu/interoperable-europe-support-centre,본문의 하이퍼링크. 법적 종속·준수 의무를 뜻하지 않음
R205,R114,직접 링크 참조,https://interoperable-europe.ec.europa.eu/interoperable-europe-support-centre,본문의 하이퍼링크. 법적 종속·준수 의무를 뜻하지 않음
R205,R232,직접 링크 참조,https://interoperable-europe.ec.europa.eu/interoperable-europe-support-centre,본문의 하이퍼링크. 법적 종속·준수 의무를 뜻하지 않음
R205,R061,직접 링크 참조,https://interoperable-europe.ec.europa.eu/interoperable-europe-support-centre,본문의 하이퍼링크. 법적 종속·준수 의무를 뜻하지 않음
R205,R095,직접 링크 참조,https://interoperable-europe.ec.europa.eu/interoperable-europe-support-centre,본문의 하이퍼링크. 법적 종속·준수 의무를 뜻하지 않음
R205,R173,직접 링크 참조,https://interoperable-europe.ec.europa.eu/interoperable-europe-support-centre,본문의 하이퍼링크. 법적 종속·준수 의무를 뜻하지 않음
R205,R016,직접 링크 참조,https://interoperable-europe.ec.europa.eu/interoperable-europe-support-centre,본문의 하이퍼링크. 법적 종속·준수 의무를 뜻하지 않음
R205,R226,직접 링크 참조,https://interoperable-europe.ec.europa.eu/interoperable-europe-support-centre,본문의 하이퍼링크. 법적 종속·준수 의무를 뜻하지 않음
R205,R245,직접 링크 참조,https://interoperable-europe.ec.europa.eu/interoperable-europe-support-centre,본문의 하이퍼링크. 법적 종속·준수 의무를 뜻하지 않음
R205,R105,직접 링크 참조,https://interoperable-europe.ec.europa.eu/interoperable-europe-support-centre,본문의 하이퍼링크. 법적 종속·준수 의무를 뜻하지 않음
R205,R107,직접 링크 참조,https://interoperable-europe.ec.europa.eu/interoperable-europe-support-centre,본문의 하이퍼링크. 법적 종속·준수 의무를 뜻하지 않음
R205,R196,직접 링크 참조,https://interoperable-europe.ec.europa.eu/interoperable-europe-support-centre,본문의 하이퍼링크. 법적 종속·준수 의무를 뜻하지 않음
R206,R108,직접 링크 참조,https://www.itb.ec.europa.eu/docs/itb-ta/latest/serviceHealth/index.html,본문의 하이퍼링크. 법적 종속·준수 의무를 뜻하지 않음
R206,R106,직접 링크 참조,https://www.itb.ec.europa.eu/docs/itb-ta/latest/serviceHealth/index.html,본문의 하이퍼링크. 법적 종속·준수 의무를 뜻하지 않음
R206,R065,직접 링크 참조,https://www.itb.ec.europa.eu/docs/itb-ta/latest/serviceHealth/index.html,본문의 하이퍼링크. 법적 종속·준수 의무를 뜻하지 않음
R206,R050,직접 링크 참조,https://www.itb.ec.europa.eu/docs/itb-ta/latest/serviceHealth/index.html,본문의 하이퍼링크. 법적 종속·준수 의무를 뜻하지 않음
R206,R227,직접 링크 참조,https://www.itb.ec.europa.eu/docs/itb-ta/latest/serviceHealth/index.html,본문의 하이퍼링크. 법적 종속·준수 의무를 뜻하지 않음
R206,R123,직접 링크 참조,https://www.itb.ec.europa.eu/docs/itb-ta/latest/serviceHealth/index.html,본문의 하이퍼링크. 법적 종속·준수 의무를 뜻하지 않음
R206,R175,직접 링크 참조,https://www.itb.ec.europa.eu/docs/itb-ta/latest/serviceHealth/index.html,본문의 하이퍼링크. 법적 종속·준수 의무를 뜻하지 않음
R206,R127,직접 링크 참조,https://www.itb.ec.europa.eu/docs/itb-ta/latest/serviceHealth/index.html,본문의 하이퍼링크. 법적 종속·준수 의무를 뜻하지 않음
R206,R082,직접 링크 참조,https://www.itb.ec.europa.eu/docs/itb-ta/latest/serviceHealth/index.html,본문의 하이퍼링크. 법적 종속·준수 의무를 뜻하지 않음
R206,R051,직접 링크 참조,https://www.itb.ec.europa.eu/docs/itb-ta/latest/serviceHealth/index.html,본문의 하이퍼링크. 법적 종속·준수 의무를 뜻하지 않음
R206,R156,직접 링크 참조,https://www.itb.ec.europa.eu/docs/itb-ta/latest/serviceHealth/index.html,본문의 하이퍼링크. 법적 종속·준수 의무를 뜻하지 않음
R208,R007,직접 링크 참조,https://interoperable-europe.ec.europa.eu/collection/assessments/welcome,본문의 하이퍼링크. 법적 종속·준수 의무를 뜻하지 않음
R208,R012,직접 링크 참조,https://interoperable-europe.ec.europa.eu/collection/assessments/welcome,본문의 하이퍼링크. 법적 종속·준수 의무를 뜻하지 않음
R208,R013,직접 링크 참조,https://interoperable-europe.ec.europa.eu/collection/assessments/welcome,본문의 하이퍼링크. 법적 종속·준수 의무를 뜻하지 않음
R208,R078,직접 링크 참조,https://interoperable-europe.ec.europa.eu/collection/assessments/welcome,본문의 하이퍼링크. 법적 종속·준수 의무를 뜻하지 않음
R208,R011,직접 링크 참조,https://interoperable-europe.ec.europa.eu/collection/assessments/welcome,본문의 하이퍼링크. 법적 종속·준수 의무를 뜻하지 않음
R208,R006,직접 링크 참조,https://interoperable-europe.ec.europa.eu/collection/assessments/welcome,본문의 하이퍼링크. 법적 종속·준수 의무를 뜻하지 않음
R209,R092,직접 링크 참조,https://www.itb.ec.europa.eu/docs/guides/latest/definingASandbox/index.html,본문의 하이퍼링크. 법적 종속·준수 의무를 뜻하지 않음
R209,R126,직접 링크 참조,https://www.itb.ec.europa.eu/docs/guides/latest/definingASandbox/index.html,본문의 하이퍼링크. 법적 종속·준수 의무를 뜻하지 않음
R209,R116,직접 링크 참조,https://www.itb.ec.europa.eu/docs/guides/latest/definingASandbox/index.html,본문의 하이퍼링크. 법적 종속·준수 의무를 뜻하지 않음
R209,R044,직접 링크 참조,https://www.itb.ec.europa.eu/docs/guides/latest/definingASandbox/index.html,본문의 하이퍼링크. 법적 종속·준수 의무를 뜻하지 않음
R209,R181,직접 링크 참조,https://www.itb.ec.europa.eu/docs/guides/latest/definingASandbox/index.html,본문의 하이퍼링크. 법적 종속·준수 의무를 뜻하지 않음
R209,R241,직접 링크 참조,https://www.itb.ec.europa.eu/docs/guides/latest/definingASandbox/index.html,본문의 하이퍼링크. 법적 종속·준수 의무를 뜻하지 않음
R209,R045,직접 링크 참조,https://www.itb.ec.europa.eu/docs/guides/latest/definingASandbox/index.html,본문의 하이퍼링크. 법적 종속·준수 의무를 뜻하지 않음
R209,R046,직접 링크 참조,https://www.itb.ec.europa.eu/docs/guides/latest/definingASandbox/index.html,본문의 하이퍼링크. 법적 종속·준수 의무를 뜻하지 않음
R209,R047,직접 링크 참조,https://www.itb.ec.europa.eu/docs/guides/latest/definingASandbox/index.html,본문의 하이퍼링크. 법적 종속·준수 의무를 뜻하지 않음
R209,R048,직접 링크 참조,https://www.itb.ec.europa.eu/docs/guides/latest/definingASandbox/index.html,본문의 하이퍼링크. 법적 종속·준수 의무를 뜻하지 않음
R209,R049,직접 링크 참조,https://www.itb.ec.europa.eu/docs/guides/latest/definingASandbox/index.html,본문의 하이퍼링크. 법적 종속·준수 의무를 뜻하지 않음
R209,R129,직접 링크 참조,https://www.itb.ec.europa.eu/docs/guides/latest/definingASandbox/index.html,본문의 하이퍼링크. 법적 종속·준수 의무를 뜻하지 않음
R209,R156,직접 링크 참조,https://www.itb.ec.europa.eu/docs/guides/latest/definingASandbox/index.html,본문의 하이퍼링크. 법적 종속·준수 의무를 뜻하지 않음
R209,R248,직접 링크 참조,https://www.itb.ec.europa.eu/docs/guides/latest/definingASandbox/index.html,본문의 하이퍼링크. 법적 종속·준수 의무를 뜻하지 않음
R209,R106,직접 링크 참조,https://www.itb.ec.europa.eu/docs/guides/latest/definingASandbox/index.html,본문의 하이퍼링크. 법적 종속·준수 의무를 뜻하지 않음
R209,R108,직접 링크 참조,https://www.itb.ec.europa.eu/docs/guides/latest/definingASandbox/index.html,본문의 하이퍼링크. 법적 종속·준수 의무를 뜻하지 않음
R209,R227,직접 링크 참조,https://www.itb.ec.europa.eu/docs/guides/latest/definingASandbox/index.html,본문의 하이퍼링크. 법적 종속·준수 의무를 뜻하지 않음
R209,R065,직접 링크 참조,https://www.itb.ec.europa.eu/docs/guides/latest/definingASandbox/index.html,본문의 하이퍼링크. 법적 종속·준수 의무를 뜻하지 않음
R209,R175,직접 링크 참조,https://www.itb.ec.europa.eu/docs/guides/latest/definingASandbox/index.html,본문의 하이퍼링크. 법적 종속·준수 의무를 뜻하지 않음
R209,R188,직접 링크 참조,https://www.itb.ec.europa.eu/docs/guides/latest/definingASandbox/index.html,본문의 하이퍼링크. 법적 종속·준수 의무를 뜻하지 않음
R209,R069,직접 링크 참조,https://www.itb.ec.europa.eu/docs/guides/latest/definingASandbox/index.html,본문의 하이퍼링크. 법적 종속·준수 의무를 뜻하지 않음
R209,R042,직접 링크 참조,https://www.itb.ec.europa.eu/docs/guides/latest/definingASandbox/index.html,본문의 하이퍼링크. 법적 종속·준수 의무를 뜻하지 않음
R209,R043,직접 링크 참조,https://www.itb.ec.europa.eu/docs/guides/latest/definingASandbox/index.html,본문의 하이퍼링크. 법적 종속·준수 의무를 뜻하지 않음
R211,R102,직접 링크 참조,https://interoperable-europe.ec.europa.eu/collection/governance-board/welcome,본문의 하이퍼링크. 법적 종속·준수 의무를 뜻하지 않음
R211,R004,직접 링크 참조,https://interoperable-europe.ec.europa.eu/collection/governance-board/welcome,본문의 하이퍼링크. 법적 종속·준수 의무를 뜻하지 않음
R212,R058,직접 링크 참조,https://interoperable-europe.ec.europa.eu/collection/iopeu-monitoring/overview,본문의 하이퍼링크. 법적 종속·준수 의무를 뜻하지 않음
R212,R003,직접 링크 참조,https://interoperable-europe.ec.europa.eu/collection/iopeu-monitoring/overview,본문의 하이퍼링크. 법적 종속·준수 의무를 뜻하지 않음
R212,R001,직접 링크 참조,https://interoperable-europe.ec.europa.eu/collection/iopeu-monitoring/overview,본문의 하이퍼링크. 법적 종속·준수 의무를 뜻하지 않음
R215,R142,직접 링크 참조,https://interoperable-europe.ec.europa.eu/collection/rolling-plan-ict-standardisation/rolling-plan-2024,본문의 하이퍼링크. 법적 종속·준수 의무를 뜻하지 않음
R215,R260,직접 링크 참조,https://interoperable-europe.ec.europa.eu/collection/rolling-plan-ict-standardisation/rolling-plan-2024,본문의 하이퍼링크. 법적 종속·준수 의무를 뜻하지 않음
R215,R136,직접 링크 참조,https://interoperable-europe.ec.europa.eu/collection/rolling-plan-ict-standardisation/rolling-plan-2024,본문의 하이퍼링크. 법적 종속·준수 의무를 뜻하지 않음
R215,R210,직접 링크 참조,https://interoperable-europe.ec.europa.eu/collection/rolling-plan-ict-standardisation/rolling-plan-2024,본문의 하이퍼링크. 법적 종속·준수 의무를 뜻하지 않음
R215,R066,직접 링크 참조,https://interoperable-europe.ec.europa.eu/collection/rolling-plan-ict-standardisation/rolling-plan-2024,본문의 하이퍼링크. 법적 종속·준수 의무를 뜻하지 않음
R215,R097,직접 링크 참조,https://interoperable-europe.ec.europa.eu/collection/rolling-plan-ict-standardisation/rolling-plan-2024,본문의 하이퍼링크. 법적 종속·준수 의무를 뜻하지 않음
R215,R088,직접 링크 참조,https://interoperable-europe.ec.europa.eu/collection/rolling-plan-ict-standardisation/rolling-plan-2024,본문의 하이퍼링크. 법적 종속·준수 의무를 뜻하지 않음
R215,R193,직접 링크 참조,https://interoperable-europe.ec.europa.eu/collection/rolling-plan-ict-standardisation/rolling-plan-2024,본문의 하이퍼링크. 법적 종속·준수 의무를 뜻하지 않음
R215,R163,직접 링크 참조,https://interoperable-europe.ec.europa.eu/collection/rolling-plan-ict-standardisation/rolling-plan-2024,본문의 하이퍼링크. 법적 종속·준수 의무를 뜻하지 않음
R215,R081,직접 링크 참조,https://interoperable-europe.ec.europa.eu/collection/rolling-plan-ict-standardisation/rolling-plan-2024,본문의 하이퍼링크. 법적 종속·준수 의무를 뜻하지 않음
R215,R252,직접 링크 참조,https://interoperable-europe.ec.europa.eu/collection/rolling-plan-ict-standardisation/rolling-plan-2024,본문의 하이퍼링크. 법적 종속·준수 의무를 뜻하지 않음
R215,R243,직접 링크 참조,https://interoperable-europe.ec.europa.eu/collection/rolling-plan-ict-standardisation/rolling-plan-2024,본문의 하이퍼링크. 법적 종속·준수 의무를 뜻하지 않음
R215,R128,직접 링크 참조,https://interoperable-europe.ec.europa.eu/collection/rolling-plan-ict-standardisation/rolling-plan-2024,본문의 하이퍼링크. 법적 종속·준수 의무를 뜻하지 않음
R215,R218,직접 링크 참조,https://interoperable-europe.ec.europa.eu/collection/rolling-plan-ict-standardisation/rolling-plan-2024,본문의 하이퍼링크. 법적 종속·준수 의무를 뜻하지 않음
R215,R153,직접 링크 참조,https://interoperable-europe.ec.europa.eu/collection/rolling-plan-ict-standardisation/rolling-plan-2024,본문의 하이퍼링크. 법적 종속·준수 의무를 뜻하지 않음
R215,R239,직접 링크 참조,https://interoperable-europe.ec.europa.eu/collection/rolling-plan-ict-standardisation/rolling-plan-2024,본문의 하이퍼링크. 법적 종속·준수 의무를 뜻하지 않음
R215,R083,직접 링크 참조,https://interoperable-europe.ec.europa.eu/collection/rolling-plan-ict-standardisation/rolling-plan-2024,본문의 하이퍼링크. 법적 종속·준수 의무를 뜻하지 않음
R215,R221,직접 링크 참조,https://interoperable-europe.ec.europa.eu/collection/rolling-plan-ict-standardisation/rolling-plan-2024,본문의 하이퍼링크. 법적 종속·준수 의무를 뜻하지 않음
R215,R103,직접 링크 참조,https://interoperable-europe.ec.europa.eu/collection/rolling-plan-ict-standardisation/rolling-plan-2024,본문의 하이퍼링크. 법적 종속·준수 의무를 뜻하지 않음
R215,R099,직접 링크 참조,https://interoperable-europe.ec.europa.eu/collection/rolling-plan-ict-standardisation/rolling-plan-2024,본문의 하이퍼링크. 법적 종속·준수 의무를 뜻하지 않음
R215,R064,직접 링크 참조,https://interoperable-europe.ec.europa.eu/collection/rolling-plan-ict-standardisation/rolling-plan-2024,본문의 하이퍼링크. 법적 종속·준수 의무를 뜻하지 않음
R215,R138,직접 링크 참조,https://interoperable-europe.ec.europa.eu/collection/rolling-plan-ict-standardisation/rolling-plan-2024,본문의 하이퍼링크. 법적 종속·준수 의무를 뜻하지 않음
R215,R198,직접 링크 참조,https://interoperable-europe.ec.europa.eu/collection/rolling-plan-ict-standardisation/rolling-plan-2024,본문의 하이퍼링크. 법적 종속·준수 의무를 뜻하지 않음
R215,R197,직접 링크 참조,https://interoperable-europe.ec.europa.eu/collection/rolling-plan-ict-standardisation/rolling-plan-2024,본문의 하이퍼링크. 법적 종속·준수 의무를 뜻하지 않음
R215,R219,직접 링크 참조,https://interoperable-europe.ec.europa.eu/collection/rolling-plan-ict-standardisation/rolling-plan-2024,본문의 하이퍼링크. 법적 종속·준수 의무를 뜻하지 않음
R220,R158,직접 링크 참조,https://www.itb.ec.europa.eu/docs/services/latest/index.html,본문의 하이퍼링크. 법적 종속·준수 의무를 뜻하지 않음
R220,R137,직접 링크 참조,https://www.itb.ec.europa.eu/docs/services/latest/index.html,본문의 하이퍼링크. 법적 종속·준수 의무를 뜻하지 않음
R220,R109,직접 링크 참조,https://www.itb.ec.europa.eu/docs/services/latest/index.html,본문의 하이퍼링크. 법적 종속·준수 의무를 뜻하지 않음
R220,R139,직접 링크 참조,https://www.itb.ec.europa.eu/docs/services/latest/index.html,본문의 하이퍼링크. 법적 종속·준수 의무를 뜻하지 않음
R220,R118,직접 링크 참조,https://www.itb.ec.europa.eu/docs/services/latest/index.html,본문의 하이퍼링크. 법적 종속·준수 의무를 뜻하지 않음
R220,R042,직접 링크 참조,https://www.itb.ec.europa.eu/docs/services/latest/index.html,본문의 하이퍼링크. 법적 종속·준수 의무를 뜻하지 않음
R220,R086,직접 링크 참조,https://www.itb.ec.europa.eu/docs/services/latest/index.html,본문의 하이퍼링크. 법적 종속·준수 의무를 뜻하지 않음
R220,R100,직접 링크 참조,https://www.itb.ec.europa.eu/docs/services/latest/index.html,본문의 하이퍼링크. 법적 종속·준수 의무를 뜻하지 않음
R226,R245,직접 링크 참조,https://interoperable-europe.ec.europa.eu/collection/public-sector-tech-watch,본문의 하이퍼링크. 법적 종속·준수 의무를 뜻하지 않음
R226,R077,직접 링크 참조,https://interoperable-europe.ec.europa.eu/collection/public-sector-tech-watch,본문의 하이퍼링크. 법적 종속·준수 의무를 뜻하지 않음
R227,R108,직접 링크 참조,https://www.itb.ec.europa.eu/docs/itb-ta/latest/domainDashboard/index.html,본문의 하이퍼링크. 법적 종속·준수 의무를 뜻하지 않음
R227,R106,직접 링크 참조,https://www.itb.ec.europa.eu/docs/itb-ta/latest/domainDashboard/index.html,본문의 하이퍼링크. 법적 종속·준수 의무를 뜻하지 않음
R227,R065,직접 링크 참조,https://www.itb.ec.europa.eu/docs/itb-ta/latest/domainDashboard/index.html,본문의 하이퍼링크. 법적 종속·준수 의무를 뜻하지 않음
R227,R050,직접 링크 참조,https://www.itb.ec.europa.eu/docs/itb-ta/latest/domainDashboard/index.html,본문의 하이퍼링크. 법적 종속·준수 의무를 뜻하지 않음
R227,R123,직접 링크 참조,https://www.itb.ec.europa.eu/docs/itb-ta/latest/domainDashboard/index.html,본문의 하이퍼링크. 법적 종속·준수 의무를 뜻하지 않음
R227,R175,직접 링크 참조,https://www.itb.ec.europa.eu/docs/itb-ta/latest/domainDashboard/index.html,본문의 하이퍼링크. 법적 종속·준수 의무를 뜻하지 않음
R227,R127,직접 링크 참조,https://www.itb.ec.europa.eu/docs/itb-ta/latest/domainDashboard/index.html,본문의 하이퍼링크. 법적 종속·준수 의무를 뜻하지 않음
R227,R206,직접 링크 참조,https://www.itb.ec.europa.eu/docs/itb-ta/latest/domainDashboard/index.html,본문의 하이퍼링크. 법적 종속·준수 의무를 뜻하지 않음
R227,R082,직접 링크 참조,https://www.itb.ec.europa.eu/docs/itb-ta/latest/domainDashboard/index.html,본문의 하이퍼링크. 법적 종속·준수 의무를 뜻하지 않음
R227,R069,직접 링크 참조,https://www.itb.ec.europa.eu/docs/itb-ta/latest/domainDashboard/index.html,본문의 하이퍼링크. 법적 종속·준수 의무를 뜻하지 않음
R227,R043,직접 링크 참조,https://www.itb.ec.europa.eu/docs/itb-ta/latest/domainDashboard/index.html,본문의 하이퍼링크. 법적 종속·준수 의무를 뜻하지 않음
R227,R074,직접 링크 참조,https://www.itb.ec.europa.eu/docs/itb-ta/latest/domainDashboard/index.html,본문의 하이퍼링크. 법적 종속·준수 의무를 뜻하지 않음
R227,R042,직접 링크 참조,https://www.itb.ec.europa.eu/docs/itb-ta/latest/domainDashboard/index.html,본문의 하이퍼링크. 법적 종속·준수 의무를 뜻하지 않음
R227,R156,직접 링크 참조,https://www.itb.ec.europa.eu/docs/itb-ta/latest/domainDashboard/index.html,본문의 하이퍼링크. 법적 종속·준수 의무를 뜻하지 않음
R232,R062,직접 링크 참조,https://interoperable-europe.ec.europa.eu/collection/open-source-observatory-osor/knowledge-centre,본문의 하이퍼링크. 법적 종속·준수 의무를 뜻하지 않음
R043,R158,직접 링크 참조,https://www.itb.ec.europa.eu/docs/services/latest/,본문의 하이퍼링크. 법적 종속·준수 의무를 뜻하지 않음
R043,R137,직접 링크 참조,https://www.itb.ec.europa.eu/docs/services/latest/,본문의 하이퍼링크. 법적 종속·준수 의무를 뜻하지 않음
R043,R109,직접 링크 참조,https://www.itb.ec.europa.eu/docs/services/latest/,본문의 하이퍼링크. 법적 종속·준수 의무를 뜻하지 않음
R043,R139,직접 링크 참조,https://www.itb.ec.europa.eu/docs/services/latest/,본문의 하이퍼링크. 법적 종속·준수 의무를 뜻하지 않음
R043,R118,직접 링크 참조,https://www.itb.ec.europa.eu/docs/services/latest/,본문의 하이퍼링크. 법적 종속·준수 의무를 뜻하지 않음
R043,R042,직접 링크 참조,https://www.itb.ec.europa.eu/docs/services/latest/,본문의 하이퍼링크. 법적 종속·준수 의무를 뜻하지 않음
R043,R086,직접 링크 참조,https://www.itb.ec.europa.eu/docs/services/latest/,본문의 하이퍼링크. 법적 종속·준수 의무를 뜻하지 않음
R043,R100,직접 링크 참조,https://www.itb.ec.europa.eu/docs/services/latest/,본문의 하이퍼링크. 법적 종속·준수 의무를 뜻하지 않음
R236,R001,직접 링크 참조,https://interoperable-europe.ec.europa.eu/collection/community,본문의 하이퍼링크. 법적 종속·준수 의무를 뜻하지 않음
R236,R104,직접 링크 참조,https://interoperable-europe.ec.europa.eu/collection/community,본문의 하이퍼링크. 법적 종속·준수 의무를 뜻하지 않음
R236,R005,직접 링크 참조,https://interoperable-europe.ec.europa.eu/collection/community,본문의 하이퍼링크. 법적 종속·준수 의무를 뜻하지 않음
R236,R173,직접 링크 참조,https://interoperable-europe.ec.europa.eu/collection/community,본문의 하이퍼링크. 법적 종속·준수 의무를 뜻하지 않음
R236,R105,직접 링크 참조,https://interoperable-europe.ec.europa.eu/collection/community,본문의 하이퍼링크. 법적 종속·준수 의무를 뜻하지 않음
R236,R226,직접 링크 참조,https://interoperable-europe.ec.europa.eu/collection/community,본문의 하이퍼링크. 법적 종속·준수 의무를 뜻하지 않음
R236,R114,직접 링크 참조,https://interoperable-europe.ec.europa.eu/collection/community,본문의 하이퍼링크. 법적 종속·준수 의무를 뜻하지 않음
R236,R202,직접 링크 참조,https://interoperable-europe.ec.europa.eu/collection/community,본문의 하이퍼링크. 법적 종속·준수 의무를 뜻하지 않음
R241,R092,직접 링크 참조,https://www.itb.ec.europa.eu/docs/guides/latest/developingComplexTests/index.html,본문의 하이퍼링크. 법적 종속·준수 의무를 뜻하지 않음
R241,R126,직접 링크 참조,https://www.itb.ec.europa.eu/docs/guides/latest/developingComplexTests/index.html,본문의 하이퍼링크. 법적 종속·준수 의무를 뜻하지 않음
R241,R116,직접 링크 참조,https://www.itb.ec.europa.eu/docs/guides/latest/developingComplexTests/index.html,본문의 하이퍼링크. 법적 종속·준수 의무를 뜻하지 않음
R241,R044,직접 링크 참조,https://www.itb.ec.europa.eu/docs/guides/latest/developingComplexTests/index.html,본문의 하이퍼링크. 법적 종속·준수 의무를 뜻하지 않음
R241,R181,직접 링크 참조,https://www.itb.ec.europa.eu/docs/guides/latest/developingComplexTests/index.html,본문의 하이퍼링크. 법적 종속·준수 의무를 뜻하지 않음
R241,R045,직접 링크 참조,https://www.itb.ec.europa.eu/docs/guides/latest/developingComplexTests/index.html,본문의 하이퍼링크. 법적 종속·준수 의무를 뜻하지 않음
R241,R046,직접 링크 참조,https://www.itb.ec.europa.eu/docs/guides/latest/developingComplexTests/index.html,본문의 하이퍼링크. 법적 종속·준수 의무를 뜻하지 않음
R241,R047,직접 링크 참조,https://www.itb.ec.europa.eu/docs/guides/latest/developingComplexTests/index.html,본문의 하이퍼링크. 법적 종속·준수 의무를 뜻하지 않음
R241,R048,직접 링크 참조,https://www.itb.ec.europa.eu/docs/guides/latest/developingComplexTests/index.html,본문의 하이퍼링크. 법적 종속·준수 의무를 뜻하지 않음
R241,R049,직접 링크 참조,https://www.itb.ec.europa.eu/docs/guides/latest/developingComplexTests/index.html,본문의 하이퍼링크. 법적 종속·준수 의무를 뜻하지 않음
R241,R129,직접 링크 참조,https://www.itb.ec.europa.eu/docs/guides/latest/developingComplexTests/index.html,본문의 하이퍼링크. 법적 종속·준수 의무를 뜻하지 않음
R241,R156,직접 링크 참조,https://www.itb.ec.europa.eu/docs/guides/latest/developingComplexTests/index.html,본문의 하이퍼링크. 법적 종속·준수 의무를 뜻하지 않음
R241,R248,직접 링크 참조,https://www.itb.ec.europa.eu/docs/guides/latest/developingComplexTests/index.html,본문의 하이퍼링크. 법적 종속·준수 의무를 뜻하지 않음
R241,R209,직접 링크 참조,https://www.itb.ec.europa.eu/docs/guides/latest/developingComplexTests/index.html,본문의 하이퍼링크. 법적 종속·준수 의무를 뜻하지 않음
R241,R082,직접 링크 참조,https://www.itb.ec.europa.eu/docs/guides/latest/developingComplexTests/index.html,본문의 하이퍼링크. 법적 종속·준수 의무를 뜻하지 않음
R241,R042,직접 링크 참조,https://www.itb.ec.europa.eu/docs/guides/latest/developingComplexTests/index.html,본문의 하이퍼링크. 법적 종속·준수 의무를 뜻하지 않음
R241,R043,직접 링크 참조,https://www.itb.ec.europa.eu/docs/guides/latest/developingComplexTests/index.html,본문의 하이퍼링크. 법적 종속·준수 의무를 뜻하지 않음
R241,R074,직접 링크 참조,https://www.itb.ec.europa.eu/docs/guides/latest/developingComplexTests/index.html,본문의 하이퍼링크. 법적 종속·준수 의무를 뜻하지 않음
R241,R109,직접 링크 참조,https://www.itb.ec.europa.eu/docs/guides/latest/developingComplexTests/index.html,본문의 하이퍼링크. 법적 종속·준수 의무를 뜻하지 않음
R241,R158,직접 링크 참조,https://www.itb.ec.europa.eu/docs/guides/latest/developingComplexTests/index.html,본문의 하이퍼링크. 법적 종속·준수 의무를 뜻하지 않음
R241,R137,직접 링크 참조,https://www.itb.ec.europa.eu/docs/guides/latest/developingComplexTests/index.html,본문의 하이퍼링크. 법적 종속·준수 의무를 뜻하지 않음
R241,R139,직접 링크 참조,https://www.itb.ec.europa.eu/docs/guides/latest/developingComplexTests/index.html,본문의 하이퍼링크. 법적 종속·준수 의무를 뜻하지 않음
R241,R188,직접 링크 참조,https://www.itb.ec.europa.eu/docs/guides/latest/developingComplexTests/index.html,본문의 하이퍼링크. 법적 종속·준수 의무를 뜻하지 않음
R241,R069,직접 링크 참조,https://www.itb.ec.europa.eu/docs/guides/latest/developingComplexTests/index.html,본문의 하이퍼링크. 법적 종속·준수 의무를 뜻하지 않음
R241,R227,직접 링크 참조,https://www.itb.ec.europa.eu/docs/guides/latest/developingComplexTests/index.html,본문의 하이퍼링크. 법적 종속·준수 의무를 뜻하지 않음
R241,R175,직접 링크 참조,https://www.itb.ec.europa.eu/docs/guides/latest/developingComplexTests/index.html,본문의 하이퍼링크. 법적 종속·준수 의무를 뜻하지 않음
R048,R092,직접 링크 참조,https://www.itb.ec.europa.eu/docs/guides/latest/validatingCSV/index.html,본문의 하이퍼링크. 법적 종속·준수 의무를 뜻하지 않음
R048,R126,직접 링크 참조,https://www.itb.ec.europa.eu/docs/guides/latest/validatingCSV/index.html,본문의 하이퍼링크. 법적 종속·준수 의무를 뜻하지 않음
R048,R116,직접 링크 참조,https://www.itb.ec.europa.eu/docs/guides/latest/validatingCSV/index.html,본문의 하이퍼링크. 법적 종속·준수 의무를 뜻하지 않음
R048,R044,직접 링크 참조,https://www.itb.ec.europa.eu/docs/guides/latest/validatingCSV/index.html,본문의 하이퍼링크. 법적 종속·준수 의무를 뜻하지 않음
R048,R181,직접 링크 참조,https://www.itb.ec.europa.eu/docs/guides/latest/validatingCSV/index.html,본문의 하이퍼링크. 법적 종속·준수 의무를 뜻하지 않음
R048,R241,직접 링크 참조,https://www.itb.ec.europa.eu/docs/guides/latest/validatingCSV/index.html,본문의 하이퍼링크. 법적 종속·준수 의무를 뜻하지 않음
R048,R045,직접 링크 참조,https://www.itb.ec.europa.eu/docs/guides/latest/validatingCSV/index.html,본문의 하이퍼링크. 법적 종속·준수 의무를 뜻하지 않음
R048,R046,직접 링크 참조,https://www.itb.ec.europa.eu/docs/guides/latest/validatingCSV/index.html,본문의 하이퍼링크. 법적 종속·준수 의무를 뜻하지 않음
R048,R047,직접 링크 참조,https://www.itb.ec.europa.eu/docs/guides/latest/validatingCSV/index.html,본문의 하이퍼링크. 법적 종속·준수 의무를 뜻하지 않음
R048,R049,직접 링크 참조,https://www.itb.ec.europa.eu/docs/guides/latest/validatingCSV/index.html,본문의 하이퍼링크. 법적 종속·준수 의무를 뜻하지 않음
R048,R129,직접 링크 참조,https://www.itb.ec.europa.eu/docs/guides/latest/validatingCSV/index.html,본문의 하이퍼링크. 법적 종속·준수 의무를 뜻하지 않음
R048,R156,직접 링크 참조,https://www.itb.ec.europa.eu/docs/guides/latest/validatingCSV/index.html,본문의 하이퍼링크. 법적 종속·준수 의무를 뜻하지 않음
R048,R248,직접 링크 참조,https://www.itb.ec.europa.eu/docs/guides/latest/validatingCSV/index.html,본문의 하이퍼링크. 법적 종속·준수 의무를 뜻하지 않음
R048,R209,직접 링크 참조,https://www.itb.ec.europa.eu/docs/guides/latest/validatingCSV/index.html,본문의 하이퍼링크. 법적 종속·준수 의무를 뜻하지 않음
R048,R042,직접 링크 참조,https://www.itb.ec.europa.eu/docs/guides/latest/validatingCSV/index.html,본문의 하이퍼링크. 법적 종속·준수 의무를 뜻하지 않음
R048,R188,직접 링크 참조,https://www.itb.ec.europa.eu/docs/guides/latest/validatingCSV/index.html,본문의 하이퍼링크. 법적 종속·준수 의무를 뜻하지 않음
R048,R069,직접 링크 참조,https://www.itb.ec.europa.eu/docs/guides/latest/validatingCSV/index.html,본문의 하이퍼링크. 법적 종속·준수 의무를 뜻하지 않음
R245,R226,직접 링크 참조,https://interoperable-europe.ec.europa.eu/collection/eugovtech,본문의 하이퍼링크. 법적 종속·준수 의무를 뜻하지 않음
R246,R125,직접 링크 참조,https://interoperable-europe.ec.europa.eu/collection/assessments/toolbox-copy,본문의 하이퍼링크. 법적 종속·준수 의무를 뜻하지 않음
R246,R007,직접 링크 참조,https://interoperable-europe.ec.europa.eu/collection/assessments/toolbox-copy,본문의 하이퍼링크. 법적 종속·준수 의무를 뜻하지 않음
R246,R012,직접 링크 참조,https://interoperable-europe.ec.europa.eu/collection/assessments/toolbox-copy,본문의 하이퍼링크. 법적 종속·준수 의무를 뜻하지 않음
R246,R014,직접 링크 참조,https://interoperable-europe.ec.europa.eu/collection/assessments/toolbox-copy,본문의 하이퍼링크. 법적 종속·준수 의무를 뜻하지 않음
R246,R015,직접 링크 참조,https://interoperable-europe.ec.europa.eu/collection/assessments/toolbox-copy,본문의 하이퍼링크. 법적 종속·준수 의무를 뜻하지 않음
R246,R258,직접 링크 참조,https://interoperable-europe.ec.europa.eu/collection/assessments/toolbox-copy,본문의 하이퍼링크. 법적 종속·준수 의무를 뜻하지 않음
R246,R068,직접 링크 참조,https://interoperable-europe.ec.europa.eu/collection/assessments/toolbox-copy,본문의 하이퍼링크. 법적 종속·준수 의무를 뜻하지 않음
R246,R234,직접 링크 참조,https://interoperable-europe.ec.europa.eu/collection/assessments/toolbox-copy,본문의 하이퍼링크. 법적 종속·준수 의무를 뜻하지 않음
R246,R078,직접 링크 참조,https://interoperable-europe.ec.europa.eu/collection/assessments/toolbox-copy,본문의 하이퍼링크. 법적 종속·준수 의무를 뜻하지 않음
R247,R108,직접 링크 참조,https://www.itb.ec.europa.eu/docs/itb-ta/latest/changeHistory/,본문의 하이퍼링크. 법적 종속·준수 의무를 뜻하지 않음
R247,R106,직접 링크 참조,https://www.itb.ec.europa.eu/docs/itb-ta/latest/changeHistory/,본문의 하이퍼링크. 법적 종속·준수 의무를 뜻하지 않음
R247,R065,직접 링크 참조,https://www.itb.ec.europa.eu/docs/itb-ta/latest/changeHistory/,본문의 하이퍼링크. 법적 종속·준수 의무를 뜻하지 않음
R247,R050,직접 링크 참조,https://www.itb.ec.europa.eu/docs/itb-ta/latest/changeHistory/,본문의 하이퍼링크. 법적 종속·준수 의무를 뜻하지 않음
R247,R227,직접 링크 참조,https://www.itb.ec.europa.eu/docs/itb-ta/latest/changeHistory/,본문의 하이퍼링크. 법적 종속·준수 의무를 뜻하지 않음
R247,R123,직접 링크 참조,https://www.itb.ec.europa.eu/docs/itb-ta/latest/changeHistory/,본문의 하이퍼링크. 법적 종속·준수 의무를 뜻하지 않음
R247,R175,직접 링크 참조,https://www.itb.ec.europa.eu/docs/itb-ta/latest/changeHistory/,본문의 하이퍼링크. 법적 종속·준수 의무를 뜻하지 않음
R247,R127,직접 링크 참조,https://www.itb.ec.europa.eu/docs/itb-ta/latest/changeHistory/,본문의 하이퍼링크. 법적 종속·준수 의무를 뜻하지 않음
R247,R206,직접 링크 참조,https://www.itb.ec.europa.eu/docs/itb-ta/latest/changeHistory/,본문의 하이퍼링크. 법적 종속·준수 의무를 뜻하지 않음
R247,R082,직접 링크 참조,https://www.itb.ec.europa.eu/docs/itb-ta/latest/changeHistory/,본문의 하이퍼링크. 법적 종속·준수 의무를 뜻하지 않음
R247,R042,직접 링크 참조,https://www.itb.ec.europa.eu/docs/itb-ta/latest/changeHistory/,본문의 하이퍼링크. 법적 종속·준수 의무를 뜻하지 않음
R247,R043,직접 링크 참조,https://www.itb.ec.europa.eu/docs/itb-ta/latest/changeHistory/,본문의 하이퍼링크. 법적 종속·준수 의무를 뜻하지 않음
R248,R092,직접 링크 참조,https://www.itb.ec.europa.eu/docs/guides/latest/installingValidatorProduction/index.html,본문의 하이퍼링크. 법적 종속·준수 의무를 뜻하지 않음
R248,R126,직접 링크 참조,https://www.itb.ec.europa.eu/docs/guides/latest/installingValidatorProduction/index.html,본문의 하이퍼링크. 법적 종속·준수 의무를 뜻하지 않음
R248,R116,직접 링크 참조,https://www.itb.ec.europa.eu/docs/guides/latest/installingValidatorProduction/index.html,본문의 하이퍼링크. 법적 종속·준수 의무를 뜻하지 않음
R248,R044,직접 링크 참조,https://www.itb.ec.europa.eu/docs/guides/latest/installingValidatorProduction/index.html,본문의 하이퍼링크. 법적 종속·준수 의무를 뜻하지 않음
R248,R181,직접 링크 참조,https://www.itb.ec.europa.eu/docs/guides/latest/installingValidatorProduction/index.html,본문의 하이퍼링크. 법적 종속·준수 의무를 뜻하지 않음
R248,R241,직접 링크 참조,https://www.itb.ec.europa.eu/docs/guides/latest/installingValidatorProduction/index.html,본문의 하이퍼링크. 법적 종속·준수 의무를 뜻하지 않음
R248,R045,직접 링크 참조,https://www.itb.ec.europa.eu/docs/guides/latest/installingValidatorProduction/index.html,본문의 하이퍼링크. 법적 종속·준수 의무를 뜻하지 않음
R248,R046,직접 링크 참조,https://www.itb.ec.europa.eu/docs/guides/latest/installingValidatorProduction/index.html,본문의 하이퍼링크. 법적 종속·준수 의무를 뜻하지 않음
R248,R047,직접 링크 참조,https://www.itb.ec.europa.eu/docs/guides/latest/installingValidatorProduction/index.html,본문의 하이퍼링크. 법적 종속·준수 의무를 뜻하지 않음
R248,R048,직접 링크 참조,https://www.itb.ec.europa.eu/docs/guides/latest/installingValidatorProduction/index.html,본문의 하이퍼링크. 법적 종속·준수 의무를 뜻하지 않음
R248,R049,직접 링크 참조,https://www.itb.ec.europa.eu/docs/guides/latest/installingValidatorProduction/index.html,본문의 하이퍼링크. 법적 종속·준수 의무를 뜻하지 않음
R248,R129,직접 링크 참조,https://www.itb.ec.europa.eu/docs/guides/latest/installingValidatorProduction/index.html,본문의 하이퍼링크. 법적 종속·준수 의무를 뜻하지 않음
R248,R156,직접 링크 참조,https://www.itb.ec.europa.eu/docs/guides/latest/installingValidatorProduction/index.html,본문의 하이퍼링크. 법적 종속·준수 의무를 뜻하지 않음
R248,R209,직접 링크 참조,https://www.itb.ec.europa.eu/docs/guides/latest/installingValidatorProduction/index.html,본문의 하이퍼링크. 법적 종속·준수 의무를 뜻하지 않음
R248,R158,직접 링크 참조,https://www.itb.ec.europa.eu/docs/guides/latest/installingValidatorProduction/index.html,본문의 하이퍼링크. 법적 종속·준수 의무를 뜻하지 않음
R047,R092,직접 링크 참조,https://www.itb.ec.europa.eu/docs/guides/latest/validatingJSON/index.html,본문의 하이퍼링크. 법적 종속·준수 의무를 뜻하지 않음
R047,R126,직접 링크 참조,https://www.itb.ec.europa.eu/docs/guides/latest/validatingJSON/index.html,본문의 하이퍼링크. 법적 종속·준수 의무를 뜻하지 않음
R047,R116,직접 링크 참조,https://www.itb.ec.europa.eu/docs/guides/latest/validatingJSON/index.html,본문의 하이퍼링크. 법적 종속·준수 의무를 뜻하지 않음
R047,R044,직접 링크 참조,https://www.itb.ec.europa.eu/docs/guides/latest/validatingJSON/index.html,본문의 하이퍼링크. 법적 종속·준수 의무를 뜻하지 않음
R047,R181,직접 링크 참조,https://www.itb.ec.europa.eu/docs/guides/latest/validatingJSON/index.html,본문의 하이퍼링크. 법적 종속·준수 의무를 뜻하지 않음
R047,R241,직접 링크 참조,https://www.itb.ec.europa.eu/docs/guides/latest/validatingJSON/index.html,본문의 하이퍼링크. 법적 종속·준수 의무를 뜻하지 않음
R047,R045,직접 링크 참조,https://www.itb.ec.europa.eu/docs/guides/latest/validatingJSON/index.html,본문의 하이퍼링크. 법적 종속·준수 의무를 뜻하지 않음
R047,R046,직접 링크 참조,https://www.itb.ec.europa.eu/docs/guides/latest/validatingJSON/index.html,본문의 하이퍼링크. 법적 종속·준수 의무를 뜻하지 않음
R047,R048,직접 링크 참조,https://www.itb.ec.europa.eu/docs/guides/latest/validatingJSON/index.html,본문의 하이퍼링크. 법적 종속·준수 의무를 뜻하지 않음
R047,R049,직접 링크 참조,https://www.itb.ec.europa.eu/docs/guides/latest/validatingJSON/index.html,본문의 하이퍼링크. 법적 종속·준수 의무를 뜻하지 않음
R047,R129,직접 링크 참조,https://www.itb.ec.europa.eu/docs/guides/latest/validatingJSON/index.html,본문의 하이퍼링크. 법적 종속·준수 의무를 뜻하지 않음
R047,R156,직접 링크 참조,https://www.itb.ec.europa.eu/docs/guides/latest/validatingJSON/index.html,본문의 하이퍼링크. 법적 종속·준수 의무를 뜻하지 않음
R047,R248,직접 링크 참조,https://www.itb.ec.europa.eu/docs/guides/latest/validatingJSON/index.html,본문의 하이퍼링크. 법적 종속·준수 의무를 뜻하지 않음
R047,R209,직접 링크 참조,https://www.itb.ec.europa.eu/docs/guides/latest/validatingJSON/index.html,본문의 하이퍼링크. 법적 종속·준수 의무를 뜻하지 않음
R047,R042,직접 링크 참조,https://www.itb.ec.europa.eu/docs/guides/latest/validatingJSON/index.html,본문의 하이퍼링크. 법적 종속·준수 의무를 뜻하지 않음
R047,R188,직접 링크 참조,https://www.itb.ec.europa.eu/docs/guides/latest/validatingJSON/index.html,본문의 하이퍼링크. 법적 종속·준수 의무를 뜻하지 않음
R047,R069,직접 링크 참조,https://www.itb.ec.europa.eu/docs/guides/latest/validatingJSON/index.html,본문의 하이퍼링크. 법적 종속·준수 의무를 뜻하지 않음
R047,R074,직접 링크 참조,https://www.itb.ec.europa.eu/docs/guides/latest/validatingJSON/index.html,본문의 하이퍼링크. 법적 종속·준수 의무를 뜻하지 않음
R250,R186,직접 링크 참조,https://www.itb.ec.europa.eu/docs/tdl/latest/helloWorld/index.html,본문의 하이퍼링크. 법적 종속·준수 의무를 뜻하지 않음
R250,R069,직접 링크 참조,https://www.itb.ec.europa.eu/docs/tdl/latest/helloWorld/index.html,본문의 하이퍼링크. 법적 종속·준수 의무를 뜻하지 않음
R250,R188,직접 링크 참조,https://www.itb.ec.europa.eu/docs/tdl/latest/helloWorld/index.html,본문의 하이퍼링크. 법적 종속·준수 의무를 뜻하지 않음
R250,R074,직접 링크 참조,https://www.itb.ec.europa.eu/docs/tdl/latest/helloWorld/index.html,본문의 하이퍼링크. 법적 종속·준수 의무를 뜻하지 않음
R250,R120,직접 링크 참조,https://www.itb.ec.europa.eu/docs/tdl/latest/helloWorld/index.html,본문의 하이퍼링크. 법적 종속·준수 의무를 뜻하지 않음
R250,R098,직접 링크 참조,https://www.itb.ec.europa.eu/docs/tdl/latest/helloWorld/index.html,본문의 하이퍼링크. 법적 종속·준수 의무를 뜻하지 않음
R253,R232,직접 링크 참조,https://interoperable-europe.ec.europa.eu/collection/open-source-observatory-osor/funding-opportunities-open-source-software-projects-public-sector,본문의 하이퍼링크. 법적 종속·준수 의무를 뜻하지 않음
R253,R228,직접 링크 참조,https://interoperable-europe.ec.europa.eu/collection/open-source-observatory-osor/funding-opportunities-open-source-software-projects-public-sector,본문의 하이퍼링크. 법적 종속·준수 의무를 뜻하지 않음
R255,R058,직접 링크 참조,https://interoperable-europe.ec.europa.eu/collection/iopeu-monitoring/knowledge-centre,본문의 하이퍼링크. 법적 종속·준수 의무를 뜻하지 않음
R256,R092,직접 링크 참조,https://www.itb.ec.europa.eu/docs/guides/latest/agenticTestDevelopment/,본문의 하이퍼링크. 법적 종속·준수 의무를 뜻하지 않음
R256,R126,직접 링크 참조,https://www.itb.ec.europa.eu/docs/guides/latest/agenticTestDevelopment/,본문의 하이퍼링크. 법적 종속·준수 의무를 뜻하지 않음
R256,R116,직접 링크 참조,https://www.itb.ec.europa.eu/docs/guides/latest/agenticTestDevelopment/,본문의 하이퍼링크. 법적 종속·준수 의무를 뜻하지 않음
R256,R044,직접 링크 참조,https://www.itb.ec.europa.eu/docs/guides/latest/agenticTestDevelopment/,본문의 하이퍼링크. 법적 종속·준수 의무를 뜻하지 않음
R256,R181,직접 링크 참조,https://www.itb.ec.europa.eu/docs/guides/latest/agenticTestDevelopment/,본문의 하이퍼링크. 법적 종속·준수 의무를 뜻하지 않음
R256,R241,직접 링크 참조,https://www.itb.ec.europa.eu/docs/guides/latest/agenticTestDevelopment/,본문의 하이퍼링크. 법적 종속·준수 의무를 뜻하지 않음
R256,R045,직접 링크 참조,https://www.itb.ec.europa.eu/docs/guides/latest/agenticTestDevelopment/,본문의 하이퍼링크. 법적 종속·준수 의무를 뜻하지 않음
R256,R046,직접 링크 참조,https://www.itb.ec.europa.eu/docs/guides/latest/agenticTestDevelopment/,본문의 하이퍼링크. 법적 종속·준수 의무를 뜻하지 않음
R256,R047,직접 링크 참조,https://www.itb.ec.europa.eu/docs/guides/latest/agenticTestDevelopment/,본문의 하이퍼링크. 법적 종속·준수 의무를 뜻하지 않음
R256,R048,직접 링크 참조,https://www.itb.ec.europa.eu/docs/guides/latest/agenticTestDevelopment/,본문의 하이퍼링크. 법적 종속·준수 의무를 뜻하지 않음
R256,R049,직접 링크 참조,https://www.itb.ec.europa.eu/docs/guides/latest/agenticTestDevelopment/,본문의 하이퍼링크. 법적 종속·준수 의무를 뜻하지 않음
R256,R129,직접 링크 참조,https://www.itb.ec.europa.eu/docs/guides/latest/agenticTestDevelopment/,본문의 하이퍼링크. 법적 종속·준수 의무를 뜻하지 않음
R256,R156,직접 링크 참조,https://www.itb.ec.europa.eu/docs/guides/latest/agenticTestDevelopment/,본문의 하이퍼링크. 법적 종속·준수 의무를 뜻하지 않음
R256,R248,직접 링크 참조,https://www.itb.ec.europa.eu/docs/guides/latest/agenticTestDevelopment/,본문의 하이퍼링크. 법적 종속·준수 의무를 뜻하지 않음
R256,R209,직접 링크 참조,https://www.itb.ec.europa.eu/docs/guides/latest/agenticTestDevelopment/,본문의 하이퍼링크. 법적 종속·준수 의무를 뜻하지 않음
R256,R186,직접 링크 참조,https://www.itb.ec.europa.eu/docs/guides/latest/agenticTestDevelopment/,본문의 하이퍼링크. 법적 종속·준수 의무를 뜻하지 않음
R256,R220,직접 링크 참조,https://www.itb.ec.europa.eu/docs/guides/latest/agenticTestDevelopment/,본문의 하이퍼링크. 법적 종속·준수 의무를 뜻하지 않음
R257,R072,직접 링크 참조,https://interoperable-europe.ec.europa.eu/collection/interoperability-regulatory-sandboxes/welcome,본문의 하이퍼링크. 법적 종속·준수 의무를 뜻하지 않음
R257,R063,직접 링크 참조,https://interoperable-europe.ec.europa.eu/collection/interoperability-regulatory-sandboxes/welcome,본문의 하이퍼링크. 법적 종속·준수 의무를 뜻하지 않음
