ID,제목,분야,우선순위,날짜,버전,간략한 내용,연구 활용,URL,내용 근거 URL,확인 수준,확인일
R001,Interoperable Europe Act,정책·법령,핵심,확인 불가,,EU 공공부문의 국경 간 상호운용성 정책과 평가·거버넌스 체계 소개.,국내 제도 비교와 평가 의무의 적용 범위 조사,https://interoperable-europe.ec.europa.eu/interoperable-europe/interoperable-europe-act,https://interoperable-europe.ec.europa.eu/interoperable-europe/interoperable-europe-act,본문 수집·핵심 내용 검토,2026-09-27
R002,European Interoperability Framework (EIF),정책·법령,핵심,2017 (프레임워크 개정연도),,12개 원칙과 법적·조직적·의미적·기술적 상호운용성 영역을 설명하고 원문을 연결한다.,서비스별 검토서의 분석 영역 설정,https://interoperable-europe.ec.europa.eu/collection/iopeu-monitoring/european-interoperability-framework-eif,https://interoperable-europe.ec.europa.eu/collection/iopeu-monitoring/european-interoperability-framework-eif,본문 수집·핵심 내용 검토,2026-09-27
R003,The European Interoperability Framework in detail,정책·법령,핵심,확인 불가,,"EIF의 원칙, 계층과 통합 공공서비스 개념 모델을 설명한다.",분석 질문과 권고사항 대조,https://interoperable-europe.ec.europa.eu/collection/iopeu-monitoring/european-interoperability-framework-detail,https://interoperable-europe.ec.europa.eu/collection/iopeu-monitoring/european-interoperability-framework-detail,본문 수집·핵심 내용 검토,2026-09-27
R004,Interoperable Europe Board — Documents,정책·법령,핵심,확인 불가,,"이사회 의제, 회의록과 절차 규칙을 모은 자료실.",정책 결정과 개정 논의 추적,https://interoperable-europe.ec.europa.eu/collection/governance-board/documents,https://interoperable-europe.ec.europa.eu/collection/governance-board/documents,본문 수집·핵심 내용 검토,2026-09-27
R005,Digital-ready Policymaking,정책·법령,핵심,확인 불가,,정책 설계 단계에서 디지털 이행과 상호운용성을 검토하는 자료 모음.,기관 간 책임·절차 협약 설계,https://interoperable-europe.ec.europa.eu/collection/digital-ready-policymaking,https://interoperable-europe.ec.europa.eu/collection/digital-ready-policymaking,본문 수집·핵심 내용 검토,2026-09-27
R006,Landscape of EU digital regulations,정책·법령,핵심,확인 불가,,EU 디지털 규제와 관련 자료로 연결하는 탐색 페이지.,인접 법령 탐색; 법적 근거는 연결된 법령 원문 확인,https://interoperable-europe.ec.europa.eu/eu-digital-regulations,https://interoperable-europe.ec.europa.eu/eu-digital-regulations,본문 수집·핵심 내용 검토,2026-09-27
R007,Guidelines for Interoperability Assessments,평가·증빙,핵심,2024-12 (지침 개발 시점),,"평가 필요성 판단, 수행 절차, 결과 보고와 조직 내 거버넌스를 설명한다.",서비스별 상호운용성 검토서 작성,https://interoperable-europe.ec.europa.eu/collection/assessments/assessment-guidelines,https://interoperable-europe.ec.europa.eu/collection/assessments/assessment-guidelines,본문 수집·핵심 내용 검토,2026-09-27
R008,Assessment Guidelines — Chapter 1,평가·증빙,핵심,확인 불가,,평가의 개념과 목적를 설명하는 지침의 개별 장.,검토서 세부 항목과 수행 절차 설계,https://interoperable-europe.ec.europa.eu/collection/assessments/guidelines-chapter-1-what-are-interoperability-assessments-and-why-are-they-relevant,https://interoperable-europe.ec.europa.eu/collection/assessments/guidelines-chapter-1-what-are-interoperability-assessments-and-why-are-they-relevant,본문 수집·핵심 내용 검토,2026-09-27
R009,Assessment Guidelines — Chapter 3,평가·증빙,핵심,확인 불가,,평가 준비와 분석 절차를 설명하는 지침의 개별 장.,검토서 세부 항목과 수행 절차 설계,https://interoperable-europe.ec.europa.eu/collection/assessments/guidelines-chapter-3-how-carry-out-interoperability-assessment,https://interoperable-europe.ec.europa.eu/collection/assessments/guidelines-chapter-3-how-carry-out-interoperability-assessment,본문 수집·핵심 내용 검토,2026-09-27
R010,Assessment Guidelines — Chapter 5,평가·증빙,핵심,확인 불가,,조직 내 평가 책임과 지속적 개선를 설명하는 지침의 개별 장.,검토서 세부 항목과 수행 절차 설계,https://interoperable-europe.ec.europa.eu/collection/assessments/guidelines-chapter-5-how-establish-sound-governance-interoperability-assessment-process-your,https://interoperable-europe.ec.europa.eu/collection/assessments/guidelines-chapter-5-how-establish-sound-governance-interoperability-assessment-process-your,본문 수집·핵심 내용 검토,2026-09-27
R011,Assessment Toolbox,평가·증빙,핵심,확인 불가,,"평가 지침을 지원하는 온라인 도구, 보고서 저장소, 공통 어휘, API와 EIF Checker를 연결한다.",평가 작성·저장·교환 체계 설계,https://interoperable-europe.ec.europa.eu/collection/assessments/assessment-toolbox,https://interoperable-europe.ec.europa.eu/collection/assessments/assessment-toolbox,본문 수집·핵심 내용 검토,2026-09-27
R012,Online tool for assessments,평가·증빙,핵심,확인 불가,,포털에서 상호운용성 평가를 작성하는 도구의 안내.,검토서 입력 항목과 작성 흐름 참고,https://interoperable-europe.ec.europa.eu/collection/assessments/online-tool-assessments,https://interoperable-europe.ec.europa.eu/collection/assessments/online-tool-assessments,본문 수집·핵심 내용 검토,2026-09-27
R013,Assessment Reports Repository,평가·증빙,핵심,확인 불가,,기관별 평가 보고서를 모은 저장소. eIDAS Implementing Acts Batch 6의 등록을 확인했다.,전자신원 관련 실제 평가 사례 추적,https://interoperable-europe.ec.europa.eu/collection/assessments/report/repository,https://interoperable-europe.ec.europa.eu/collection/assessments/report/repository,본문 수집·핵심 내용 검토,2026-09-27
R014,Interoperability Assessment Vocabulary (IOPA),평가·증빙,핵심,2025-07-10 (Recommendation),,상호운용성 평가 정보를 공통 구조로 표현하기 위한 어휘.,평가 결과의 기계 판독과 교환 모델 설계,https://semiceu.github.io/IOPA/releases/1.0.0/,https://interoperable-europe.ec.europa.eu/collection/assessments/assessment-toolbox,본문 수집·핵심 내용 검토,2026-09-27
R015,Assessments API — Usage Guidelines,평가·증빙,핵심,확인 불가,,"평가 API 접근 신청, 자격증명 관리와 사용 절차를 설명한다.",기관별 평가 저장소 연동 방식 참고,https://interoperable-europe.ec.europa.eu/collection/assessments/assessments-api-usage-guidelines,https://interoperable-europe.ec.europa.eu/collection/assessments/assessments-api-usage-guidelines,본문 수집·핵심 내용 검토,2026-09-27
R016,SEMIC Specifications,의미·데이터,핵심,확인 불가,,"공통 어휘, 응용 프로파일, 모델링 지침과 검증 도구를 모은 명세 목록.",공통 용어·데이터 모델 선정,https://interoperable-europe.ec.europa.eu/collection/semic-support-centre/specifications,https://interoperable-europe.ec.europa.eu/collection/semic-support-centre/specifications,본문 수집·핵심 내용 검토,2026-09-27
R017,Core Person Vocabulary,의미·데이터,핵심,2026-05-12 (SEMIC Recommendation),2.1.2,자연인 정보의 공통 표현를 다룬다.,신뢰정보·자격정보의 의미 모델과 용어 사전 설계,https://semiceu.github.io/Core-Person-Vocabulary/releases/2.1.2/,https://interoperable-europe.ec.europa.eu/collection/semic-support-centre/specifications,본문 수집·핵심 내용 검토,2026-09-27
R018,Core Business Vocabulary,의미·데이터,핵심,2026-05-12 (SEMIC Recommendation),2.3.0,사업자·법인 정보의 공통 표현를 다룬다.,신뢰정보·자격정보의 의미 모델과 용어 사전 설계,https://semiceu.github.io/Core-Business-Vocabulary/releases/2.3.0/,https://interoperable-europe.ec.europa.eu/collection/semic-support-centre/specifications,본문 수집·핵심 내용 검토,2026-09-27
R019,Core Location Vocabulary,의미·데이터,핵심,2026-05-12 (SEMIC Candidate Recommendation),2.1.1,위치와 주소 정보의 공통 표현를 다룬다.,신뢰정보·자격정보의 의미 모델과 용어 사전 설계,https://semiceu.github.io/Core-Location-Vocabulary/releases/2.1.1/,https://interoperable-europe.ec.europa.eu/collection/semic-support-centre/specifications,본문 수집·핵심 내용 검토,2026-09-27
R020,Core Criterion and Core Evidence Vocabulary (CCCEV),의미·데이터,핵심,2026-05-12 (SEMIC Candidate Recommendation),2.2.0,요건·판단 기준·증빙 정보의 연결를 다룬다.,신뢰정보·자격정보의 의미 모델과 용어 사전 설계,https://semiceu.github.io/CCCEV/releases/2.2.0/,https://interoperable-europe.ec.europa.eu/collection/semic-support-centre/specifications,본문 수집·핵심 내용 검토,2026-09-27
R021,Core Public Organisation Vocabulary (CPOV),의미·데이터,핵심,2026-05-12 (SEMIC Recommendation),2.1.2,공공기관의 조직 정보 표현를 다룬다.,신뢰정보·자격정보의 의미 모델과 용어 사전 설계,https://semiceu.github.io/CPOV/releases/2.1.2/,https://interoperable-europe.ec.europa.eu/collection/semic-support-centre/specifications,본문 수집·핵심 내용 검토,2026-09-27
R022,Core Public Event Vocabulary,의미·데이터,핵심,2026-05-12 (SEMIC Candidate Recommendation),1.1.1,공공 관련 사건·이벤트 정보 표현를 다룬다.,신뢰정보·자격정보의 의미 모델과 용어 사전 설계,https://semiceu.github.io/Core-Public-Event-Vocabulary/releases/1.1.1/,https://interoperable-europe.ec.europa.eu/collection/semic-support-centre/specifications,본문 수집·핵심 내용 검토,2026-09-27
R023,SEMIC Style Guide for Semantic Engineers,의미·데이터,핵심,확인 불가,1.0.0,의미 모델의 설계·명명·표현 규칙를 다룬다.,신뢰정보·자격정보의 의미 모델과 용어 사전 설계,https://semiceu.github.io/style-guide/1.0.0/index.html,https://interoperable-europe.ec.europa.eu/collection/semic-support-centre/specifications,본문 수집·핵심 내용 검토,2026-09-27
R024,How to create your DCAT-AP profile,의미·데이터,핵심,확인 불가,포털 연결판,DCAT-AP를 재사용·확장한 프로파일 설계를 다룬다.,신뢰정보·자격정보의 의미 모델과 용어 사전 설계,https://semiceu.github.io/DCAT-AP-reuse-guidelines/,https://interoperable-europe.ec.europa.eu/collection/semic-support-centre/specifications,본문 수집·핵심 내용 검토,2026-09-27
R025,Core Public Service Vocabulary,의미·데이터,핵심,확인 불가,,공공서비스의 기본 정보를 표현하는 명세. SEMIC 목록에서 소개와 링크를 확인했다.,공통 메타데이터 및 자산 목록 설계,https://interoperable-europe.ec.europa.eu/collection/semic-support-centre/solution/core-public-service-vocabulary,https://interoperable-europe.ec.europa.eu/collection/semic-support-centre/specifications,상위 목록의 설명·링크 확인; 원문 미검토,2026-09-27
R026,CPSV-AP,의미·데이터,핵심,확인 불가,,공공서비스 기술을 위한 응용 프로파일를 표현하는 명세. SEMIC 목록에서 소개와 링크를 확인했다.,공통 메타데이터 및 자산 목록 설계,https://interoperable-europe.ec.europa.eu/collection/semic-support-centre/solution/core-public-service-vocabulary-application-profile,https://interoperable-europe.ec.europa.eu/collection/semic-support-centre/specifications,상위 목록의 설명·링크 확인; 원문 미검토,2026-09-27
R027,DCAT-AP,의미·데이터,핵심,확인 불가,,데이터 카탈로그 간 메타데이터 교환를 표현하는 명세. SEMIC 목록에서 소개와 링크를 확인했다.,공통 메타데이터 및 자산 목록 설계,https://interoperable-europe.ec.europa.eu/collection/semic-support-centre/solution/dcat-application-profile-data-portals-europe,https://interoperable-europe.ec.europa.eu/collection/semic-support-centre/specifications,상위 목록의 설명·링크 확인; 원문 미검토,2026-09-27
R028,DCAT-AP HVD,의미·데이터,핵심,확인 불가,,고가치 데이터셋의 메타데이터를 표현하는 명세. SEMIC 목록에서 소개와 링크를 확인했다.,공통 메타데이터 및 자산 목록 설계,https://interoperable-europe.ec.europa.eu/collection/semic-support-centre/solution/dcat-ap-hvd,https://interoperable-europe.ec.europa.eu/collection/semic-support-centre/specifications,상위 목록의 설명·링크 확인; 원문 미검토,2026-09-27
R029,ADMS,의미·데이터,핵심,확인 불가,,재사용 가능한 자산의 메타데이터를 표현하는 명세. SEMIC 목록에서 소개와 링크를 확인했다.,공통 메타데이터 및 자산 목록 설계,https://interoperable-europe.ec.europa.eu/collection/semic-support-centre/solution/asset-description-metadata-schema-adms,https://interoperable-europe.ec.europa.eu/collection/semic-support-centre/specifications,상위 목록의 설명·링크 확인; 원문 미검토,2026-09-27
R030,GeoDCAT-AP,의미·데이터,핵심,확인 불가,,공간정보 메타데이터를 표현하는 명세. SEMIC 목록에서 소개와 링크를 확인했다.,공통 메타데이터 및 자산 목록 설계,https://interoperable-europe.ec.europa.eu/collection/semic-support-centre/solution/geodcat-application-profile-data-portals-europe,https://interoperable-europe.ec.europa.eu/collection/semic-support-centre/specifications,상위 목록의 설명·링크 확인; 원문 미검토,2026-09-27
R031,MLDCAT-AP,의미·데이터,핵심,확인 불가,,기계학습 관련 데이터·자산의 메타데이터를 표현하는 명세. SEMIC 목록에서 소개와 링크를 확인했다.,공통 메타데이터 및 자산 목록 설계,https://interoperable-europe.ec.europa.eu/collection/semic-support-centre/solution/mldcat-ap,https://interoperable-europe.ec.europa.eu/collection/semic-support-centre/specifications,상위 목록의 설명·링크 확인; 원문 미검토,2026-09-27
R032,SEMIC Knowledge Hub,의미·데이터,핵심,확인 불가,,"의미적 상호운용성에 관한 연구, 지침과 교육 자료의 탐색 지점.",관련 연구와 사례 확장 조사,https://interoperable-europe.ec.europa.eu/collection/semic-support-centre/knowledge-hub,https://interoperable-europe.ec.europa.eu/collection/semic-support-centre/knowledge-hub,본문 수집·핵심 내용 검토,2026-09-27
R033,Semantic enrichment of APIs: an OpenAPI case study,의미·데이터,핵심,확인 불가,,OpenAPI를 대상으로 API의 의미 정보를 보강하는 사례.,API 필드와 공통 용어 모델 연결,https://interoperable-europe.ec.europa.eu/collection/semic-support-centre/semantic-enrichment-apis-openapi-case-study,https://interoperable-europe.ec.europa.eu/collection/semic-support-centre/semantic-enrichment-apis-openapi-case-study,본문 수집·핵심 내용 검토,2026-09-27
R034,Mapping a graph to a tree data structure: a case study using the Core Vocabularies,의미·데이터,핵심,확인 불가,,공통 어휘를 활용해 그래프 구조와 트리 구조의 대응을 다룬 사례.,의미 모델과 메시지 구조의 변환 검토,https://interoperable-europe.ec.europa.eu/collection/semic-support-centre/mapping-graph-tree-data-structure-case-study-using-core-vocabularies,https://interoperable-europe.ec.europa.eu/collection/semic-support-centre/mapping-graph-tree-data-structure-case-study-using-core-vocabularies,본문 수집·핵심 내용 검토,2026-09-27
R035,European Interoperability Reference Architecture (EIRA),아키텍처·표준,핵심,확인 불가,7.0.0 (개별 소개 페이지 표시),EIF의 상호운용성 관점에 맞춰 공공서비스의 아키텍처 구성요소를 정의한다.,신뢰목록·검증 서비스의 구성요소와 책임 경계 모델링,https://interoperable-europe.ec.europa.eu/collection/interoperability-architecture-solutions/solution/eira/welcome,https://interoperable-europe.ec.europa.eu/collection/interoperability-architecture-solutions/solution/eira/welcome,본문 수집·핵심 내용 검토,2026-09-27
R036,Interoperability Architecture Guidelines,아키텍처·표준,핵심,확인 불가,,EIRA와 EIF·TOGAF·PAAF의 정렬 및 구성요소 모델링 지침을 소개한다.,프레임워크와 구현 설계의 연결,https://interoperable-europe.ec.europa.eu/collection/interoperability-architecture-solutions/interoperability-architecture-guidelines,https://interoperable-europe.ec.europa.eu/collection/interoperability-architecture-solutions/interoperability-architecture-guidelines,본문 수집·핵심 내용 검토,2026-09-27
R037,CAMSS Solutions,아키텍처·표준,핵심,확인 불가,,표준·명세 평가와 관련 어휘·도구를 소개하는 솔루션 목록.,국내 채택 표준의 평가 기준 설계,https://interoperable-europe.ec.europa.eu/collection/common-assessment-method-standards-and-specifications-camss/camss-solutions,https://interoperable-europe.ec.europa.eu/collection/common-assessment-method-standards-and-specifications-camss/camss-solutions,본문 수집·핵심 내용 검토,2026-09-27
R038,EIRA Library of Interoperability Specifications (ELIS),아키텍처·표준,핵심,2026-04-30 (7.0.0 버전 날짜),7.0.0,EIRA의 아키텍처 구성요소와 이를 구현할 표준·명세를 연결하는 라이브러리.,구성요소별 기술 규격 선정 근거 작성,https://interoperable-europe.ec.europa.eu/collection/common-assessment-method-standards-and-specifications-camss/solution/elis/welcome,https://interoperable-europe.ec.europa.eu/collection/common-assessment-method-standards-and-specifications-camss/solution/elis/welcome,본문 수집·핵심 내용 검토,2026-09-27
R039,ELAP 3.1.0 Online Documentation,아키텍처·표준,핵심,확인 불가,3.1.0; 최신판 여부 별도 확인,유럽 상호운용성 아키텍처 원칙의 온라인 문서.,설계 원칙 검토,https://interoperable-europe.ec.europa.eu/collection/common-assessment-method-standards-and-specifications-camss/solution/elap/elap-310-online-documentation,https://interoperable-europe.ec.europa.eu/collection/common-assessment-method-standards-and-specifications-camss/solution/elap/elap-310-online-documentation,본문 수집·핵심 내용 검토,2026-09-27
R040,eGovERA Business Agnostic,아키텍처·표준,핵심,확인 불가,,업무 분야에 공통으로 적용하는 공공서비스 참조 아키텍처.,재사용 가능한 서비스 구성 비교,https://interoperable-europe.ec.europa.eu/collection/interoperability-architecture-solutions/solution/egovera-business-agnostic/welcome,https://interoperable-europe.ec.europa.eu/collection/interoperability-architecture-solutions/solution/egovera-business-agnostic/welcome,본문 수집·핵심 내용 검토,2026-09-27
R041,Interoperability Test Bed — FAQ,구현·적합성시험,핵심,확인 불가,,"GITB 적합성 시험과 XML·RDF·JSON·CSV·YAML 검증, 운영 방식을 설명한다.",공동 적합성 시험세트와 검증 API 설계,https://interoperable-europe.ec.europa.eu/collection/interoperability-test-bed-repository/solution/interoperability-test-bed/faq,https://interoperable-europe.ec.europa.eu/collection/interoperability-test-bed-repository/solution/interoperability-test-bed/faq,본문 수집·핵심 내용 검토,2026-09-27
R042,GITB Test Description Language,구현·적합성시험,핵심,확인 불가,,다단계 시험 시나리오의 기술 언어를 다루는 ITB 기술 문서.,공동 시험·검증 체계 구현,https://www.itb.ec.europa.eu/docs/tdl/latest/,https://interoperable-europe.ec.europa.eu/collection/interoperability-test-bed-repository/solution/interoperability-test-bed/faq,본문 수집·핵심 내용 검토,2026-09-27
R043,GITB Test Services API,구현·적합성시험,핵심,확인 불가,,시험 서비스의 검증·메시징·처리 인터페이스를 다루는 ITB 기술 문서.,공동 시험·검증 체계 구현,https://www.itb.ec.europa.eu/docs/services/latest/,https://interoperable-europe.ec.europa.eu/collection/interoperability-test-bed-repository/solution/interoperability-test-bed/faq,본문 수집·핵심 내용 검토,2026-09-27
R044,Creating a first test suite,구현·적합성시험,핵심,확인 불가,,첫 시험세트 작성 절차를 다루는 ITB 기술 문서.,공동 시험·검증 체계 구현,https://www.itb.ec.europa.eu/docs/guides/latest/creatingATestCase/index.html,https://interoperable-europe.ec.europa.eu/collection/interoperability-test-bed-repository/solution/interoperability-test-bed/faq,본문 수집·핵심 내용 검토,2026-09-27
R045,XML validation guide,구현·적합성시험,핵심,확인 불가,,XML 데이터 검증 구성를 다루는 ITB 기술 문서.,공동 시험·검증 체계 구현,https://www.itb.ec.europa.eu/docs/guides/latest/validatingXML/index.html,https://interoperable-europe.ec.europa.eu/collection/interoperability-test-bed-repository/solution/interoperability-test-bed/faq,본문 수집·핵심 내용 검토,2026-09-27
R046,RDF validation guide,구현·적합성시험,핵심,확인 불가,,RDF·SHACL 검증 구성를 다루는 ITB 기술 문서.,공동 시험·검증 체계 구현,https://www.itb.ec.europa.eu/docs/guides/latest/validatingRDF/index.html,https://interoperable-europe.ec.europa.eu/collection/interoperability-test-bed-repository/solution/interoperability-test-bed/faq,본문 수집·핵심 내용 검토,2026-09-27
R047,JSON validation guide,구현·적합성시험,핵심,확인 불가,,JSON 데이터 검증 구성를 다루는 ITB 기술 문서.,공동 시험·검증 체계 구현,https://www.itb.ec.europa.eu/docs/guides/latest/validatingJSON/index.html,https://interoperable-europe.ec.europa.eu/collection/interoperability-test-bed-repository/solution/interoperability-test-bed/faq,본문 수집·핵심 내용 검토,2026-09-27
R048,CSV validation guide,구현·적합성시험,핵심,확인 불가,,CSV 데이터 검증 구성를 다루는 ITB 기술 문서.,공동 시험·검증 체계 구현,https://www.itb.ec.europa.eu/docs/guides/latest/validatingCSV/index.html,https://interoperable-europe.ec.europa.eu/collection/interoperability-test-bed-repository/solution/interoperability-test-bed/faq,본문 수집·핵심 내용 검토,2026-09-27
R049,YAML validation guide,구현·적합성시험,핵심,확인 불가,,YAML 데이터 검증 구성를 다루는 ITB 기술 문서.,공동 시험·검증 체계 구현,https://www.itb.ec.europa.eu/docs/guides/latest/validatingYAML/index.html,https://interoperable-europe.ec.europa.eu/collection/interoperability-test-bed-repository/solution/interoperability-test-bed/faq,본문 수집·핵심 내용 검토,2026-09-27
R050,Conformance dashboard,구현·적합성시험,핵심,확인 불가,,적합성 결과와 스냅샷 관리를 다루는 ITB 기술 문서.,공동 시험·검증 체계 구현,https://www.itb.ec.europa.eu/docs/itb-ta/latest/conformanceDashboard/index.html,https://interoperable-europe.ec.europa.eu/collection/interoperability-test-bed-repository/solution/interoperability-test-bed/faq,본문 수집·핵심 내용 검토,2026-09-27
R051,Installing the Test Bed in production,구현·적합성시험,핵심,확인 불가,,시험 플랫폼 운영 환경 설치를 다루는 ITB 기술 문서.,공동 시험·검증 체계 구현,https://www.itb.ec.europa.eu/docs/guides/latest/installingTheTestBedProduction/,https://interoperable-europe.ec.europa.eu/collection/interoperability-test-bed-repository/solution/interoperability-test-bed/faq,본문 수집·핵심 내용 검토,2026-09-27
R052,Electronic identification and trust services including e-signatures (RP 2026),전자신원·신뢰,핵심,2026 (문서 판 연도),,"전자신원·신뢰서비스의 정책, 표준화 활동과 관련 표준을 정리한다.",KR-AdES·KR-TL·KR-DSS와 EU 체계의 비교 조사,https://interoperable-europe.ec.europa.eu/collection/rolling-plan-ict-standardisation/electronic-identification-and-trust-services-including-e-signatures-rp-2026,https://interoperable-europe.ec.europa.eu/collection/rolling-plan-ict-standardisation/electronic-identification-and-trust-services-including-e-signatures-rp-2026,본문 수집·핵심 내용 검토,2026-09-27
R053,Data Interoperability (RP 2025),전자신원·신뢰,핵심,2025 (문서 판 연도),,데이터 상호운용성의 표준화 과제를 정리한 연도별 자료.,인접 분야의 요구사항 조사; 최신 연도판과 대조,https://interoperable-europe.ec.europa.eu/collection/rolling-plan-ict-standardisation/data-interoperability-rp-2025,https://interoperable-europe.ec.europa.eu/collection/rolling-plan-ict-standardisation/data-interoperability-rp-2025,본문 수집·핵심 내용 검토,2026-09-27
R054,Cybersecurity / network and information security (RP 2025),전자신원·신뢰,핵심,2025 (문서 판 연도),,사이버보안과 네트워크 보안 표준화를 정리한 연도별 자료.,인접 분야의 요구사항 조사; 최신 연도판과 대조,https://interoperable-europe.ec.europa.eu/collection/rolling-plan-ict-standardisation/cybersecurity-network-and-information-security-rp-2025,https://interoperable-europe.ec.europa.eu/collection/rolling-plan-ict-standardisation/cybersecurity-network-and-information-security-rp-2025,본문 수집·핵심 내용 검토,2026-09-27
R055,ePrivacy (RP 2025),전자신원·신뢰,핵심,2025 (문서 판 연도),,프라이버시 관련 표준화를 정리한 연도별 자료.,인접 분야의 요구사항 조사; 최신 연도판과 대조,https://interoperable-europe.ec.europa.eu/collection/rolling-plan-ict-standardisation/eprivacy-rp2025,https://interoperable-europe.ec.europa.eu/collection/rolling-plan-ict-standardisation/eprivacy-rp2025,본문 수집·핵심 내용 검토,2026-09-27
R056,eGovernment (RP 2025),전자신원·신뢰,핵심,2025 (문서 판 연도),,전자정부 분야 표준화를 정리한 연도별 자료.,인접 분야의 요구사항 조사; 최신 연도판과 대조,https://interoperable-europe.ec.europa.eu/collection/rolling-plan-ict-standardisation/egovernment-rp2025,https://interoperable-europe.ec.europa.eu/collection/rolling-plan-ict-standardisation/egovernment-rp2025,본문 수집·핵심 내용 검토,2026-09-27
R057,Monitoring Toolbox,운영·사례,핵심,확인 불가,,상호운용성 모니터링 방법과 도구를 제공하는 자료 모음.,국가 비교 및 성과지표 참고,https://interoperable-europe.ec.europa.eu/collection/iopeu-monitoring/monitoring-toolbox,https://interoperable-europe.ec.europa.eu/collection/iopeu-monitoring/monitoring-toolbox,본문 수집·핵심 내용 검토,2026-09-27
R058,EU Monitoring reports,운영·사례,핵심,확인 불가,,EU 차원의 모니터링 보고서를 제공하는 자료 모음.,국가 비교 및 성과지표 참고,https://interoperable-europe.ec.europa.eu/collection/iopeu-monitoring/eu-monitoring-reports,https://interoperable-europe.ec.europa.eu/collection/iopeu-monitoring/eu-monitoring-reports,본문 수집·핵심 내용 검토,2026-09-27
R059,EU Digital Public Administration Factsheets,운영·사례,핵심,확인 불가,,국가별 디지털 행정 현황를 제공하는 자료 모음.,국가 비교 및 성과지표 참고,https://interoperable-europe.ec.europa.eu/collection/iopeu-monitoring/eu-digital-public-administration-factsheets,https://interoperable-europe.ec.europa.eu/collection/iopeu-monitoring/eu-digital-public-administration-factsheets,본문 수집·핵심 내용 검토,2026-09-27
R060,Interoperable Europe Monitoring results,운영·사례,핵심,확인 불가,,상호운용성 이행 결과를 제공하는 자료 모음.,국가 비교 및 성과지표 참고,https://interoperable-europe.ec.europa.eu/collection/iopeu-monitoring/interoperable-europe-monitoring-results,https://interoperable-europe.ec.europa.eu/collection/iopeu-monitoring/interoperable-europe-monitoring-results,본문 수집·핵심 내용 검토,2026-09-27
R061,Guidelines on Sharing Interoperability Solutions,운영·사례,핵심,확인 불가,,상호운용성 솔루션을 공유·재사용하기 위한 지침 모음.,재사용 가능한 신뢰검증 구성요소의 배포·관리,https://interoperable-europe.ec.europa.eu/collection/guidelines-sharing-interoperability-solutions,https://interoperable-europe.ec.europa.eu/collection/guidelines-sharing-interoperability-solutions,본문 수집·핵심 내용 검토,2026-09-27
R062,OSOR Reports and Guidelines,운영·사례,핵심,확인 불가,,공공부문 오픈소스 도입과 운영 관련 보고서·지침.,공통 구성요소의 유지보수·지속 가능성 검토,https://interoperable-europe.ec.europa.eu/collection/open-source-observatory-osor/reports-and-guidelines,https://interoperable-europe.ec.europa.eu/collection/open-source-observatory-osor/reports-and-guidelines,본문 수집·핵심 내용 검토,2026-09-27
R063,Interoperability Regulatory Sandboxes — Know more,운영·사례,핵심,확인 불가,,상호운용성 규제 샌드박스의 배경과 접근 방식 설명.,기관 공동 실증의 운영 구조 참고,https://interoperable-europe.ec.europa.eu/collection/interoperability-regulatory-sandboxes/know-more,https://interoperable-europe.ec.europa.eu/collection/interoperability-regulatory-sandboxes/know-more,본문 수집·핵심 내용 검토,2026-09-27
R064,ICT Environmental impact (RP2024),분야별 표준화,확장,확인 불가,,본문 도입부 발췌(영문): (A.) Policy and legislation (A.1) Policy objectives ICT is currently one of the fastest growing greenhouse gas-emitting and energy management,분야별 확장 조사 자료,https://interoperable-europe.ec.europa.eu/collection/rolling-plan-ict-standardisation/ict-environmental-impact-rp2024,https://interoperable-europe.ec.europa.eu/collection/rolling-plan-ict-standardisation/ict-environmental-impact-rp2024,본문 수집·도입부 자동 추출,2026-09-27
R065,Log in — ITB User Guide,구현·적합성시험,확장,확인 불가,,본문 도입부 발췌(영문): Log in Log in ï Before carrying out any action on the Test Bed you will need to log in.,분야별 확장 조사 자료,https://www.itb.ec.europa.eu/docs/itb-ta/latest/login/index.html,https://www.itb.ec.europa.eu/docs/itb-ta/latest/login/index.html,본문 수집·도입부 자동 추출,2026-09-27
R066,Cloud and edge computing (RP 2024),분야별 표준화,확장,확인 불가,,본문 도입부 발췌(영문): (A.) Policy and legislation (A.1) Policy objectives Establishing a coherent framework and conditions for cloud computing was one of the,분야별 확장 조사 자료,https://interoperable-europe.ec.europa.eu/collection/rolling-plan-ict-standardisation/cloud-and-edge-computing-rp-2024,https://interoperable-europe.ec.europa.eu/collection/rolling-plan-ict-standardisation/cloud-and-edge-computing-rp-2024,본문 수집·도입부 자동 추출,2026-09-27
R067,Explore,정책·법령,확장,확인 불가,,본문 도입부 발췌(영문): What are Interoperability regulatory sandboxes? ‘Interoperability regulatory sandbox’ means a controlled environment set up by a Union entity or a,분야별 확장 조사 자료,https://interoperable-europe.ec.europa.eu/collection/interoperability-regulatory-sandboxes/explore,https://interoperable-europe.ec.europa.eu/collection/interoperability-regulatory-sandboxes/explore,본문 수집·도입부 자동 추출,2026-09-27
R068,Interoperable Europe Solutions,정책·법령,확장,확인 불가,,본문 도입부 발췌(영문): Interoperable Europe Solutions are solutions recommended by the Interoperable Europe Board . They are highly reusable and match the Board's,분야별 확장 조사 자료,https://interoperable-europe.ec.europa.eu/interoperable-europe-solutions,https://interoperable-europe.ec.europa.eu/interoperable-europe-solutions,본문 수집·도입부 자동 추출,2026-09-27
R069,Expressions — GITB TDL Documentation,구현·적합성시험,확장,확인 불가,,본문 도입부 발췌(영문): Expressions Expressions ï Expressions are used in GITB TDL to perform arbitrary operations on context variables and to provide more,분야별 확장 조사 자료,https://www.itb.ec.europa.eu/docs/tdl/latest/expressions/index.html,https://www.itb.ec.europa.eu/docs/tdl/latest/expressions/index.html,본문 수집·도입부 자동 추출,2026-09-27
R070,Governance,정책·법령,확장,확인 불가,,"본문 도입부 발췌(영문): Find strategic agenda, assessment reports and funding opportunities. The Governance Board and Assessments are key components of the Interoperable Europe",분야별 확장 조사 자료,https://interoperable-europe.ec.europa.eu/governance,https://interoperable-europe.ec.europa.eu/governance,본문 수집·도입부 자동 추출,2026-09-27
R071,OSOR Events,운영·사례,확장,확인 불가,,"본문 도입부 발췌(영문): This page contains information about events organised by OSOR on the use and development of open source software, open source",분야별 확장 조사 자료,https://interoperable-europe.ec.europa.eu/collection/open-source-observatory-osor/osor-events,https://interoperable-europe.ec.europa.eu/collection/open-source-observatory-osor/osor-events,본문 수집·도입부 자동 추출,2026-09-27
R072,Get involved,정책·법령,확장,확인 불가,,"본문 도입부 발췌(영문): This page helps you redirect to the adequate information, whether you are a regulatory sandbox coordinator wishing to set up",분야별 확장 조사 자료,https://interoperable-europe.ec.europa.eu/collection/interoperability-regulatory-sandboxes/get-involved,https://interoperable-europe.ec.europa.eu/collection/interoperability-regulatory-sandboxes/get-involved,본문 수집·도입부 자동 추출,2026-09-27
R073,Towards a Semantic Registry: A Collaborative Approach to Semantic Models,의미·데이터,확장,확인 불가,,"본문 도입부 발췌(영문): As part of SEMIC's ongoing efforts, the development of an EU-wide Registry for semantic models was initiated in October 2023.",분야별 확장 조사 자료,https://interoperable-europe.ec.europa.eu/collection/semic-support-centre/towards-semantic-registry-collaborative-approach-semantic-models,https://interoperable-europe.ec.europa.eu/collection/semic-support-centre/towards-semantic-registry-collaborative-approach-semantic-models,본문 수집·도입부 자동 추출,2026-09-27
R074,Test step handlers — GITB TDL Documentation,구현·적합성시험,확장,확인 불가,,본문 도입부 발췌(영문): Test step handlers Test step handlers ï The architectural approach followed by the GITB TDL is to capture in the,분야별 확장 조사 자료,https://www.itb.ec.europa.eu/docs/tdl/latest/handlers/index.html,https://www.itb.ec.europa.eu/docs/tdl/latest/handlers/index.html,본문 수집·도입부 자동 추출,2026-09-27
R075,Poland,운영·사례,확장,확인 불가,,본문 도입부 발췌(영문): Digital Public Administration Factsheets 2025 Digital Public Administration Factsheet Access below the latest Digital Public Administration Factsheet of Poland .,분야별 확장 조사 자료,https://interoperable-europe.ec.europa.eu/collection/iopeu-monitoring/poland,https://interoperable-europe.ec.europa.eu/collection/iopeu-monitoring/poland,본문 수집·도입부 자동 추출,2026-09-27
R076,Fintech and Regtech Standardisation (RP2025),분야별 표준화,확장,확인 불가,,본문 도입부 발췌(영문): (A.) Policy and legislation (A.1) Policy objectives Innovative IT solutions play an ever increasing and important role in the financial,분야별 확장 조사 자료,https://interoperable-europe.ec.europa.eu/collection/rolling-plan-ict-standardisation/fintech-and-regtech-standardisation-rp2025,https://interoperable-europe.ec.europa.eu/collection/rolling-plan-ict-standardisation/fintech-and-regtech-standardisation-rp2025,본문 수집·도입부 자동 추출,2026-09-27
R077,Interoperability regulatory sandboxes,정책·법령,확장,확인 불가,,"본문 도입부 발췌(영문): Welcome Welcome to the Interoperability Regulatory Sandbox Hub — your gateway to innovation, experimentation, and collaboration under the Interoperable Europe",분야별 확장 조사 자료,https://interoperable-europe.ec.europa.eu/collection/interoperability-regulatory-sandboxes,https://interoperable-europe.ec.europa.eu/collection/interoperability-regulatory-sandboxes,본문 수집·도입부 자동 추출,2026-09-27
R078,Collaborative hub,평가·증빙,확장,확인 불가,,"본문 도입부 발췌(영문): Collaborative hub This dynamic and interactive space is dedicated to foster collaboration, learning and innovation around interoperability assessments . This",분야별 확장 조사 자료,https://interoperable-europe.ec.europa.eu/collection/assessments/collaborative-hub,https://interoperable-europe.ec.europa.eu/collection/assessments/collaborative-hub,본문 수집·도입부 자동 추출,2026-09-27
R079,Portugal,운영·사례,확장,확인 불가,,본문 도입부 발췌(영문): Digital Public Administration Factsheets 2025 Digital Public Administration Factsheet Access below the latest Digital Public Administration Factsheet of Portugal .,분야별 확장 조사 자료,https://interoperable-europe.ec.europa.eu/collection/iopeu-monitoring/portugal,https://interoperable-europe.ec.europa.eu/collection/iopeu-monitoring/portugal,본문 수집·도입부 자동 추출,2026-09-27
R080,AI for Interoperability,의미·데이터,확장,확인 불가,,본문 도입부 발췌(영문): AI for interoperability Artificial Intelligence (AI) stands as one of the most transformative global technology trends of the 21st century.,분야별 확장 조사 자료,https://interoperable-europe.ec.europa.eu/collection/semic-support-centre/ai-interoperability,https://interoperable-europe.ec.europa.eu/collection/semic-support-centre/ai-interoperability,본문 수집·도입부 자동 추출,2026-09-27
R081,Quantum Technologies (RP2024),분야별 표준화,확장,확인 불가,,본문 도입부 발췌(영문): (A.) Policy and legislation (A.1) Policy objectives Quantum Technologies (QT) include a variety of novel concepts with the aim to,분야별 확장 조사 자료,https://interoperable-europe.ec.europa.eu/collection/rolling-plan-ict-standardisation/quantum-technologies-rp2024,https://interoperable-europe.ec.europa.eu/collection/rolling-plan-ict-standardisation/quantum-technologies-rp2024,본문 수집·도입부 자동 추출,2026-09-27
R082,REST API — ITB User Guide,구현·적합성시험,확장,확인 불가,,본문 도입부 발췌(영문): REST API REST API ï The Test Bedâs REST API allows you to carry out most operations without connecting to,분야별 확장 조사 자료,https://www.itb.ec.europa.eu/docs/itb-ta/latest/api/index.html,https://www.itb.ec.europa.eu/docs/itb-ta/latest/api/index.html,본문 수집·도입부 자동 추출,2026-09-27
R083,Fintech and Regtech Standardisation (RP2024),분야별 표준화,확장,확인 불가,,본문 도입부 발췌(영문): (A.) Policy and legislation (A.1) Policy objectives Innovative IT solutions play an ever increasing and important role in the financial,분야별 확장 조사 자료,https://interoperable-europe.ec.europa.eu/collection/rolling-plan-ict-standardisation/fintech-and-regtech-standardisation-rp2024,https://interoperable-europe.ec.europa.eu/collection/rolling-plan-ict-standardisation/fintech-and-regtech-standardisation-rp2024,본문 수집·도입부 자동 추출,2026-09-27
R084,Conceptual model conventions (UML) :: SEMIC,의미·데이터,확장,확인 불가,,본문 도입부 발췌(영문): Edit this Page Conceptual model conventions (UML) Conceptual model as single source of truth Title: Conceptual model as single source,분야별 확장 조사 자료,https://semiceu.github.io/style-guide/1.0.0/gc-conceptual-model-conventions.html,https://semiceu.github.io/style-guide/1.0.0/gc-conceptual-model-conventions.html,본문 수집·도입부 자동 추출,2026-09-27
R085,Interoperable Europe,정책·법령,확장,확인 불가,,본문 도입부 발췌(영문): IOP landing page Interoperable Europe is the initiative of the European Commission for a reinforced public sector interoperability policy. The,분야별 확장 조사 자료,https://interoperable-europe.ec.europa.eu/interoperable-europe,https://interoperable-europe.ec.europa.eu/interoperable-europe,본문 수집·도입부 자동 추출,2026-09-27
R086,Interoperability Test Bed Guides — ITB Guides,구현·적합성시험,확장,확인 불가,,"본문 도입부 발췌(영문): Interoperability Test Bed Guides Interoperability Test Bed Guides ï The Interoperability Test Bed Guides provide hands-on, step-by-step instructions to help",분야별 확장 조사 자료,https://www.itb.ec.europa.eu/docs/guides/latest/,https://www.itb.ec.europa.eu/docs/guides/latest/,본문 수집·도입부 자동 추출,2026-09-27
R087,DCAT-AP High Value Datasets,의미·데이터,확장,2024-10-25 (SEMIC Recommendation),,"본문 도입부 발췌(영문): Copyright © 2024 Summary This ""usage guidelines of DCAT-AP for High-Value Datasets"", in short DCAT-AP HVD, provides guidelines on how",분야별 확장 조사 자료,https://semiceu.github.io/DCAT-AP/releases/3.0.0-hvd,https://semiceu.github.io/DCAT-AP/releases/3.0.0-hvd,본문 수집·도입부 자동 추출,2026-09-27
R088,Electronic identification and trust services including e-signatures (RP2024),분야별 표준화,확장,확인 불가,,본문 도입부 발췌(영문): (A.) Policy and legislation (A.1) Policy objectives This relates to Regulation (EU) No 910/2014 of the European Parliament and of,분야별 확장 조사 자료,https://interoperable-europe.ec.europa.eu/collection/rolling-plan-ict-standardisation/electronic-identification-and-trust-services-including-e-signatures-rp2024,https://interoperable-europe.ec.europa.eu/collection/rolling-plan-ict-standardisation/electronic-identification-and-trust-services-including-e-signatures-rp2024,본문 수집·도입부 자동 추출,2026-09-27
R089,Robotics and autonomous systems (RP 2025),분야별 표준화,확장,확인 불가,,본문 도입부 발췌(영문): (A.) Policy and legislation (A.1) Policy objectives The importance of robotics and autonomous systems (RAS) lies in its strong economic,분야별 확장 조사 자료,https://interoperable-europe.ec.europa.eu/collection/rolling-plan-ict-standardisation/robotics-and-autonomous-systems-rp-2025,https://interoperable-europe.ec.europa.eu/collection/rolling-plan-ict-standardisation/robotics-and-autonomous-systems-rp-2025,본문 수집·도입부 자동 추출,2026-09-27
R090,Liechtenstein,운영·사례,확장,확인 불가,,본문 도입부 발췌(영문): Digital Public Administration Factsheets 2025 Digital Public Administration Factsheet Access below the latest Digital Public Administration Factsheet of Liechtenstein .,분야별 확장 조사 자료,https://interoperable-europe.ec.europa.eu/collection/iopeu-monitoring/liechtenstein,https://interoperable-europe.ec.europa.eu/collection/iopeu-monitoring/liechtenstein,본문 수집·도입부 자동 추출,2026-09-27
R091,Digital-ready Policymaking,정책·법령,확장,확인 불가,,"본문 도입부 발췌(영문): Welcome Welcome to the Digital-ready Policymaking (DRPM) community In line with the Interoperable Europe Act, the Digital-ready Policymaking (DRPM) community",분야별 확장 조사 자료,https://interoperable-europe.ec.europa.eu/collection/digital-ready-policymaking/welcome,https://interoperable-europe.ec.europa.eu/collection/digital-ready-policymaking/welcome,본문 수집·도입부 자동 추출,2026-09-27
R092,Interoperability Test Bed Guides — ITB Guides,구현·적합성시험,확장,확인 불가,,"본문 도입부 발췌(영문): Interoperability Test Bed Guides Interoperability Test Bed Guides ï The Interoperability Test Bed Guides provide hands-on, step-by-step instructions to help",분야별 확장 조사 자료,https://www.itb.ec.europa.eu/docs/guides/latest/index.html,https://www.itb.ec.europa.eu/docs/guides/latest/index.html,본문 수집·도입부 자동 추출,2026-09-27
R093,Assessment Forum,평가·증빙,확장,확인 불가,,"본문 도입부 발췌(영문): What to find here This is a hands-on space dedicated for you to be able to share your experiences, learnings",분야별 확장 조사 자료,https://interoperable-europe.ec.europa.eu/collection/assessments/assessment-forum,https://interoperable-europe.ec.europa.eu/collection/assessments/assessment-forum,본문 수집·도입부 자동 추출,2026-09-27
R094,Interoperable Europe Portal,정책·법령,확장,확인 불가,,본문 도입부 발췌(영문): Browse by Main Topics Read more about Digital government Digital government Effective digital public services can provide a wide variety,분야별 확장 조사 자료,https://interoperable-europe.ec.europa.eu/,https://interoperable-europe.ec.europa.eu/,본문 수집·도입부 자동 추출,2026-09-27
R095,Interoperability Architecture Solutions,아키텍처·표준,확장,확인 불가,,"본문 도입부 발췌(영문): Welcome Interoperability is the backbone that enables Public Administrations, businesses, and citizens to interact efficiently in a digital ecosystem .",분야별 확장 조사 자료,https://interoperable-europe.ec.europa.eu/collection/interoperability-architecture-solutions,https://interoperable-europe.ec.europa.eu/collection/interoperability-architecture-solutions,본문 수집·도입부 자동 추출,2026-09-27
R096,Accessibility of ICT products and services (RP2025),분야별 표준화,확장,확인 불가,,"본문 도입부 발췌(영문): (A.) Policy and legislation (A.1) Policy objectives Accessibility of ICT products and services includes telecommunications, audio-visual media services, digital services",분야별 확장 조사 자료,https://interoperable-europe.ec.europa.eu/collection/rolling-plan-ict-standardisation/accessibility-ict-products-and-services-rp2025,https://interoperable-europe.ec.europa.eu/collection/rolling-plan-ict-standardisation/accessibility-ict-products-and-services-rp2025,본문 수집·도입부 자동 추출,2026-09-27
R097,Data Interoperability (RP 2024),분야별 표준화,확장,확인 불가,,본문 도입부 발췌(영문): (A.) Policy and legislation (A.1) Policy objectives In its communication A European strategy for data ( COM (2020) 66 final,분야별 확장 조사 자료,https://interoperable-europe.ec.europa.eu/collection/rolling-plan-ict-standardisation/data-interoperability-rp-2024,https://interoperable-europe.ec.europa.eu/collection/rolling-plan-ict-standardisation/data-interoperability-rp-2024,본문 수집·도입부 자동 추출,2026-09-27
R098,Release history — GITB TDL Documentation,구현·적합성시험,확장,확인 불가,,본문 도입부 발췌(영문): Release history Release history ï The current section provides an overview of the changes in each GITB TDL release. Release,분야별 확장 조사 자료,https://www.itb.ec.europa.eu/docs/tdl/latest/changelog/index.html,https://www.itb.ec.europa.eu/docs/tdl/latest/changelog/index.html,본문 수집·도입부 자동 추출,2026-09-27
R099,Smart and sustainable cities and communities (RP2024),분야별 표준화,확장,확인 불가,,본문 도입부 발췌(영문): (A.) Policy and legislation (A.1) Policy objectives Smart urban technologies can make a significant contribution to the sustainable development of,분야별 확장 조사 자료,https://interoperable-europe.ec.europa.eu/collection/rolling-plan-ict-standardisation/smart-and-sustainable-cities-and-communities-rp2024,https://interoperable-europe.ec.europa.eu/collection/rolling-plan-ict-standardisation/smart-and-sustainable-cities-and-communities-rp2024,본문 수집·도입부 자동 추출,2026-09-27
R100,Interoperability Test Bed User Guide — ITB User Guide,구현·적합성시험,확장,확인 불가,,본문 도입부 발췌(영문): Interoperability Test Bed User Guide Interoperability Test Bed User Guide ï Welcome to the user guide of the Interoperability Test,분야별 확장 조사 자료,https://www.itb.ec.europa.eu/docs/itb-ta/latest/,https://www.itb.ec.europa.eu/docs/itb-ta/latest/,본문 수집·도입부 자동 추출,2026-09-27
R101,Finland’s successful implementation of EIF principles in interoperability tools,의미·데이터,확장,확인 불가,,"본문 도입부 발췌(영문): When information is defined in a systematic and harmonised way, a better visibility and understanding of information in different information",분야별 확장 조사 자료,https://interoperable-europe.ec.europa.eu/collection/semic-support-centre/finlands-successful-implementation-eif-principles-interoperability-tools,https://interoperable-europe.ec.europa.eu/collection/semic-support-centre/finlands-successful-implementation-eif-principles-interoperability-tools,본문 수집·도입부 자동 추출,2026-09-27
R102,The Board,정책·법령,확장,확인 불가,,본문 도입부 발췌(영문): Composition and functioning of the Board Members The Board is composed of representatives from Member State and the European Commission,분야별 확장 조사 자료,https://interoperable-europe.ec.europa.eu/collection/governance-board/board,https://interoperable-europe.ec.europa.eu/collection/governance-board/board,본문 수집·도입부 자동 추출,2026-09-27
R103,Smart grids and smart metering (RP2024),분야별 표준화,확장,확인 불가,,"본문 도입부 발췌(영문): (A.) Policy and legislation (A.1) Policy objectives The energy system is undergoing considerable changes, mainly driven by decarbonisation, decentralisation and",분야별 확장 조사 자료,https://interoperable-europe.ec.europa.eu/collection/rolling-plan-ict-standardisation/smart-grids-and-smart-metering-rp2024,https://interoperable-europe.ec.europa.eu/collection/rolling-plan-ict-standardisation/smart-grids-and-smart-metering-rp2024,본문 수집·도입부 자동 추출,2026-09-27
R104,Interoperable Europe Board,정책·법령,확장,확인 불가,,본문 도입부 발췌(영문): Welcome The Interoperable Europe Board is established by the Interoperable Europe Act. It brings together high-level representatives from Member States,분야별 확장 조사 자료,https://interoperable-europe.ec.europa.eu/collection/governance-board,https://interoperable-europe.ec.europa.eu/collection/governance-board,본문 수집·도입부 자동 추출,2026-09-27
R105,IOPEU Monitoring,운영·사례,확장,확인 불가,,본문 도입부 발췌(영문): Overview Discover the Interoperable Europe (IOPEU) Monitoring Collection The Interoperable Europe (IOPEU) Monitoring Collection is the main entry point to,분야별 확장 조사 자료,https://interoperable-europe.ec.europa.eu/collection/iopeu-monitoring,https://interoperable-europe.ec.europa.eu/collection/iopeu-monitoring,본문 수집·도입부 자동 추출,2026-09-27
R106,Introduction — ITB User Guide,구현·적합성시험,확장,확인 불가,,본문 도입부 발췌(영문): Introduction Introduction ï Welcome to the Interoperability Test Bed ( ITB ) user guide. The purpose of this guide is,분야별 확장 조사 자료,https://www.itb.ec.europa.eu/docs/itb-ta/latest/introduction/index.html,https://www.itb.ec.europa.eu/docs/itb-ta/latest/introduction/index.html,본문 수집·도입부 자동 추출,2026-09-27
R107,Learning Paths,교육,확장,확인 불가,,본문 도입부 발췌(영문): What is a Learning Path? A learning path is a series of courses that enables you to acquire fundamental knowledge,분야별 확장 조사 자료,https://interoperable-europe.ec.europa.eu/collection/interoperable-europe-academy/learning-paths,https://interoperable-europe.ec.europa.eu/collection/interoperable-europe-academy/learning-paths,본문 수집·도입부 자동 추출,2026-09-27
R108,Interoperability Test Bed User Guide — ITB User Guide,구현·적합성시험,확장,확인 불가,,본문 도입부 발췌(영문): Interoperability Test Bed User Guide Interoperability Test Bed User Guide ï Welcome to the user guide of the Interoperability Test,분야별 확장 조사 자료,https://www.itb.ec.europa.eu/docs/itb-ta/latest/index.html,https://www.itb.ec.europa.eu/docs/itb-ta/latest/index.html,본문 수집·도입부 자동 추출,2026-09-27
R109,Processing services — GITB Services Documentation,구현·적합성시험,확장,확인 불가,,본문 도입부 발췌(영문): Processing services Processing services ï GITB processing services are used to extend the capabilities of the Test Bed with domain-specific,분야별 확장 조사 자료,https://www.itb.ec.europa.eu/docs/services/latest/processing/index.html,https://www.itb.ec.europa.eu/docs/services/latest/processing/index.html,본문 수집·도입부 자동 추출,2026-09-27
R110,Blockchain and Distributed Digital Ledger Technologies (RP2025),분야별 표준화,확장,확인 불가,,"본문 도입부 발췌(영문): (A.) Policy and legislation (A.1) Policy objectives Blockchain has great potential in providing an infrastructure for trusted, decentralised and disintermediated",분야별 확장 조사 자료,https://interoperable-europe.ec.europa.eu/collection/rolling-plan-ict-standardisation/blockchain-and-distributed-digital-ledger-technologies-rp2025,https://interoperable-europe.ec.europa.eu/collection/rolling-plan-ict-standardisation/blockchain-and-distributed-digital-ledger-technologies-rp2025,본문 수집·도입부 자동 추출,2026-09-27
R111,Montenegro,운영·사례,확장,확인 불가,,본문 도입부 발췌(영문): Digital Public Administration Factsheets 2025 Digital Public Administration Factsheet Access below the latest Digital Public Administration Factsheet of Montenegro .,분야별 확장 조사 자료,https://interoperable-europe.ec.europa.eu/collection/iopeu-monitoring/montenegro,https://interoperable-europe.ec.europa.eu/collection/iopeu-monitoring/montenegro,본문 수집·도입부 자동 추출,2026-09-27
R112,Re-using the course,아키텍처·표준,확장,확인 불가,,"본문 도입부 발췌(영문): The Interoperable Europe Academy is aiming to provide free of charge, high-quality online courses open to anyone. One of the",분야별 확장 조사 자료,https://interoperable-europe.ec.europa.eu/collection/interoperable-europe-academy/solution/introducing-common-assessment-method-standards-and-specifications-camss/re-using-course,https://interoperable-europe.ec.europa.eu/collection/interoperable-europe-academy/solution/introducing-common-assessment-method-standards-and-specifications-camss/re-using-course,본문 수집·도입부 자동 추출,2026-09-27
R113,Lithuania,운영·사례,확장,확인 불가,,본문 도입부 발췌(영문): Digital Public Administration Factsheets 2025 Digital Public Administration Factsheet Access below the latest Digital Public Administration Factsheet of Lithuania .,분야별 확장 조사 자료,https://interoperable-europe.ec.europa.eu/collection/iopeu-monitoring/lithuania,https://interoperable-europe.ec.europa.eu/collection/iopeu-monitoring/lithuania,본문 수집·도입부 자동 추출,2026-09-27
R114,Open Source Observatory (OSOR),운영·사례,확장,확인 불가,,"본문 도입부 발췌(영문): About OSOR OSOR is a place where the Free and Open Source software community can come together to publish news,",분야별 확장 조사 자료,https://interoperable-europe.ec.europa.eu/collection/open-source-observatory-osor,https://interoperable-europe.ec.europa.eu/collection/open-source-observatory-osor,본문 수집·도입부 자동 추출,2026-09-27
R115,The participation of the SEMIC Team at the Endorse Conference,의미·데이터,확장,확인 불가,,본문 도입부 발췌(영문): Image of the ENDORSE conference 2025 by the Publications Office of the European Union ENDORSE FALL EDITION 2025 With the,분야별 확장 조사 자료,https://interoperable-europe.ec.europa.eu/collection/semic-support-centre/participation-semic-team-endorse-conference,https://interoperable-europe.ec.europa.eu/collection/semic-support-centre/participation-semic-team-endorse-conference,본문 수집·도입부 자동 추출,2026-09-27
R116,Guide: Getting started (for developers) — ITB Guides,구현·적합성시험,확장,확인 불가,,본문 도입부 발췌(영문): Guide: Getting started (for developers) Guide: Getting started (for developers) ï Track Test Bed setup This guide outlines what you,분야별 확장 조사 자료,https://www.itb.ec.europa.eu/docs/guides/latest/onboardingDevelopers/index.html,https://www.itb.ec.europa.eu/docs/guides/latest/onboardingDevelopers/index.html,본문 수집·도입부 자동 추출,2026-09-27
R117,Annex I - List of Member States' Work Plans and Strategies (RP2025),분야별 표준화,확장,확인 불가,,"본문 도입부 발췌(영문): This Annex provides a list of links to strategy documents, policies and work plans on ICT standardisation that are available",분야별 확장 조사 자료,https://interoperable-europe.ec.europa.eu/collection/rolling-plan-ict-standardisation/annex-i-list-member-states-work-plans-and-strategies-rp2025,https://interoperable-europe.ec.europa.eu/collection/rolling-plan-ict-standardisation/annex-i-list-member-states-work-plans-and-strategies-rp2025,본문 수집·도입부 자동 추출,2026-09-27
R118,Release history — GITB Services Documentation,구현·적합성시험,확장,확인 불가,,본문 도입부 발췌(영문): Release history Release history ï The current section provides an overview of changes in each release of the GITB test,분야별 확장 조사 자료,https://www.itb.ec.europa.eu/docs/services/latest/changelog/index.html,https://www.itb.ec.europa.eu/docs/services/latest/changelog/index.html,본문 수집·도입부 자동 추출,2026-09-27
R119,Malta,운영·사례,확장,확인 불가,,본문 도입부 발췌(영문): Digital Public Administration Factsheets 2025 Digital Public Administration Factsheet Access below the latest Digital Public Administration Factsheet of Malta .,분야별 확장 조사 자료,https://interoperable-europe.ec.europa.eu/collection/iopeu-monitoring/malta,https://interoperable-europe.ec.europa.eu/collection/iopeu-monitoring/malta,본문 수집·도입부 자동 추출,2026-09-27
R120,Example test suites — GITB TDL Documentation,구현·적합성시험,확장,확인 불가,,"본문 도입부 발췌(영문): Example test suites Example test suites ï The following section provides downloadable complete examples of GITB TDL test suites ,",분야별 확장 조사 자료,https://www.itb.ec.europa.eu/docs/tdl/latest/examples/index.html,https://www.itb.ec.europa.eu/docs/tdl/latest/examples/index.html,본문 수집·도입부 자동 추출,2026-09-27
R121,"Digital health, healthy living and ageing (RP2025)",분야별 표준화,확장,확인 불가,,"본문 도입부 발췌(영문): (A.) Policy and legislation (A.1) Policy objectives The creation of the European Health Data Space (EHDS), which will enable secure",분야별 확장 조사 자료,https://interoperable-europe.ec.europa.eu/collection/rolling-plan-ict-standardisation/digital-health-healthy-living-and-ageing-rp2025,https://interoperable-europe.ec.europa.eu/collection/rolling-plan-ict-standardisation/digital-health-healthy-living-and-ageing-rp2025,본문 수집·도입부 자동 추출,2026-09-27
R122,Media (RP2025),분야별 표준화,확장,확인 불가,,본문 도입부 발췌(영문): (A.) Policy and legislation (A.1) Policy objectives The European Media Freedom Act was adopted in April 2024 and entered into,분야별 확장 조사 자료,https://interoperable-europe.ec.europa.eu/collection/rolling-plan-ict-standardisation/media-rp2025,https://interoperable-europe.ec.europa.eu/collection/rolling-plan-ict-standardisation/media-rp2025,본문 수집·도입부 자동 추출,2026-09-27
R123,Manage communities — ITB User Guide,구현·적합성시험,확장,확인 불가,,"본문 도입부 발췌(영문): Manage communities Manage communities ï The Community management screen is the place where you can manage the Test Bedâs communities,",분야별 확장 조사 자료,https://www.itb.ec.europa.eu/docs/itb-ta/latest/communityDashboard/index.html,https://www.itb.ec.europa.eu/docs/itb-ta/latest/communityDashboard/index.html,본문 수집·도입부 자동 추출,2026-09-27
R124,Switzerland,운영·사례,확장,확인 불가,,본문 도입부 발췌(영문): Digital Public Administration Factsheets Access below the latest Digital Public Administration Factsheet of Switzerland . It contains: Key digital initiatives,분야별 확장 조사 자료,https://interoperable-europe.ec.europa.eu/collection/iopeu-monitoring/switzerland,https://interoperable-europe.ec.europa.eu/collection/iopeu-monitoring/switzerland,본문 수집·도입부 자동 추출,2026-09-27
R125,Assessment Toolbox,정책·법령,확장,확인 불가,,본문 도입부 발췌(영문): Assessment Toolbox Discover the tools supporting the conduct of interoperability assessments. What is the Assessment Toolbox? Explore the Toolbox Not,분야별 확장 조사 자료,https://interoperable-europe.ec.europa.eu/node/732628,https://interoperable-europe.ec.europa.eu/node/732628,본문 수집·도입부 자동 추출,2026-09-27
R126,Guide: Value proposition — ITB Guides,구현·적합성시험,확장,확인 불가,,본문 도입부 발췌(영문): Guide: Value proposition Guide: Value proposition ï Track Test Bed setup About this guide ï This guide presents the Test,분야별 확장 조사 자료,https://www.itb.ec.europa.eu/docs/guides/latest/valueProposition/index.html,https://www.itb.ec.europa.eu/docs/guides/latest/valueProposition/index.html,본문 수집·도입부 자동 추출,2026-09-27
R127,Manage system configuration — ITB User Guide,구현·적합성시험,확장,확인 불가,,본문 도입부 발췌(영문): Manage system configuration Manage system configuration ï Most configuration in the Test Bed is linked to specific communities and domains,분야별 확장 조사 자료,https://www.itb.ec.europa.eu/docs/itb-ta/latest/systemAdministration/index.html,https://www.itb.ec.europa.eu/docs/itb-ta/latest/systemAdministration/index.html,본문 수집·도입부 자동 추출,2026-09-27
R128,Pandemic preparedness (RP2024),분야별 표준화,확장,확인 불가,,"본문 도입부 발췌(영문): (A.) Policy and legislation (A.1) Policy objectives The corona virus shook Europe and the world to its core, testing our",분야별 확장 조사 자료,https://interoperable-europe.ec.europa.eu/collection/rolling-plan-ict-standardisation/pandemic-preparedness-rp2024,https://interoperable-europe.ec.europa.eu/collection/rolling-plan-ict-standardisation/pandemic-preparedness-rp2024,본문 수집·도입부 자동 추출,2026-09-27
R129,Guide: Installing the Test Bed for development use — ITB Guides,구현·적합성시험,확장,확인 불가,,본문 도입부 발췌(영문): Guide: Installing the Test Bed for development use Guide: Installing the Test Bed for development use ï Track Test Bed,분야별 확장 조사 자료,https://www.itb.ec.europa.eu/docs/guides/latest/installingTheTestBed/index.html,https://www.itb.ec.europa.eu/docs/guides/latest/installingTheTestBed/index.html,본문 수집·도입부 자동 추출,2026-09-27
R130,Kosovo,운영·사례,확장,확인 불가,,본문 도입부 발췌(영문): Digital Public Administration Factsheets 2025 Digital Public Administration Factsheet Access below the latest Digital Public Administration Factsheet of Kosovo .,분야별 확장 조사 자료,https://interoperable-europe.ec.europa.eu/collection/iopeu-monitoring/kosovo,https://interoperable-europe.ec.europa.eu/collection/iopeu-monitoring/kosovo,본문 수집·도입부 자동 추출,2026-09-27
R131,eGovERA for Taxes,아키텍처·표준,확장,확인 불가,,본문 도입부 발췌(영문): Welcome What is the eGovERA© Taxes Reference Architecture? For what? You are working on the... For whom? You are a...,분야별 확장 조사 자료,https://interoperable-europe.ec.europa.eu/collection/interoperability-architecture-solutions/solution/egovera-taxes/welcome,https://interoperable-europe.ec.europa.eu/collection/interoperability-architecture-solutions/solution/egovera-taxes/welcome,본문 수집·도입부 자동 추출,2026-09-27
R132,Interoperable Europe Academy,교육,확장,확인 불가,,"본문 도입부 발췌(영문): Welcome Aligned with the goals of the Interoperable Europe Act , the Interoperable Europe Academy offers high-quality training, expert insights,",분야별 확장 조사 자료,https://interoperable-europe.ec.europa.eu/collection/interoperable-europe-academy/welcome,https://interoperable-europe.ec.europa.eu/collection/interoperable-europe-academy/welcome,본문 수집·도입부 자동 추출,2026-09-27
R133,DCAT-AP High Value Datasets,의미·데이터,확장,2023-12-14 (SEMIC Recommendation),,"본문 도입부 발췌(영문): Copyright © 2023 Introduction Context In light of the growing importance of data, the European Commission has adopted an implementing",분야별 확장 조사 자료,https://semiceu.github.io/DCAT-AP/releases/2.2.0-hvd/,https://semiceu.github.io/DCAT-AP/releases/2.2.0-hvd/,본문 수집·도입부 자동 추출,2026-09-27
R134,"Intelligent Transport Systems - Cooperative, Connected and Automated Mobility (ITS-CCAM) and Electromobility (RP2025)",분야별 표준화,확장,확인 불가,,본문 도입부 발췌(영문): (A.) Policy and legislation (A.1) Policy objectives Intelligent transport systems apply ICT to the mobility sector. ITS services and applications,분야별 확장 조사 자료,https://interoperable-europe.ec.europa.eu/collection/rolling-plan-ict-standardisation/intelligent-transport-systems-cooperative-connected-and-automated-mobility-its-ccam-and-3,https://interoperable-europe.ec.europa.eu/collection/rolling-plan-ict-standardisation/intelligent-transport-systems-cooperative-connected-and-automated-mobility-its-ccam-and-3,본문 수집·도입부 자동 추출,2026-09-27
R135,Internet of Things (RP2025),분야별 표준화,확장,확인 불가,,본문 도입부 발췌(영문): (A.) Policy and legislation (A.1) Policy objectives The Internet of Things (IoT) is a key priority area of the digital,분야별 확장 조사 자료,https://interoperable-europe.ec.europa.eu/collection/rolling-plan-ict-standardisation/internet-things-rp2025,https://interoperable-europe.ec.europa.eu/collection/rolling-plan-ict-standardisation/internet-things-rp2025,본문 수집·도입부 자동 추출,2026-09-27
R136,ePrivacy (RP2024),분야별 표준화,확장,확인 불가,,본문 도입부 발췌(영문): (A.) Policy and legislation (A.1) Policy objectives The ePrivacy Directive and the General Data Protection Regulation provide the legal framework,분야별 확장 조사 자료,https://interoperable-europe.ec.europa.eu/collection/rolling-plan-ict-standardisation/eprivacy-rp2024,https://interoperable-europe.ec.europa.eu/collection/rolling-plan-ict-standardisation/eprivacy-rp2024,본문 수집·도입부 자동 추출,2026-09-27
R137,Messaging services — GITB Services Documentation,구현·적합성시험,확장,확인 불가,,본문 도입부 발췌(영문): Messaging services Messaging services ï GITB messaging services are key components used by the Test Bed to extend its communication,분야별 확장 조사 자료,https://www.itb.ec.europa.eu/docs/services/latest/messaging/index.html,https://www.itb.ec.europa.eu/docs/services/latest/messaging/index.html,본문 수집·도입부 자동 추출,2026-09-27
R138,"Intelligent Transport Systems - Cooperative, Connected and Automated Mobility (ITS-CCAM) and Electromobility (RP2024)",분야별 표준화,확장,확인 불가,,본문 도입부 발췌(영문): (A.) Policy and legislation (A.1) Policy objectives Intelligent transport systems apply ICT to the mobility sector. ITS services and applications,분야별 확장 조사 자료,https://interoperable-europe.ec.europa.eu/collection/rolling-plan-ict-standardisation/intelligent-transport-systems-cooperative-connected-and-automated-mobility-its-ccam-and-2,https://interoperable-europe.ec.europa.eu/collection/rolling-plan-ict-standardisation/intelligent-transport-systems-cooperative-connected-and-automated-mobility-its-ccam-and-2,본문 수집·도입부 자동 추출,2026-09-27
R139,Service template — GITB Services Documentation,구현·적합성시험,확장,확인 불가,,본문 도입부 발췌(영문): Service template Service template ï An executable project template is available to facilitate the development of test support services. This,분야별 확장 조사 자료,https://www.itb.ec.europa.eu/docs/services/latest/templates/index.html,https://www.itb.ec.europa.eu/docs/services/latest/templates/index.html,본문 수집·도입부 자동 추출,2026-09-27
R140,Related materials,교육,확장,확인 불가,,본문 도입부 발췌(영문): Related courses Report abusive content,분야별 확장 조사 자료,https://interoperable-europe.ec.europa.eu/collection/interoperable-europe-academy/solution/access-base-registries-elearning-course/related-materials,https://interoperable-europe.ec.europa.eu/collection/interoperable-europe-academy/solution/access-base-registries-elearning-course/related-materials,본문 수집·도입부 자동 추출,2026-09-27
R141,Interoperability Initiatives - Bosnia and Herzegovina,운영·사례,확장,확인 불가,,"본문 도입부 발췌(영문): Archived This table here below aims at providing an overview of all the initiatives, such as the political communications, guidelines,",분야별 확장 조사 자료,https://interoperable-europe.ec.europa.eu/collection/iopeu-monitoring/interoperability-initiatives-bosnia-and-herzegovina,https://interoperable-europe.ec.europa.eu/collection/iopeu-monitoring/interoperability-initiatives-bosnia-and-herzegovina,본문 수집·도입부 자동 추출,2026-09-27
R142,Data Economy (RP 2024),분야별 표준화,확장,확인 불가,,"본문 도입부 발췌(영문): (A.) Policy and legislation (A.1) Policy objectives Digital technologies are transforming the economy and society, and data is at the",분야별 확장 조사 자료,https://interoperable-europe.ec.europa.eu/collection/rolling-plan-ict-standardisation/data-economy-rp-2024,https://interoperable-europe.ec.europa.eu/collection/rolling-plan-ict-standardisation/data-economy-rp-2024,본문 수집·도입부 자동 추출,2026-09-27
R143,Know more!,아키텍처·표준,확장,확인 불가,,본문 도입부 발췌(영문): CAMSS Context CAMSS history and evolution Roles and responsibilities Change management process CAMSS Generic Privacy Statements (GPS) CAMSS Context For,분야별 확장 조사 자료,https://interoperable-europe.ec.europa.eu/collection/common-assessment-method-standards-and-specifications-camss/know-more,https://interoperable-europe.ec.europa.eu/collection/common-assessment-method-standards-and-specifications-camss/know-more,본문 수집·도입부 자동 추출,2026-09-27
R144,Sweden,운영·사례,확장,확인 불가,,본문 도입부 발췌(영문): Digital Public Administration Factsheets 2025 Digital Public Administration Factsheet Access below the latest Digital Public Administration Factsheet of Sweden .,분야별 확장 조사 자료,https://interoperable-europe.ec.europa.eu/collection/iopeu-monitoring/sweden,https://interoperable-europe.ec.europa.eu/collection/iopeu-monitoring/sweden,본문 수집·도입부 자동 추출,2026-09-27
R145,Austria,운영·사례,확장,확인 불가,,본문 도입부 발췌(영문): Digital Public Administration Factsheets 2025 Digital Public Administration Factsheet Access below the latest Digital Public Administration Factsheet of Austria .,분야별 확장 조사 자료,https://interoperable-europe.ec.europa.eu/collection/iopeu-monitoring/austria,https://interoperable-europe.ec.europa.eu/collection/iopeu-monitoring/austria,본문 수집·도입부 자동 추출,2026-09-27
R146,Courses,교육,확장,확인 불가,,본문 도입부 발췌(영문): You will find below all our courses that will help you boost your interoperability or digital skills. The courses are,분야별 확장 조사 자료,https://interoperable-europe.ec.europa.eu/collection/interoperable-europe-academy/courses,https://interoperable-europe.ec.europa.eu/collection/interoperable-europe-academy/courses,본문 수집·도입부 자동 추출,2026-09-27
R147,Driving Semantic Interoperability Convergence with the SEMIC Semantic Registry,의미·데이터,확장,확인 불가,,본문 도입부 발췌(영문): The European Commission is building cross-border digital services and data spaces that depend on shared semantics. The Semantic Registry is,분야별 확장 조사 자료,https://interoperable-europe.ec.europa.eu/collection/semic-support-centre/driving-semantic-interoperability-convergence-semic-semantic-registry,https://interoperable-europe.ec.europa.eu/collection/semic-support-centre/driving-semantic-interoperability-convergence-semic-semantic-registry,본문 수집·도입부 자동 추출,2026-09-27
R148,Digital skills (RP2025),분야별 표준화,확장,확인 불가,,본문 도입부 발췌(영문): (A.) Policy and legislation (A.1) Policy objectives The development of digital skills is currently a political priority for the European,분야별 확장 조사 자료,https://interoperable-europe.ec.europa.eu/collection/rolling-plan-ict-standardisation/digital-skills-rp2025,https://interoperable-europe.ec.europa.eu/collection/rolling-plan-ict-standardisation/digital-skills-rp2025,본문 수집·도입부 자동 추출,2026-09-27
R149,Iceland,운영·사례,확장,확인 불가,,본문 도입부 발췌(영문): Digital Public Administration Factsheets 2025 Digital Public Administration Factsheet Access below the latest Digital Public Administration Factsheet of Iceland .,분야별 확장 조사 자료,https://interoperable-europe.ec.europa.eu/collection/iopeu-monitoring/iceland,https://interoperable-europe.ec.europa.eu/collection/iopeu-monitoring/iceland,본문 수집·도입부 자동 추출,2026-09-27
R150,News and Events,운영·사례,확장,확인 불가,,"본문 도입부 발췌(영문): Events and activities Under the Interoperable Europe Monitoring , numerous events and activities are organised to foster collaboration, knowledge exchange,",분야별 확장 조사 자료,https://interoperable-europe.ec.europa.eu/collection/iopeu-monitoring/news-and-events,https://interoperable-europe.ec.europa.eu/collection/iopeu-monitoring/news-and-events,본문 수집·도입부 자동 추출,2026-09-27
R151,Interoperability Architecture Solutions,아키텍처·표준,확장,확인 불가,,"본문 도입부 발췌(영문): Welcome Interoperability is the backbone that enables Public Administrations, businesses, and citizens to interact efficiently in a digital ecosystem .",분야별 확장 조사 자료,https://interoperable-europe.ec.europa.eu/collection/interoperability-architecture-solutions/welcome,https://interoperable-europe.ec.europa.eu/collection/interoperability-architecture-solutions/welcome,본문 수집·도입부 자동 추출,2026-09-27
R152,Belgium,운영·사례,확장,확인 불가,,본문 도입부 발췌(영문): Digital Public Administration Factsheets 2025 Digital Public Administration Factsheet Access below the latest Digital Public Administration Factsheet of Belgium .,분야별 확장 조사 자료,https://interoperable-europe.ec.europa.eu/collection/iopeu-monitoring/belgium,https://interoperable-europe.ec.europa.eu/collection/iopeu-monitoring/belgium,본문 수집·도입부 자동 추출,2026-09-27
R153,Retail Payments (RP2024),분야별 표준화,확장,확인 불가,,본문 도입부 발췌(영문): (A.) Policy and legislation (A.1) Policy objectives The speed at which technological change in payments is happening requires targeted policy,분야별 확장 조사 자료,https://interoperable-europe.ec.europa.eu/collection/rolling-plan-ict-standardisation/retail-payments-rp2024,https://interoperable-europe.ec.europa.eu/collection/rolling-plan-ict-standardisation/retail-payments-rp2024,본문 수집·도입부 자동 추출,2026-09-27
R154,Open Source Focus Areas,운영·사례,확장,확인 불가,,"본문 도입부 발췌(영문): This page is periodically updated. If you wish to make a contribution, please do not hesitate to contact us by",분야별 확장 조사 자료,https://interoperable-europe.ec.europa.eu/collection/open-source-observatory-osor/open-source-focus-areas,https://interoperable-europe.ec.europa.eu/collection/open-source-observatory-osor/open-source-focus-areas,본문 수집·도입부 자동 추출,2026-09-27
R155,News and releases,구현·적합성시험,확장,확인 불가,,본문 도입부 발췌(영문): ​ Latest releases The latest releases of the Interoperability Test Bed's solutions are available as follows: For the GITB software,분야별 확장 조사 자료,https://interoperable-europe.ec.europa.eu/collection/interoperability-test-bed-repository/solution/interoperability-test-bed/news-and-releases,https://interoperable-europe.ec.europa.eu/collection/interoperability-test-bed-repository/solution/interoperability-test-bed/news-and-releases,본문 수집·도입부 자동 추출,2026-09-27
R156,Guide: Installing the Test Bed for production use — ITB Guides,구현·적합성시험,확장,확인 불가,,본문 도입부 발췌(영문): Guide: Installing the Test Bed for production use Guide: Installing the Test Bed for production use ï Track Test Bed,분야별 확장 조사 자료,https://www.itb.ec.europa.eu/docs/guides/latest/installingTheTestBedProduction/index.html,https://www.itb.ec.europa.eu/docs/guides/latest/installingTheTestBedProduction/index.html,본문 수집·도입부 자동 추출,2026-09-27
R157,Ukraine,운영·사례,확장,확인 불가,,본문 도입부 발췌(영문): Digital Public Administration Factsheets 2025 Digital Public Administration Factsheet Access below the latest Digital Public Administration Factsheet of Ukraine .,분야별 확장 조사 자료,https://interoperable-europe.ec.europa.eu/collection/iopeu-monitoring/ukraine,https://interoperable-europe.ec.europa.eu/collection/iopeu-monitoring/ukraine,본문 수집·도입부 자동 추출,2026-09-27
R158,Validation services — GITB Services Documentation,구현·적합성시험,확장,확인 불가,,본문 도입부 발췌(영문): Validation services Validation services ï GITB validation services are used to validate input and produce a validation report. They are,분야별 확장 조사 자료,https://www.itb.ec.europa.eu/docs/services/latest/validation/index.html,https://www.itb.ec.europa.eu/docs/services/latest/validation/index.html,본문 수집·도입부 자동 추출,2026-09-27
R159,Solutions,정책·법령,확장,확인 불가,,"본문 도입부 발췌(영문): Solutions help you create European digital services. Solutions includes software, services, core vocabularies, architecture, frameworks, guidelines, licence, specifications and standards.",분야별 확장 조사 자료,https://interoperable-europe.ec.europa.eu/interoperable_solutions,https://interoperable-europe.ec.europa.eu/interoperable_solutions,본문 수집·도입부 자동 추출,2026-09-27
R160,Know more,아키텍처·표준,확장,확인 불가,,본문 도입부 발췌(영문): The EIRA© online documentation Have a look at this page providing extensive information on the the key concepts and benefits,분야별 확장 조사 자료,https://interoperable-europe.ec.europa.eu/collection/interoperability-architecture-solutions/solution/eira/know-more,https://interoperable-europe.ec.europa.eu/collection/interoperability-architecture-solutions/solution/eira/know-more,본문 수집·도입부 자동 추출,2026-09-27
R161,Learning resources,아키텍처·표준,확장,확인 불가,,"본문 도입부 발췌(영문): This page is dedicated to presenting the useful materials to learn about Interoperability Architecture Solutions , and it is part",분야별 확장 조사 자료,https://interoperable-europe.ec.europa.eu/collection/interoperability-architecture-solutions/learning-resources,https://interoperable-europe.ec.europa.eu/collection/interoperability-architecture-solutions/learning-resources,본문 수집·도입부 자동 추출,2026-09-27
R162,Digital learning (RP2025),분야별 표준화,확장,확인 불가,,본문 도입부 발췌(영문): (A.) Policy and legislation (A.1) Policy objectives The development of digital education is currently a political priority for the European,분야별 확장 조사 자료,https://interoperable-europe.ec.europa.eu/collection/rolling-plan-ict-standardisation/digital-learning-rp2025,https://interoperable-europe.ec.europa.eu/collection/rolling-plan-ict-standardisation/digital-learning-rp2025,본문 수집·도입부 자동 추출,2026-09-27
R163,Broadband infrastructure mapping (RP2024),분야별 표준화,확장,확인 불가,,본문 도입부 발췌(영문): Broadband infrastructure mapping (A.) Policy and legislation (A.1) Policy objectives The digital single market must be built on reliable and,분야별 확장 조사 자료,https://interoperable-europe.ec.europa.eu/collection/rolling-plan-ict-standardisation/broadband-infrastructure-mapping-rp2024,https://interoperable-europe.ec.europa.eu/collection/rolling-plan-ict-standardisation/broadband-infrastructure-mapping-rp2024,본문 수집·도입부 자동 추출,2026-09-27
R164,Interoperability Initiatives - Kosovo,운영·사례,확장,확인 불가,,"본문 도입부 발췌(영문): This table here below aims at providing an overview of all the initiatives, such as the political communications, guidelines, and",분야별 확장 조사 자료,https://interoperable-europe.ec.europa.eu/collection/iopeu-monitoring/interoperability-initiatives-kosovo,https://interoperable-europe.ec.europa.eu/collection/iopeu-monitoring/interoperability-initiatives-kosovo,본문 수집·도입부 자동 추출,2026-09-27
R165,The Netherlands,운영·사례,확장,확인 불가,,본문 도입부 발췌(영문): Digital Public Administration Factsheets 2025 Digital Public Administration Factsheet Access below the latest Digital Public Administration Factsheet of The Netherlands,분야별 확장 조사 자료,https://interoperable-europe.ec.europa.eu/collection/iopeu-monitoring/netherlands,https://interoperable-europe.ec.europa.eu/collection/iopeu-monitoring/netherlands,본문 수집·도입부 자동 추출,2026-09-27
R166,Successful implementation of DCAT-AP by EPOS to foster interoperability,의미·데이터,확장,확인 불가,,본문 도입부 발췌(영문): The European Plate Observing System (EPOS) is a European Research Infrastructure Consortium (ERIC) and recognised as a European Strategy Forum,분야별 확장 조사 자료,https://interoperable-europe.ec.europa.eu/collection/semic-support-centre/successful-implementation-dcat-ap-epos-foster-interoperability,https://interoperable-europe.ec.europa.eu/collection/semic-support-centre/successful-implementation-dcat-ap-epos-foster-interoperability,본문 수집·도입부 자동 추출,2026-09-27
R167,France,운영·사례,확장,확인 불가,,"본문 도입부 발췌(영문): Digital Public Administration Factsheets France's 2025 factsheet and supporting document are currently being finalised, and they will be published shortly",분야별 확장 조사 자료,https://interoperable-europe.ec.europa.eu/collection/iopeu-monitoring/france,https://interoperable-europe.ec.europa.eu/collection/iopeu-monitoring/france,본문 수집·도입부 자동 추출,2026-09-27
R168,Developing semantic data standards with different sources of truth,의미·데이터,확장,확인 불가,,본문 도입부 발췌(영문): Table of Contents Abstract 1. Introduction 2. Problem: Developing consistent and coherent data specifications 2.1. The requirements on the dissemination,분야별 확장 조사 자료,https://interoperable-europe.ec.europa.eu/collection/semic-support-centre/developing-semantic-data-standards-different-sources-truth,https://interoperable-europe.ec.europa.eu/collection/semic-support-centre/developing-semantic-data-standards-different-sources-truth,본문 수집·도입부 자동 추출,2026-09-27
R169,Cloud and edge computing (RP 2025),분야별 표준화,확장,확인 불가,,본문 도입부 발췌(영문): (A.) Policy and legislation (A.1) Policy objectives Establishing a coherent framework and conditions for cloud computing was one of the,분야별 확장 조사 자료,https://interoperable-europe.ec.europa.eu/collection/rolling-plan-ict-standardisation/cloud-and-edge-computing-rp-2025,https://interoperable-europe.ec.europa.eu/collection/rolling-plan-ict-standardisation/cloud-and-edge-computing-rp-2025,본문 수집·도입부 자동 추출,2026-09-27
R170,EU Interoperability Solutions Catalogue,정책·법령,확장,확인 불가,,본문 도입부 발췌(영문): Table of contents Discover all interoperability solutions for building European digital public services Submit your interoperability Solution reuse case High,분야별 확장 조사 자료,https://interoperable-europe.ec.europa.eu/interoperability-solutions-catalogue,https://interoperable-europe.ec.europa.eu/interoperability-solutions-catalogue,본문 수집·도입부 자동 추출,2026-09-27
R171,Moldova,운영·사례,확장,확인 불가,,본문 도입부 발췌(영문): Digital Public Administration Factsheets 2025 Digital Public Administration Factsheet Access below the latest Digital Public Administration Factsheet of Moldova .,분야별 확장 조사 자료,https://interoperable-europe.ec.europa.eu/collection/iopeu-monitoring/moldova,https://interoperable-europe.ec.europa.eu/collection/iopeu-monitoring/moldova,본문 수집·도입부 자동 추출,2026-09-27
R172,e-Procurement – pre- and post award (RP2025),분야별 표준화,확장,확인 불가,,"본문 도입부 발췌(영문): (A.) Policy and legislation (A.1) Policy objectives Public procurement must ensure best value for money, while being transparent and simple",분야별 확장 조사 자료,https://interoperable-europe.ec.europa.eu/collection/rolling-plan-ict-standardisation/e-procurement-pre-and-post-award-rp2025,https://interoperable-europe.ec.europa.eu/collection/rolling-plan-ict-standardisation/e-procurement-pre-and-post-award-rp2025,본문 수집·도입부 자동 추출,2026-09-27
R173,SEMIC Support Centre,의미·데이터,확장,확인 불가,,본문 도입부 발췌(영문): Welcome Enabling Interoperable Europe The SEMIC Support Centre is the first step on a journey to become an interoperable European,분야별 확장 조사 자료,https://interoperable-europe.ec.europa.eu/collection/semic-support-centre,https://interoperable-europe.ec.europa.eu/collection/semic-support-centre,본문 수집·도입부 자동 추출,2026-09-27
R174,SEMIC Tooling Assistant,의미·데이터,확장,확인 불가,,본문 도입부 발췌(영문): The Tooling Assistant can be used to search for tools related to semantic data modelling tasks. Readers can explore the,분야별 확장 조사 자료,https://interoperable-europe.ec.europa.eu/collection/semic-support-centre/semic-tooling-assistant,https://interoperable-europe.ec.europa.eu/collection/semic-support-centre/semic-tooling-assistant,본문 수집·도입부 자동 추출,2026-09-27
R175,Export and import your data — ITB User Guide,구현·적합성시험,확장,확인 불가,,본문 도입부 발췌(영문): Export and import your data Export and import your data ï A key part of your administration tasks is the,분야별 확장 조사 자료,https://www.itb.ec.europa.eu/docs/itb-ta/latest/exportimport/index.html,https://www.itb.ec.europa.eu/docs/itb-ta/latest/exportimport/index.html,본문 수집·도입부 자동 추출,2026-09-27
R176,Digitalisation of European Industry (RP2025),분야별 표준화,확장,확인 불가,,본문 도입부 발췌(영문): (A.) Policy and legislation (A.1) Policy objectives Industry is central to Europe’s economy. It contributes to Europeans’ prosperity through business,분야별 확장 조사 자료,https://interoperable-europe.ec.europa.eu/collection/rolling-plan-ict-standardisation/digitalisation-european-industry-rp2025,https://interoperable-europe.ec.europa.eu/collection/rolling-plan-ict-standardisation/digitalisation-european-industry-rp2025,본문 수집·도입부 자동 추출,2026-09-27
R177,eGovERA Upscale,아키텍처·표준,확장,확인 불가,,본문 도입부 발췌(영문): Welcome What is the eGovERA© Upscale? For what? You are working on the... For whom? You are a... eGovERA© Upscale's,분야별 확장 조사 자료,https://interoperable-europe.ec.europa.eu/collection/interoperability-architecture-solutions/solution/egovera-upscale/welcome,https://interoperable-europe.ec.europa.eu/collection/interoperability-architecture-solutions/solution/egovera-upscale/welcome,본문 수집·도입부 자동 추출,2026-09-27
R178,EUPL,정책·법령,확장,확인 불가,,"본문 도입부 발췌(영문): Welcome This EUPL collection focuses on open licensing . It includes the European Union Public Licence (EUPL) , a Licensing",분야별 확장 조사 자료,https://interoperable-europe.ec.europa.eu/collection/eupl,https://interoperable-europe.ec.europa.eu/collection/eupl,본문 수집·도입부 자동 추출,2026-09-27
R179,Policy Context,운영·사례,확장,확인 불가,,본문 도입부 발췌(영문): There are several key policy documents and programmes that set the strategic and legislative foundation for advancing digital transformation and,분야별 확장 조사 자료,https://interoperable-europe.ec.europa.eu/collection/iopeu-monitoring/policy-context,https://interoperable-europe.ec.europa.eu/collection/iopeu-monitoring/policy-context,본문 수집·도입부 자동 추출,2026-09-27
R180,Curriculum,교육,확장,확인 불가,,본문 도입부 발췌(영문): This curriculum provides a structured programme of interoperability-related topics and offers educational resources to support the implementation of Europe’s Digital,분야별 확장 조사 자료,https://interoperable-europe.ec.europa.eu/collection/interoperable-europe-academy/curriculum,https://interoperable-europe.ec.europa.eu/collection/interoperable-europe-academy/curriculum,본문 수집·도입부 자동 추출,2026-09-27
R181,Guide: Basic test case messaging — ITB Guides,구현·적합성시험,확장,확인 불가,,본문 도입부 발췌(영문): Guide: Basic test case messaging Guide: Basic test case messaging ï Track Test Bed setup This guide walks you through,분야별 확장 조사 자료,https://www.itb.ec.europa.eu/docs/guides/latest/sendingAndReceivingContent/index.html,https://www.itb.ec.europa.eu/docs/guides/latest/sendingAndReceivingContent/index.html,본문 수집·도입부 자동 추출,2026-09-27
R182,Water Management Digitalisation (RP2025),분야별 표준화,확장,확인 불가,,"본문 도입부 발췌(영문): (A.) Policy and legislation (A.1) Policy objectives Global water challenges are critical for our society, including alterations in water quality",분야별 확장 조사 자료,https://interoperable-europe.ec.europa.eu/collection/rolling-plan-ict-standardisation/water-management-digitalisation-rp2025,https://interoperable-europe.ec.europa.eu/collection/rolling-plan-ict-standardisation/water-management-digitalisation-rp2025,본문 수집·도입부 자동 추출,2026-09-27
R183,Learning resources,아키텍처·표준,확장,확인 불가,,"본문 도입부 발췌(영문): Introducing CAMSS: An overview of the context, purpose and benefits of the CAMSS solutions ELIS Webinar ELAP Webinar CAMSS Interoperable",분야별 확장 조사 자료,https://interoperable-europe.ec.europa.eu/collection/common-assessment-method-standards-and-specifications-camss/learning-resources,https://interoperable-europe.ec.europa.eu/collection/common-assessment-method-standards-and-specifications-camss/learning-resources,본문 수집·도입부 자동 추출,2026-09-27
R184,Türkiye,운영·사례,확장,확인 불가,,본문 도입부 발췌(영문): Digital Public Administration Factsheets 2025 Digital Public Administration Factsheet Access below the latest Digital Public Administration Factsheet of Türkiye .,분야별 확장 조사 자료,https://interoperable-europe.ec.europa.eu/collection/iopeu-monitoring/turkiye,https://interoperable-europe.ec.europa.eu/collection/iopeu-monitoring/turkiye,본문 수집·도입부 자동 추출,2026-09-27
R185,Semic Conference,의미·데이터,확장,확인 불가,,"본문 도입부 발췌(영문): Home Join SEMIC 2026: Interoperable Europe driving competitiveness Join Europe’s interoperability and digital government community for SEMIC 2026, the European",분야별 확장 조사 자료,https://interoperable-europe.ec.europa.eu/collection/semic-conference,https://interoperable-europe.ec.europa.eu/collection/semic-conference,본문 수집·도입부 자동 추출,2026-09-27
R186,GITB TDL Documentation — GITB TDL Documentation,구현·적합성시험,확장,확인 불가,,본문 도입부 발췌(영문): GITB TDL Documentation GITB TDL Documentation ï Welcome to the documentation of the GITB Test Description Language (TDL) . The,분야별 확장 조사 자료,https://www.itb.ec.europa.eu/docs/tdl/latest/index.html,https://www.itb.ec.europa.eu/docs/tdl/latest/index.html,본문 수집·도입부 자동 추출,2026-09-27
R187,Success stories,아키텍처·표준,확장,확인 불가,,본문 도입부 발췌(영문): Public Administrations are benefiting from EIRA© and eGovERA© as responses to their needs for more interoperable Digital Public Services. Below,분야별 확장 조사 자료,https://interoperable-europe.ec.europa.eu/collection/interoperability-architecture-solutions/success-stories,https://interoperable-europe.ec.europa.eu/collection/interoperability-architecture-solutions/success-stories,본문 수집·도입부 자동 추출,2026-09-27
R188,Test steps — GITB TDL Documentation,구현·적합성시험,확장,확인 불가,,본문 도입부 발췌(영문): Test steps Test steps ï Overview ï TDL test steps are used to capture a test caseâs core testing logic.,분야별 확장 조사 자료,https://www.itb.ec.europa.eu/docs/tdl/latest/constructs/index.html,https://www.itb.ec.europa.eu/docs/tdl/latest/constructs/index.html,본문 수집·도입부 자동 추출,2026-09-27
R189,FAQs,정책·법령,확장,확인 불가,,본문 도입부 발췌(영문): 1. What is the Interoperable Europe Act about? The central goal of the Interoperable Europe Act is to improve digital,분야별 확장 조사 자료,https://interoperable-europe.ec.europa.eu/interoperable-europe/faqs,https://interoperable-europe.ec.europa.eu/interoperable-europe/faqs,본문 수집·도입부 자동 추출,2026-09-27
R190,Data Economy (RP 2025),분야별 표준화,확장,확인 불가,,"본문 도입부 발췌(영문): (A.) Policy and legislation (A.1) Policy objectives Digital technologies are transforming the economy and society, and data is at the",분야별 확장 조사 자료,https://interoperable-europe.ec.europa.eu/collection/rolling-plan-ict-standardisation/data-economy-rp-2025,https://interoperable-europe.ec.europa.eu/collection/rolling-plan-ict-standardisation/data-economy-rp-2025,본문 수집·도입부 자동 추출,2026-09-27
R191,Solutions for Interoperability Architecture,아키텍처·표준,확장,확인 불가,,"본문 도입부 발췌(영문): Interoperability Architecture Solutions Interoperability Architecture Solutions encompass a variety of tools designed to assist public administrations, service providers, and other",분야별 확장 조사 자료,https://interoperable-europe.ec.europa.eu/collection/interoperability-architecture-solutions/solutions-interoperability-architecture,https://interoperable-europe.ec.europa.eu/collection/interoperability-architecture-solutions/solutions-interoperability-architecture,본문 수집·도입부 자동 추출,2026-09-27
R192,Rolling Plan 2025,분야별 표준화,확장,확인 불가,,"본문 도입부 발췌(영문): Archived Disclaimer The Rolling Plan for ICT standardisation is a working document published by the European Commission, taking into account",분야별 확장 조사 자료,https://interoperable-europe.ec.europa.eu/collection/rolling-plan-ict-standardisation/rolling-plan-2025,https://interoperable-europe.ec.europa.eu/collection/rolling-plan-ict-standardisation/rolling-plan-2025,본문 수집·도입부 자동 추출,2026-09-27
R193,e-Infrastructures for data and computing intensive science and the European Open Science Cloud (RP2024),분야별 표준화,확장,확인 불가,,본문 도입부 발췌(영문): (A.) Policy and legislation (A.1) Policy objectives Research data and computing infrastructures fostering a paradigm shift in science (Open Science),분야별 확장 조사 자료,https://interoperable-europe.ec.europa.eu/collection/rolling-plan-ict-standardisation/e-infrastructures-data-and-computing-intensive-science-and-european-open-science-cloud-rp2024,https://interoperable-europe.ec.europa.eu/collection/rolling-plan-ict-standardisation/e-infrastructures-data-and-computing-intensive-science-and-european-open-science-cloud-rp2024,본문 수집·도입부 자동 추출,2026-09-27
R194,e-Invoicing (RP2025),분야별 표준화,확장,확인 불가,,"본문 도입부 발췌(영문): (A.) Policy and legislation (A.1) Policy objectives Electronic invoicing (eInvoicing), as defined in Directive 2014/55/EU, is the process through which",분야별 확장 조사 자료,https://interoperable-europe.ec.europa.eu/collection/rolling-plan-ict-standardisation/e-invoicing-rp2025,https://interoperable-europe.ec.europa.eu/collection/rolling-plan-ict-standardisation/e-invoicing-rp2025,본문 수집·도입부 자동 추출,2026-09-27
R195,e-Infrastructures for data and computing intensive science and the European Open Science Cloud (RP2025),분야별 표준화,확장,확인 불가,,본문 도입부 발췌(영문): (A.) Policy and legislation (A.1) Policy objectives Research data and computing infrastructures fostering a paradigm shift in science (Open Science),분야별 확장 조사 자료,https://interoperable-europe.ec.europa.eu/collection/rolling-plan-ict-standardisation/e-infrastructures-data-and-computing-intensive-science-and-european-open-science-cloud-rp2025,https://interoperable-europe.ec.europa.eu/collection/rolling-plan-ict-standardisation/e-infrastructures-data-and-computing-intensive-science-and-european-open-science-cloud-rp2025,본문 수집·도입부 자동 추출,2026-09-27
R196,Portal support,정책·법령,확장,확인 불가,,본문 도입부 발췌(영문): Welcome The Interoperable Europe Portal The Portal provides you all information related to cross-border interoperability of European digital public services.,분야별 확장 조사 자료,https://interoperable-europe.ec.europa.eu/collection/portal-support,https://interoperable-europe.ec.europa.eu/collection/portal-support,본문 수집·도입부 자동 추출,2026-09-27
R197,Robotics and autonomous systems (RP 2024),분야별 표준화,확장,확인 불가,,본문 도입부 발췌(영문): (A.) Policy and legislation (A.1) Policy objectives The importance of robotics and autonomous systems (RAS) lies in its strong economic,분야별 확장 조사 자료,https://interoperable-europe.ec.europa.eu/collection/rolling-plan-ict-standardisation/robotics-and-autonomous-systems-rp-2024,https://interoperable-europe.ec.europa.eu/collection/rolling-plan-ict-standardisation/robotics-and-autonomous-systems-rp-2024,본문 수집·도입부 자동 추출,2026-09-27
R198,Digitalisation of European Industry (RP2024),분야별 표준화,확장,확인 불가,,본문 도입부 발췌(영문): (A.) Policy and legislation (A.1) Policy objectives Industry is central to Europe’s economy. It contributes to Europeans’ prosperity through business,분야별 확장 조사 자료,https://interoperable-europe.ec.europa.eu/collection/rolling-plan-ict-standardisation/digitalisation-european-industry-rp2024,https://interoperable-europe.ec.europa.eu/collection/rolling-plan-ict-standardisation/digitalisation-european-industry-rp2024,본문 수집·도입부 자동 추출,2026-09-27
R199,Albania,운영·사례,확장,확인 불가,,본문 도입부 발췌(영문): Digital Public Administration Factsheets 2025 Digital Public Administration Factsheet Access below the latest Digital Public Administration Factsheet of Albania .,분야별 확장 조사 자료,https://interoperable-europe.ec.europa.eu/collection/iopeu-monitoring/albania,https://interoperable-europe.ec.europa.eu/collection/iopeu-monitoring/albania,본문 수집·도입부 자동 추출,2026-09-27
R200,Re-using the course,교육,확장,확인 불가,,"본문 도입부 발췌(영문): The Interoperable Europe Academy is aiming to provide free of charge, high-quality online courses open to anyone. One of the",분야별 확장 조사 자료,https://interoperable-europe.ec.europa.eu/collection/interoperable-europe-academy/solution/digital-ready-policymaking/re-using-course,https://interoperable-europe.ec.europa.eu/collection/interoperable-europe-academy/solution/digital-ready-policymaking/re-using-course,본문 수집·도입부 자동 추출,2026-09-27
R201,ICT Environmental impact (RP2025),분야별 표준화,확장,확인 불가,,본문 도입부 발췌(영문): (A.) Policy and legislation (A.1) Policy objectives ICT is currently one of the fastest growing greenhouse gas-emitting and energy management,분야별 확장 조사 자료,https://interoperable-europe.ec.europa.eu/collection/rolling-plan-ict-standardisation/ict-environmental-impact-rp2025,https://interoperable-europe.ec.europa.eu/collection/rolling-plan-ict-standardisation/ict-environmental-impact-rp2025,본문 수집·도입부 자동 추출,2026-09-27
R202,Interoperability assessments space,평가·증빙,확장,확인 불가,,"본문 도입부 발췌(영문): Welcome Welcome to the Interoperability assessments space This space is dedicated to sharing knowledge and tools on interoperability assessments ,",분야별 확장 조사 자료,https://interoperable-europe.ec.europa.eu/collection/assessments,https://interoperable-europe.ec.europa.eu/collection/assessments,본문 수집·도입부 자동 추출,2026-09-27
R203,Re-using the course,평가·증빙,확장,확인 불가,,"본문 도입부 발췌(영문): The Interoperable Europe Academy is aiming to provide free of charge, high-quality online courses open to anyone. One of the",분야별 확장 조사 자료,https://interoperable-europe.ec.europa.eu/collection/interoperable-europe-academy/solution/interoperability-assessments-introduction/re-using-course,https://interoperable-europe.ec.europa.eu/collection/interoperable-europe-academy/solution/interoperability-assessments-introduction/re-using-course,본문 수집·도입부 자동 추출,2026-09-27
R204,Broadband infrastructure mapping (RP2025),분야별 표준화,확장,확인 불가,,본문 도입부 발췌(영문): (A.) Policy and legislation (A.1) Policy objectives The digital single market must be built on reliable and trustworthy data. In,분야별 확장 조사 자료,https://interoperable-europe.ec.europa.eu/collection/rolling-plan-ict-standardisation/broadband-infrastructure-mapping-rp2025,https://interoperable-europe.ec.europa.eu/collection/rolling-plan-ict-standardisation/broadband-infrastructure-mapping-rp2025,본문 수집·도입부 자동 추출,2026-09-27
R205,Interoperable Europe Support Centre,정책·법령,확장,확인 불가,,본문 도입부 발췌(영문): Discover resources on how to improve the interoperability of European digital public services. 1. Introduction to interoperability Interoperability relates to,분야별 확장 조사 자료,https://interoperable-europe.ec.europa.eu/interoperable-europe-support-centre,https://interoperable-europe.ec.europa.eu/interoperable-europe-support-centre,본문 수집·도입부 자동 추출,2026-09-27
R206,Service health — ITB User Guide,구현·적합성시험,확장,확인 불가,,본문 도입부 발췌(영문): Service health Service health ï The Test Bedâs functioning involves the configuration of internal core services that need to be,분야별 확장 조사 자료,https://www.itb.ec.europa.eu/docs/itb-ta/latest/serviceHealth/index.html,https://www.itb.ec.europa.eu/docs/itb-ta/latest/serviceHealth/index.html,본문 수집·도입부 자동 추출,2026-09-27
R207,Pandemic preparedness (RP2025),분야별 표준화,확장,확인 불가,,"본문 도입부 발췌(영문): (A.) Policy and legislation (A.1) Policy objectives The corona virus shook Europe and the world to its core, testing our",분야별 확장 조사 자료,https://interoperable-europe.ec.europa.eu/collection/rolling-plan-ict-standardisation/pandemic-preparedness-rp2025,https://interoperable-europe.ec.europa.eu/collection/rolling-plan-ict-standardisation/pandemic-preparedness-rp2025,본문 수집·도입부 자동 추출,2026-09-27
R208,Interoperability assessments space,평가·증빙,확장,확인 불가,,"본문 도입부 발췌(영문): Welcome Welcome to the Interoperability assessments space This space is dedicated to sharing knowledge and tools on interoperability assessments ,",분야별 확장 조사 자료,https://interoperable-europe.ec.europa.eu/collection/assessments/welcome,https://interoperable-europe.ec.europa.eu/collection/assessments/welcome,본문 수집·도입부 자동 추출,2026-09-27
R209,Guide: Deploying preconfigured Test Bed instances — ITB Guides,구현·적합성시험,확장,확인 불가,,본문 도입부 발췌(영문): Guide: Deploying preconfigured Test Bed instances Guide: Deploying preconfigured Test Bed instances ï Track Test Bed use This guide walks,분야별 확장 조사 자료,https://www.itb.ec.europa.eu/docs/guides/latest/definingASandbox/index.html,https://www.itb.ec.europa.eu/docs/guides/latest/definingASandbox/index.html,본문 수집·도입부 자동 추출,2026-09-27
R210,5G and beyond (RP 2024),분야별 표준화,확장,확인 불가,,"본문 도입부 발췌(영문): (A.) Policy and legislation (A.1) Policy objectives The 2015 digital single market (DSM) strategy and the communication "" Towards connectivity",분야별 확장 조사 자료,https://interoperable-europe.ec.europa.eu/collection/rolling-plan-ict-standardisation/5g-and-beyond-rp-2024,https://interoperable-europe.ec.europa.eu/collection/rolling-plan-ict-standardisation/5g-and-beyond-rp-2024,본문 수집·도입부 자동 추출,2026-09-27
R211,Interoperable Europe Board,정책·법령,확장,확인 불가,,본문 도입부 발췌(영문): Welcome The Interoperable Europe Board is established by the Interoperable Europe Act. It brings together high-level representatives from Member States,분야별 확장 조사 자료,https://interoperable-europe.ec.europa.eu/collection/governance-board/welcome,https://interoperable-europe.ec.europa.eu/collection/governance-board/welcome,본문 수집·도입부 자동 추출,2026-09-27
R212,IOPEU Monitoring,운영·사례,확장,확인 불가,,본문 도입부 발췌(영문): Overview Discover the Interoperable Europe (IOPEU) Monitoring Collection The Interoperable Europe (IOPEU) Monitoring Collection is the main entry point to,분야별 확장 조사 자료,https://interoperable-europe.ec.europa.eu/collection/iopeu-monitoring/overview,https://interoperable-europe.ec.europa.eu/collection/iopeu-monitoring/overview,본문 수집·도입부 자동 추출,2026-09-27
R213,Web 4.0 and virtual worlds (RP 2025),분야별 표준화,확장,확인 불가,,"본문 도입부 발췌(영문): (A.) Policy and legislation (A.1) Policy objectives In 2023, the Commission adopted a new strategy on Web 4.0 and virtual",분야별 확장 조사 자료,https://interoperable-europe.ec.europa.eu/collection/rolling-plan-ict-standardisation/web-40-and-virtual-worlds-rp-2025,https://interoperable-europe.ec.europa.eu/collection/rolling-plan-ict-standardisation/web-40-and-virtual-worlds-rp-2025,본문 수집·도입부 자동 추출,2026-09-27
R214,AI in the public sector,정책·법령,확장,확인 불가,,"본문 도입부 발췌(영문): Welcome Across Europe, public administrations are increasingly exploring how artificial intelligence (AI) can help them deliver better services to citizens,",분야별 확장 조사 자료,https://interoperable-europe.ec.europa.eu/collection/ai-public-sector,https://interoperable-europe.ec.europa.eu/collection/ai-public-sector,본문 수집·도입부 자동 추출,2026-09-27
R215,Rolling Plan 2024,분야별 표준화,확장,확인 불가,,본문 도입부 발췌(영문): Archived Introduction The Rolling Plan for ICT Standardisation provides a unique bridge between EU policies and standardisation activities concerning information,분야별 확장 조사 자료,https://interoperable-europe.ec.europa.eu/collection/rolling-plan-ict-standardisation/rolling-plan-2024,https://interoperable-europe.ec.europa.eu/collection/rolling-plan-ict-standardisation/rolling-plan-2024,본문 수집·도입부 자동 추출,2026-09-27
R216,Digital Public Administration and Interoperability at national level - Moldova,운영·사례,확장,확인 불가,,본문 도입부 발췌(영문): Report abusive content,분야별 확장 조사 자료,https://interoperable-europe.ec.europa.eu/collection/iopeu-monitoring/digital-public-administration-and-interoperability-national-level-moldova,https://interoperable-europe.ec.europa.eu/collection/iopeu-monitoring/digital-public-administration-and-interoperability-national-level-moldova,본문 수집·도입부 자동 추출,2026-09-27
R217,Interoperability Initiatives - Albania,운영·사례,확장,확인 불가,,"본문 도입부 발췌(영문): Archived This table here below aims at providing an overview of all the initiatives, such as the political communications, guidelines,",분야별 확장 조사 자료,https://interoperable-europe.ec.europa.eu/collection/iopeu-monitoring/interoperability-initiatives-albania,https://interoperable-europe.ec.europa.eu/collection/iopeu-monitoring/interoperability-initiatives-albania,본문 수집·도입부 자동 추출,2026-09-27
R218,e-Procurement – pre- and post award (RP2024),분야별 표준화,확장,확인 불가,,"본문 도입부 발췌(영문): (A.) Policy and legislation (A.1) Policy objectives Public procurement must ensure best value for money, while being transparent and simple",분야별 확장 조사 자료,https://interoperable-europe.ec.europa.eu/collection/rolling-plan-ict-standardisation/e-procurement-pre-and-post-award-rp2024,https://interoperable-europe.ec.europa.eu/collection/rolling-plan-ict-standardisation/e-procurement-pre-and-post-award-rp2024,본문 수집·도입부 자동 추출,2026-09-27
R219,Circular economy and sustainability (RP 2024),분야별 표준화,확장,확인 불가,,"본문 도입부 발췌(영문): (A.) Policy and legislation (A.1) Policy objectives Circular Economy (CE) is a top priority of the European Green Deal, which",분야별 확장 조사 자료,https://interoperable-europe.ec.europa.eu/collection/rolling-plan-ict-standardisation/circular-economy-and-sustainability-rp-2024,https://interoperable-europe.ec.europa.eu/collection/rolling-plan-ict-standardisation/circular-economy-and-sustainability-rp-2024,본문 수집·도입부 자동 추출,2026-09-27
R220,GITB Services Documentation — GITB Services Documentation,구현·적합성시험,확장,확인 불가,,본문 도입부 발췌(영문): GITB Services Documentation GITB Services Documentation ï Welcome to the documentation of the GITB Test Services . The GITB specifications,분야별 확장 조사 자료,https://www.itb.ec.europa.eu/docs/services/latest/index.html,https://www.itb.ec.europa.eu/docs/services/latest/index.html,본문 수집·도입부 자동 추출,2026-09-27
R221,Web 4.0 and virtual worlds (RP 2024),분야별 표준화,확장,확인 불가,,"본문 도입부 발췌(영문): (A.) Policy and legislation (A.1) Policy objectives In 2023, the Commission adopted a new strategy on Web 4.0 and virtual",분야별 확장 조사 자료,https://interoperable-europe.ec.europa.eu/collection/rolling-plan-ict-standardisation/web-40-and-virtual-worlds-rp-2024,https://interoperable-europe.ec.europa.eu/collection/rolling-plan-ict-standardisation/web-40-and-virtual-worlds-rp-2024,본문 수집·도입부 자동 추출,2026-09-27
R222,Policy briefs,교육,확장,확인 불가,,본문 도입부 발췌(영문): Peer-learning policy briefs are a new initiative carried out by the Interoperable Europe Academy aimed at fostering the improvement of,분야별 확장 조사 자료,https://interoperable-europe.ec.europa.eu/collection/interoperable-europe-academy/policy-briefs,https://interoperable-europe.ec.europa.eu/collection/interoperable-europe-academy/policy-briefs,본문 수집·도입부 자동 추출,2026-09-27
R223,Quantum Technologies (RP2025),분야별 표준화,확장,확인 불가,,본문 도입부 발췌(영문): (A.) Policy and legislation (A.1) Policy objectives Quantum Technologies (QT) include a variety of novel concepts with the aim to,분야별 확장 조사 자료,https://interoperable-europe.ec.europa.eu/collection/rolling-plan-ict-standardisation/quantum-technologies-rp2025,https://interoperable-europe.ec.europa.eu/collection/rolling-plan-ict-standardisation/quantum-technologies-rp2025,본문 수집·도입부 자동 추출,2026-09-27
R224,Governance - Serbia,운영·사례,확장,확인 불가,,"본문 도입부 발췌(영문): The table below aims at gathering the administrative and governmental bodies of Serbia, which are responsible for digital public administration",분야별 확장 조사 자료,https://interoperable-europe.ec.europa.eu/collection/iopeu-monitoring/governance-serbia,https://interoperable-europe.ec.europa.eu/collection/iopeu-monitoring/governance-serbia,본문 수집·도입부 자동 추출,2026-09-27
R225,Construction - building information modelling (RP2025),분야별 표준화,확장,확인 불가,,"본문 도입부 발췌(영문): (A.) Policy and legislation (A.1) Policy objectives The construction sector is one of the pillars of the EU economy, contributing",분야별 확장 조사 자료,https://interoperable-europe.ec.europa.eu/collection/rolling-plan-ict-standardisation/construction-building-information-modelling-rp2025,https://interoperable-europe.ec.europa.eu/collection/rolling-plan-ict-standardisation/construction-building-information-modelling-rp2025,본문 수집·도입부 자동 추출,2026-09-27
R226,Public Sector Tech Watch,정책·법령,확장,확인 불가,,본문 도입부 발췌(영문): Welcome page Welcome to the Public Sector Tech Watch Public Sector Tech Watch (PSTW) is the European Commission Observatory dedicated,분야별 확장 조사 자료,https://interoperable-europe.ec.europa.eu/collection/public-sector-tech-watch,https://interoperable-europe.ec.europa.eu/collection/public-sector-tech-watch,본문 수집·도입부 자동 추출,2026-09-27
R227,Manage test configuration — ITB User Guide,구현·적합성시험,확장,확인 불가,,본문 도입부 발췌(영문): Manage test configuration Manage test configuration ï As Test Bed administrator you are able to work in parallel with community,분야별 확장 조사 자료,https://www.itb.ec.europa.eu/docs/itb-ta/latest/domainDashboard/index.html,https://www.itb.ec.europa.eu/docs/itb-ta/latest/domainDashboard/index.html,본문 수집·도입부 자동 추출,2026-09-27
R228,EU Digital Funding Opportunities,정책·법령,확장,확인 불가,,본문 도입부 발췌(영문): The European Union (EU) supports the digital transformation of public administrations through various funding programmes . Here’s an overview of,분야별 확장 조사 자료,https://interoperable-europe.ec.europa.eu/eu-digital-funding-opportunities,https://interoperable-europe.ec.europa.eu/eu-digital-funding-opportunities,본문 수집·도입부 자동 추출,2026-09-27
R229,Smart and sustainable cities and communities (RP2025),분야별 표준화,확장,확인 불가,,본문 도입부 발췌(영문): (A.) Policy and legislation (A.1) Policy objectives Smart urban technologies can make a significant contribution to the sustainable development of,분야별 확장 조사 자료,https://interoperable-europe.ec.europa.eu/collection/rolling-plan-ict-standardisation/smart-and-sustainable-cities-and-communities-rp2025,https://interoperable-europe.ec.europa.eu/collection/rolling-plan-ict-standardisation/smart-and-sustainable-cities-and-communities-rp2025,본문 수집·도입부 자동 추출,2026-09-27
R230,Preservation of digital cinema (RP2025),분야별 표준화,확장,확인 불가,,본문 도입부 발췌(영문): (A.) Policy and legislation (A.1) Policy objectives The 2005 European Parliament and Council Recommendation on film heritage recommended Member States,분야별 확장 조사 자료,https://interoperable-europe.ec.europa.eu/collection/rolling-plan-ict-standardisation/preservation-digital-cinema-rp2025,https://interoperable-europe.ec.europa.eu/collection/rolling-plan-ict-standardisation/preservation-digital-cinema-rp2025,본문 수집·도입부 자동 추출,2026-09-27
R231,About the Rolling Plan for ICT Standardisation (RP2025),분야별 표준화,확장,확인 불가,,본문 도입부 발췌(영문): Standards (1) play a critical role in supporting EU policies and legislation. The European standardisation system is governed by the,분야별 확장 조사 자료,https://interoperable-europe.ec.europa.eu/collection/rolling-plan-ict-standardisation/about-rolling-plan-ict-standardisation-rp2025,https://interoperable-europe.ec.europa.eu/collection/rolling-plan-ict-standardisation/about-rolling-plan-ict-standardisation-rp2025,본문 수집·도입부 자동 추출,2026-09-27
R232,Knowledge Centre,운영·사례,확장,확인 불가,,"본문 도입부 발췌(영문): This page is periodically updated. If you wish to make a contribution, please do not hesitate to contact us by",분야별 확장 조사 자료,https://interoperable-europe.ec.europa.eu/collection/open-source-observatory-osor/knowledge-centre,https://interoperable-europe.ec.europa.eu/collection/open-source-observatory-osor/knowledge-centre,본문 수집·도입부 자동 추출,2026-09-27
R233,5G and beyond (RP 2025),분야별 표준화,확장,확인 불가,,본문 도입부 발췌(영문): (A.) Policy and legislation (A.1) Policy objectives The 2015 digital single market (DSM) strategy and the communication “ Towards connectivity,분야별 확장 조사 자료,https://interoperable-europe.ec.europa.eu/collection/rolling-plan-ict-standardisation/5g-and-beyond-rp-2025,https://interoperable-europe.ec.europa.eu/collection/rolling-plan-ict-standardisation/5g-and-beyond-rp-2025,본문 수집·도입부 자동 추출,2026-09-27
R234,Learn-by-doing Report #01,평가·증빙,확장,확인 불가,,본문 도입부 발췌(영문): Rosario GONZALEZ MOYA J… Published on: 28/04/2026 Last update: 30/04/2026 Document This first Learn-by-doing report focuses on the reporting phase,분야별 확장 조사 자료,https://interoperable-europe.ec.europa.eu/collection/assessments/document/learn-doing-report-01,https://interoperable-europe.ec.europa.eu/collection/assessments/document/learn-doing-report-01,본문 수집·도입부 자동 추출,2026-09-27
R235,eCall (RP2025),분야별 표준화,확장,확인 불가,,"본문 도입부 발췌(영문): (A.) Policy and legislation (A.1) Policy objectives The pan-European in-vehicle emergency feature, ‘eCall’, is an interoperable service to be available",분야별 확장 조사 자료,https://interoperable-europe.ec.europa.eu/collection/rolling-plan-ict-standardisation/ecall-rp2025,https://interoperable-europe.ec.europa.eu/collection/rolling-plan-ict-standardisation/ecall-rp2025,본문 수집·도입부 자동 추출,2026-09-27
R236,Interoperable Europe Community,정책·법령,확장,확인 불가,,"본문 도입부 발췌(영문): Welcome Welcome! The Interoperable Europe Community, launched under the Interoperable Europe Act , is providing a common space for public",분야별 확장 조사 자료,https://interoperable-europe.ec.europa.eu/collection/community,https://interoperable-europe.ec.europa.eu/collection/community,본문 수집·도입부 자동 추출,2026-09-27
R237,DCAT-AP High-Value Datasets,의미·데이터,확장,2026-06-10 (SEMIC Draft),,"본문 도입부 발췌(영문): Copyright © 2026 Summary This ""usage guidelines of DCAT-AP for High-Value Datasets"", in short DCAT-AP HVD, provides guidelines on how",분야별 확장 조사 자료,https://semiceu.github.io/DCAT-AP/drafts/3.0.1-hvd/,https://semiceu.github.io/DCAT-AP/drafts/3.0.1-hvd/,본문 수집·도입부 자동 추출,2026-09-27
R238,Annex III - Term Definitions and Main Abbreviations (RP2025),분야별 표준화,확장,확인 불가,,"본문 도입부 발췌(영문): TERM DEFINITIONS EUROPEAN STANDARDS ORGANISATIONS (ESO) The three European standards organisations are listed in Annex I to Regulation 1025/2012/EU, i.e.",분야별 확장 조사 자료,https://interoperable-europe.ec.europa.eu/collection/rolling-plan-ict-standardisation/annex-iii-term-definitions-and-main-abbreviations-rp2025,https://interoperable-europe.ec.europa.eu/collection/rolling-plan-ict-standardisation/annex-iii-term-definitions-and-main-abbreviations-rp2025,본문 수집·도입부 자동 추출,2026-09-27
R239,Preservation of digital cinema (RP2024),분야별 표준화,확장,확인 불가,,본문 도입부 발췌(영문): (A.) Policy and legislation (A.1) Policy objectives The 2005 European Parliament and Council Recommendation on film heritage recommended Member States,분야별 확장 조사 자료,https://interoperable-europe.ec.europa.eu/collection/rolling-plan-ict-standardisation/preservation-digital-cinema-rp2024,https://interoperable-europe.ec.europa.eu/collection/rolling-plan-ict-standardisation/preservation-digital-cinema-rp2024,본문 수집·도입부 자동 추출,2026-09-27
R240,EU Open Source Solutions Catalogue,정책·법령,확장,확인 불가,,본문 도입부 발췌(영문): Discover European Open Source Solutions Browse the catalogue Repository of Open Source Solutions of Public Administrations Centralised platform to discover,분야별 확장 조사 자료,https://interoperable-europe.ec.europa.eu/eu-oss-catalogue,https://interoperable-europe.ec.europa.eu/eu-oss-catalogue,본문 수집·도입부 자동 추출,2026-09-27
R241,Guide: Developing complex tests — ITB Guides,구현·적합성시험,확장,확인 불가,,본문 도입부 발췌(영문): Guide: Developing complex tests Guide: Developing complex tests ï Track Test Bed setup This guide walks you through the process,분야별 확장 조사 자료,https://www.itb.ec.europa.eu/docs/guides/latest/developingComplexTests/index.html,https://www.itb.ec.europa.eu/docs/guides/latest/developingComplexTests/index.html,본문 수집·도입부 자동 추출,2026-09-27
R242,Emergency communications and public warning systems (RP2025),분야별 표준화,확장,확인 불가,,본문 도입부 발췌(영문): (A.) Policy and legislation (A.1) Policy objectives Emergency communications Emergency communications are defined primarily as a means of communication through,분야별 확장 조사 자료,https://interoperable-europe.ec.europa.eu/collection/rolling-plan-ict-standardisation/emergency-communications-and-public-warning-systems-rp2025,https://interoperable-europe.ec.europa.eu/collection/rolling-plan-ict-standardisation/emergency-communications-and-public-warning-systems-rp2025,본문 수집·도입부 자동 추출,2026-09-27
R243,Digital skills (RP2024),분야별 표준화,확장,확인 불가,,본문 도입부 발췌(영문): (A.) Policy and legislation (A.1) Policy objectives The development of digital skills is currently a political priority for the European,분야별 확장 조사 자료,https://interoperable-europe.ec.europa.eu/collection/rolling-plan-ict-standardisation/digital-skills-rp2024,https://interoperable-europe.ec.europa.eu/collection/rolling-plan-ict-standardisation/digital-skills-rp2024,본문 수집·도입부 자동 추출,2026-09-27
R244,Circular economy and sustainability (RP 2025),분야별 표준화,확장,확인 불가,,"본문 도입부 발췌(영문): (A.) Policy and legislation (A.1) Policy objectives Circular Economy (CE) is a top priority of the European Green Deal, which",분야별 확장 조사 자료,https://interoperable-europe.ec.europa.eu/collection/rolling-plan-ict-standardisation/circular-economy-and-sustainability-rp-2025,https://interoperable-europe.ec.europa.eu/collection/rolling-plan-ict-standardisation/circular-economy-and-sustainability-rp-2025,본문 수집·도입부 자동 추출,2026-09-27
R245,EU GovTech,정책·법령,확장,확인 불가,,본문 도입부 발췌(영문): Welcome to EU GovTech Welcome to EU GovTech EU GovTech is an initiative linked to Public Sector Tech Watch dedicated,분야별 확장 조사 자료,https://interoperable-europe.ec.europa.eu/collection/eugovtech,https://interoperable-europe.ec.europa.eu/collection/eugovtech,본문 수집·도입부 자동 추출,2026-09-27
R246,Assessment Toolbox,평가·증빙,확장,확인 불가,,본문 도입부 발췌(영문): Assessment Toolbox Discover the tools supporting the conduct of interoperability assessments. What is the Assessment Toolbox? Explore the Toolbox Not,분야별 확장 조사 자료,https://interoperable-europe.ec.europa.eu/collection/assessments/toolbox-copy,https://interoperable-europe.ec.europa.eu/collection/assessments/toolbox-copy,본문 수집·도입부 자동 추출,2026-09-27
R247,Release history — ITB User Guide,구현·적합성시험,확장,확인 불가,,본문 도입부 발췌(영문): Release history Release history ï The current section provides an overview of the changes introduced in each Test Bed release,분야별 확장 조사 자료,https://www.itb.ec.europa.eu/docs/itb-ta/latest/changeHistory/,https://www.itb.ec.europa.eu/docs/itb-ta/latest/changeHistory/,본문 수집·도입부 자동 추출,2026-09-27
R248,Guide: Installing a validator for production use — ITB Guides,구현·적합성시험,확장,확인 불가,,본문 도입부 발췌(영문): Guide: Installing a validator for production use Guide: Installing a validator for production use ï Track Test Bed operation This,분야별 확장 조사 자료,https://www.itb.ec.europa.eu/docs/guides/latest/installingValidatorProduction/index.html,https://www.itb.ec.europa.eu/docs/guides/latest/installingValidatorProduction/index.html,본문 수집·도입부 자동 추출,2026-09-27
R249,National competent authorities,정책·법령,확장,확인 불가,,"본문 도입부 발췌(영문): To ensure the effective and efficient implementation of the Interoperable Europe Act, Member States are required to designate national competent",분야별 확장 조사 자료,https://interoperable-europe.ec.europa.eu/national-competent-authorities,https://interoperable-europe.ec.europa.eu/national-competent-authorities,본문 수집·도입부 자동 추출,2026-09-27
R250,Hello world — GITB TDL Documentation,구현·적합성시험,확장,확인 불가,,본문 도입부 발췌(영문): Hello world Hello world ï The first step in understanding a new language or framework is typically going through a,분야별 확장 조사 자료,https://www.itb.ec.europa.eu/docs/tdl/latest/helloWorld/index.html,https://www.itb.ec.europa.eu/docs/tdl/latest/helloWorld/index.html,본문 수집·도입부 자동 추출,2026-09-27
R251,European Global Navigation Satellite System (EGNSS) (RP2025),분야별 표준화,확장,확인 불가,,본문 도입부 발췌(영문): (A.) Policy and legislation (A.1) Policy objectives The European Global Navigation Satellite System (EGNSS) encompasses the Global Satellite Navigation System,분야별 확장 조사 자료,https://interoperable-europe.ec.europa.eu/collection/rolling-plan-ict-standardisation/european-global-navigation-satellite-system-egnss-rp2025,https://interoperable-europe.ec.europa.eu/collection/rolling-plan-ict-standardisation/european-global-navigation-satellite-system-egnss-rp2025,본문 수집·도입부 자동 추출,2026-09-27
R252,"Digital health, healthy living and ageing (RP2024)",분야별 표준화,확장,확인 불가,,"본문 도입부 발췌(영문): (A.) Policy and legislation (A.1) Policy objectives The creation of the European Health Data Space (EHDS), which will enable secure",분야별 확장 조사 자료,https://interoperable-europe.ec.europa.eu/collection/rolling-plan-ict-standardisation/digital-health-healthy-living-and-ageing-rp2024,https://interoperable-europe.ec.europa.eu/collection/rolling-plan-ict-standardisation/digital-health-healthy-living-and-ageing-rp2024,본문 수집·도입부 자동 추출,2026-09-27
R253,Funding Opportunities for Open Source Software Projects in the Public Sector,운영·사례,확장,확인 불가,,"본문 도입부 발췌(영문): Securing sustainable funding is one of the key challenges for open source software projects. Across Europe, various funding programmes at",분야별 확장 조사 자료,https://interoperable-europe.ec.europa.eu/collection/open-source-observatory-osor/funding-opportunities-open-source-software-projects-public-sector,https://interoperable-europe.ec.europa.eu/collection/open-source-observatory-osor/funding-opportunities-open-source-software-projects-public-sector,본문 수집·도입부 자동 추출,2026-09-27
R254,Smart grids and smart metering (RP2025),분야별 표준화,확장,확인 불가,,"본문 도입부 발췌(영문): (A.) Policy and legislation (A.1) Policy objectives The energy system is undergoing considerable changes, mainly driven by decarbonisation, decentralisation and",분야별 확장 조사 자료,https://interoperable-europe.ec.europa.eu/collection/rolling-plan-ict-standardisation/smart-grids-and-smart-metering-rp2025,https://interoperable-europe.ec.europa.eu/collection/rolling-plan-ict-standardisation/smart-grids-and-smart-metering-rp2025,본문 수집·도입부 자동 추출,2026-09-27
R255,Knowledge Centre,운영·사례,확장,확인 불가,,"본문 도입부 발췌(영문): Welcome to the knowledge centre, where you will be able to consult different resources at country and European Union level",분야별 확장 조사 자료,https://interoperable-europe.ec.europa.eu/collection/iopeu-monitoring/knowledge-centre,https://interoperable-europe.ec.europa.eu/collection/iopeu-monitoring/knowledge-centre,본문 수집·도입부 자동 추출,2026-09-27
R256,Guide: Using the ITB MCP server for AI-powered test development — ITB Guides,구현·적합성시험,확장,확인 불가,,본문 도입부 발췌(영문): Guide: Using the ITB MCP server for AI-powered test development Guide: Using the ITB MCP server for AI-powered test development,분야별 확장 조사 자료,https://www.itb.ec.europa.eu/docs/guides/latest/agenticTestDevelopment/,https://www.itb.ec.europa.eu/docs/guides/latest/agenticTestDevelopment/,본문 수집·도입부 자동 추출,2026-09-27
R257,Interoperability regulatory sandboxes,정책·법령,확장,확인 불가,,"본문 도입부 발췌(영문): Welcome Welcome to the Interoperability Regulatory Sandbox Hub — your gateway to innovation, experimentation, and collaboration under the Interoperable Europe",분야별 확장 조사 자료,https://interoperable-europe.ec.europa.eu/collection/interoperability-regulatory-sandboxes/welcome,https://interoperable-europe.ec.europa.eu/collection/interoperability-regulatory-sandboxes/welcome,본문 수집·도입부 자동 추출,2026-09-27
R258,AI4DRPM,정책·법령,확장,확인 불가,,"본문 도입부 발췌(영문): With the adoption of the DRPM framework, preparing Legislative Financial and Digital Statement (LFDS) and Digital Statement (DS) became mandatory.",분야별 확장 조사 자료,https://interoperable-europe.ec.europa.eu/collection/digital-ready-policymaking/ai4drpm,https://interoperable-europe.ec.europa.eu/collection/digital-ready-policymaking/ai4drpm,본문 수집·도입부 자동 추출,2026-09-27
R259,Artificial Intelligence (RP2025),분야별 표준화,확장,확인 불가,,"본문 도입부 발췌(영문): (A.) Policy and legislation (A.1) Policy objectives We are using AI on a daily basis, e.g. to translate text, generate",분야별 확장 조사 자료,https://interoperable-europe.ec.europa.eu/collection/rolling-plan-ict-standardisation/artificial-intelligence-rp2025,https://interoperable-europe.ec.europa.eu/collection/rolling-plan-ict-standardisation/artificial-intelligence-rp2025,본문 수집·도입부 자동 추출,2026-09-27
R260,Cybersecurity / network and information security (RP 2024),분야별 표준화,확장,확인 불가,,"본문 도입부 발췌(영문): (A.) Policy and legislation A.1) Policy objectives The EU's Cybersecurity Strategy for the Digital Decade (JOIN/2020/18 final), aims to ensure",분야별 확장 조사 자료,https://interoperable-europe.ec.europa.eu/collection/rolling-plan-ict-standardisation/cybersecurity-network-and-information-security-rp-2024,https://interoperable-europe.ec.europa.eu/collection/rolling-plan-ict-standardisation/cybersecurity-network-and-information-security-rp-2024,본문 수집·도입부 자동 추출,2026-09-27
R261,Related materials,교육,확장,확인 불가,,본문 도입부 발췌(영문): Related courses Report abusive content,분야별 확장 조사 자료,https://interoperable-europe.ec.europa.eu/collection/interoperable-europe-academy/solution/digital-ready-policymaking/related-materials,https://interoperable-europe.ec.europa.eu/collection/interoperable-europe-academy/solution/digital-ready-policymaking/related-materials,본문 수집·도입부 자동 추출,2026-09-27
