제목,URL,발견 페이지,확인 수준,언어
approaches,https://www.xfront.com/Versioning.pdf,https://interoperable-europe.ec.europa.eu/collection/semic-support-centre/mapping-graph-tree-data-structure-case-study-using-core-vocabularies,링크 확인; 첨부 전문 미검토,별도 확인 필요
here,https://semiceu.github.io/Core-Public-Event-Vocabulary/releases/1.1.1/shacl/core-public-event-ap-SHACL.ttl,https://semiceu.github.io/Core-Public-Event-Vocabulary/releases/1.1.1/,링크 확인; 첨부 전문 미검토,별도 확인 필요
here,https://semiceu.github.io/Core-Public-Event-Vocabulary/releases/1.1.1/voc/core-public-event-ap.ttl,https://semiceu.github.io/Core-Public-Event-Vocabulary/releases/1.1.1/,링크 확인; 첨부 전문 미검토,별도 확인 필요
Directive 2010/30/EU,https://ec.europa.eu/smart-regulation/impact/ia_carried_out/docs/ia_2010/sec_2010_1356_en.pdf,https://interoperable-europe.ec.europa.eu/collection/rolling-plan-ict-standardisation/ict-environmental-impact-rp2024,링크 확인; 첨부 전문 미검토,별도 확인 필요
OM(2009) 7604:,https://ec.europa.eu/information_society/activities/sustainable_growth/docs/recommendation_d_vista.pdf,https://interoperable-europe.ec.europa.eu/collection/rolling-plan-ict-standardisation/ict-environmental-impact-rp2024,링크 확인; 첨부 전문 미검토,별도 확인 필요
Link,https://interoperable-europe.ec.europa.eu/sites/default/files/custom-page/attachment/2026-07/eif-monitoring-mechanism-results_2025.xlsx,https://interoperable-europe.ec.europa.eu/collection/iopeu-monitoring/interoperable-europe-monitoring-results,링크 확인; 첨부 전문 미검토,별도 확인 필요
Link,https://interoperable-europe.ec.europa.eu/sites/default/files/custom-page/attachment/2026-07/eif-monitoring-mechanism-results_2023.xlsx,https://interoperable-europe.ec.europa.eu/collection/iopeu-monitoring/interoperable-europe-monitoring-results,링크 확인; 첨부 전문 미검토,별도 확인 필요
Link,https://interoperable-europe.ec.europa.eu/sites/default/files/custom-page/attachment/2026-07/eif-monitoring-mechanism-results_2022.xlsx,https://interoperable-europe.ec.europa.eu/collection/iopeu-monitoring/interoperable-europe-monitoring-results,링크 확인; 첨부 전문 미검토,별도 확인 필요
Link,https://interoperable-europe.ec.europa.eu/system/files/file-visibility/custom-page/attachment/2025-06/BDM%20Report%202024.pdf,https://interoperable-europe.ec.europa.eu/collection/iopeu-monitoring/interoperable-europe-monitoring-results,링크 확인; 첨부 전문 미검토,별도 확인 필요
Link,https://interoperable-europe.ec.europa.eu/system/files/file-visibility/custom-page/attachment/2025-06/BDM%20Report%202023.pdf,https://interoperable-europe.ec.europa.eu/collection/iopeu-monitoring/interoperable-europe-monitoring-results,링크 확인; 첨부 전문 미검토,별도 확인 필요
Link,https://interoperable-europe.ec.europa.eu/system/files/file-visibility/custom-page/attachment/2025-06/BDM%20Report%202022.pdf,https://interoperable-europe.ec.europa.eu/collection/iopeu-monitoring/interoperable-europe-monitoring-results,링크 확인; 첨부 전문 미검토,별도 확인 필요
White Paper on “MEC security: Status of standards support and future evolutions”,https://www.etsi.org/images/files/ETSIWhitePapers/ETSI_WP_46-_MEC_security.pdf,https://interoperable-europe.ec.europa.eu/collection/rolling-plan-ict-standardisation/cloud-and-edge-computing-rp-2024,링크 확인; 첨부 전문 미검토,별도 확인 필요
ETSI GR MEC 035,https://www.etsi.org/deliver/etsi_gr/MEC/001_099/035/03.01.01_60/gr_mec035v030101p.pdf,https://interoperable-europe.ec.europa.eu/collection/rolling-plan-ict-standardisation/cloud-and-edge-computing-rp-2024,링크 확인; 첨부 전문 미검토,별도 확인 필요
ETSI GR ETI 001,https://www.etsi.org/deliver/etsi_gr/ETI/001_099/001/01.01.01_60/gr_ETI001v010101p.pdf,https://interoperable-europe.ec.europa.eu/collection/rolling-plan-ict-standardisation/cloud-and-edge-computing-rp-2024,링크 확인; 첨부 전문 미검토,별도 확인 필요
ETSI GS F5G 004V1.1.1,https://www.etsi.org/deliver/etsi_gs/F5G/001_099/004/01.01.01_60/gs_F5G004v010101p.pdf,https://interoperable-europe.ec.europa.eu/collection/rolling-plan-ict-standardisation/cloud-and-edge-computing-rp-2024,링크 확인; 첨부 전문 미검토,별도 확인 필요
Open Source Software Adoption and Reuse in European Local Governments: A Multiple-Case Study,https://interoperable-europe.ec.europa.eu/sites/default/files/custom-page/attachment/2026-08/open-source-software-adoption-and-reuse-in-european-local-governments-a-multiple-case-study.pdf,https://interoperable-europe.ec.europa.eu/collection/open-source-observatory-osor/osor-events,링크 확인; 첨부 전문 미검토,별도 확인 필요
can be found here,https://interoperable-europe.ec.europa.eu/system/files/file-visibility/inline-files/dors_cluc-osor-presentation-v.02.pptx.pdf,https://interoperable-europe.ec.europa.eu/collection/open-source-observatory-osor/osor-events,링크 확인; 첨부 전문 미검토,별도 확인 필요
can be found here,https://interoperable-europe.ec.europa.eu/system/files/file-visibility/inline-files/local-gov-osor-luxembourg.pdf,https://interoperable-europe.ec.europa.eu/collection/open-source-observatory-osor/osor-events,링크 확인; 첨부 전문 미검토,별도 확인 필요
can be found here,https://interoperable-europe.ec.europa.eu/system/files/file-visibility/inline-files/egov-2025-presentation.pdf,https://interoperable-europe.ec.europa.eu/collection/open-source-observatory-osor/osor-events,링크 확인; 첨부 전문 미검토,별도 확인 필요
can be found here,https://interoperable-europe.ec.europa.eu/system/files/file-visibility/inline-files/dors_cluc-2025-presentation.pdf,https://interoperable-europe.ec.europa.eu/collection/open-source-observatory-osor/osor-events,링크 확인; 첨부 전문 미검토,별도 확인 필요
can be found here,https://interoperable-europe.ec.europa.eu/system/files/file-visibility/inline-files/osor-handbook-fosdem-presentation.pdf,https://interoperable-europe.ec.europa.eu/collection/open-source-observatory-osor/osor-events,링크 확인; 첨부 전문 미검토,별도 확인 필요
here,https://interoperable-europe.ec.europa.eu/system/files/file-visibility/inline-files/presentation-libreoffice-conference.pdf,https://interoperable-europe.ec.europa.eu/collection/open-source-observatory-osor/osor-events,링크 확인; 첨부 전문 미검토,별도 확인 필요
Factsheet (pdf),https://interoperable-europe.ec.europa.eu/sites/default/files/custom-page/attachment/2025-11/iopeu-monitoring_2025-dpaf_poland_vfinal.pdf,https://interoperable-europe.ec.europa.eu/collection/iopeu-monitoring/poland,링크 확인; 첨부 전문 미검토,별도 확인 필요
Supporting Document (pdf),https://interoperable-europe.ec.europa.eu/sites/default/files/custom-page/attachment/2025-11/iopeu-monitoring_2025-supporting-document_poland_vfinal.pdf,https://interoperable-europe.ec.europa.eu/collection/iopeu-monitoring/poland,링크 확인; 첨부 전문 미검토,별도 확인 필요
Act on the Computerisation of the Operations of Entities Performing Public Tasks,https://dziennikustaw.gov.pl/D2025000115801.pdf,https://interoperable-europe.ec.europa.eu/collection/iopeu-monitoring/poland,링크 확인; 첨부 전문 미검토,별도 확인 필요
https://www.itu.int/en/ITU-T/focusgroups/dfs/Documents/201703/ITU_FGDFS_Main-Recommendations.pdf,https://www.itu.int/en/ITU-T/focusgroups/dfs/Documents/201703/ITU_FGDFS_Main-Recommendations.pdf,https://interoperable-europe.ec.europa.eu/collection/rolling-plan-ict-standardisation/fintech-and-regtech-standardisation-rp2025,링크 확인; 첨부 전문 미검토,별도 확인 필요
Factsheet (pdf),https://interoperable-europe.ec.europa.eu/sites/default/files/custom-page/attachment/2025-11/iopeu-monitoring_2025-dpaf_portugal_vfinal.pdf,https://interoperable-europe.ec.europa.eu/collection/iopeu-monitoring/portugal,링크 확인; 첨부 전문 미검토,별도 확인 필요
Supporting Document (pdf),https://interoperable-europe.ec.europa.eu/sites/default/files/custom-page/attachment/2025-11/iopeu-monitoring_2025-supporting-document_portugal_vfinal.pdf,https://interoperable-europe.ec.europa.eu/collection/iopeu-monitoring/portugal,링크 확인; 첨부 전문 미검토,별도 확인 필요
https://www.etsi.org/deliver/etsi_gs/qkd/001_099/005/01.01.01_60/gs_qkd005v010101p.pdf,https://www.etsi.org/deliver/etsi_gs/qkd/001_099/005/01.01.01_60/gs_qkd005v010101p.pdf,https://interoperable-europe.ec.europa.eu/collection/rolling-plan-ict-standardisation/quantum-technologies-rp2024,링크 확인; 첨부 전문 미검토,별도 확인 필요
https://www.etsi.org/deliver/etsi_gs/QKD/001_099/016/01.01.01_60/gs_QKD016v010101p.pdf,https://www.etsi.org/deliver/etsi_gs/QKD/001_099/016/01.01.01_60/gs_QKD016v010101p.pdf,https://interoperable-europe.ec.europa.eu/collection/rolling-plan-ict-standardisation/quantum-technologies-rp2024,링크 확인; 첨부 전문 미검토,별도 확인 필요
https://www.etsi.org/deliver/etsi_gr/QKD/001_099/003/02.01.01_60/gr_qkd003v020101p.pdf,https://www.etsi.org/deliver/etsi_gr/QKD/001_099/003/02.01.01_60/gr_qkd003v020101p.pdf,https://interoperable-europe.ec.europa.eu/collection/rolling-plan-ict-standardisation/quantum-technologies-rp2024,링크 확인; 첨부 전문 미검토,별도 확인 필요
https://www.etsi.org/deliver/etsi_gs/qkd/001_099/011/01.01.01_60/gs_qkd011v010101p.pdf,https://www.etsi.org/deliver/etsi_gs/qkd/001_099/011/01.01.01_60/gs_qkd011v010101p.pdf,https://interoperable-europe.ec.europa.eu/collection/rolling-plan-ict-standardisation/quantum-technologies-rp2024,링크 확인; 첨부 전문 미검토,별도 확인 필요
https://www.etsi.org/deliver/etsi_gs/qkd/001_099/008/01.01.01_60/gs_qkd008v010101p.pdf,https://www.etsi.org/deliver/etsi_gs/qkd/001_099/008/01.01.01_60/gs_qkd008v010101p.pdf,https://interoperable-europe.ec.europa.eu/collection/rolling-plan-ict-standardisation/quantum-technologies-rp2024,링크 확인; 첨부 전문 미검토,별도 확인 필요
https://www.etsi.org/deliver/etsi_gs/qkd/001_099/002/01.01.01_60/gs_qkd002v010101p.pdf,https://www.etsi.org/deliver/etsi_gs/qkd/001_099/002/01.01.01_60/gs_qkd002v010101p.pdf,https://interoperable-europe.ec.europa.eu/collection/rolling-plan-ict-standardisation/quantum-technologies-rp2024,링크 확인; 첨부 전문 미검토,별도 확인 필요
https://www.etsi.org/deliver/etsi_gs/QKD/001_099/012/01.01.01_60/gs_QKD012v010101p.pdf,https://www.etsi.org/deliver/etsi_gs/QKD/001_099/012/01.01.01_60/gs_QKD012v010101p.pdf,https://interoperable-europe.ec.europa.eu/collection/rolling-plan-ict-standardisation/quantum-technologies-rp2024,링크 확인; 첨부 전문 미검토,별도 확인 필요
https://www.etsi.org/deliver/etsi_gs/QKD/001_099/004/02.01.01_60/gs_qkd004v020101p.pdf,https://www.etsi.org/deliver/etsi_gs/QKD/001_099/004/02.01.01_60/gs_qkd004v020101p.pdf,https://interoperable-europe.ec.europa.eu/collection/rolling-plan-ict-standardisation/quantum-technologies-rp2024,링크 확인; 첨부 전문 미검토,별도 확인 필요
https://www.etsi.org/deliver/etsi_gs/QKD/001_099/014/01.01.01_60/gs_qkd014v010101p.pdf,https://www.etsi.org/deliver/etsi_gs/QKD/001_099/014/01.01.01_60/gs_qkd014v010101p.pdf,https://interoperable-europe.ec.europa.eu/collection/rolling-plan-ict-standardisation/quantum-technologies-rp2024,링크 확인; 첨부 전문 미검토,별도 확인 필요
https://www.etsi.org/deliver/etsi_gs/QKD/001_099/015/02.01.01_60/gs_QKD015v020101p.pdf,https://www.etsi.org/deliver/etsi_gs/QKD/001_099/015/02.01.01_60/gs_QKD015v020101p.pdf,https://interoperable-europe.ec.europa.eu/collection/rolling-plan-ict-standardisation/quantum-technologies-rp2024,링크 확인; 첨부 전문 미검토,별도 확인 필요
https://www.etsi.org/deliver/etsi_gs/QKD/001_099/018/01.01.01_60/gs_QKD018v010101p.pdf,https://www.etsi.org/deliver/etsi_gs/QKD/001_099/018/01.01.01_60/gs_QKD018v010101p.pdf,https://interoperable-europe.ec.europa.eu/collection/rolling-plan-ict-standardisation/quantum-technologies-rp2024,링크 확인; 첨부 전문 미검토,별도 확인 필요
https://www.etsi.org/deliver/etsi_gr/QKD/001_099/007/01.01.01_60/gr_qkd007v010101p.pdf,https://www.etsi.org/deliver/etsi_gr/QKD/001_099/007/01.01.01_60/gr_qkd007v010101p.pdf,https://interoperable-europe.ec.europa.eu/collection/rolling-plan-ict-standardisation/quantum-technologies-rp2024,링크 확인; 첨부 전문 미검토,별도 확인 필요
TR 103 619,https://www.etsi.org/deliver/etsi_tr/103600_103699/103619/01.01.01_60/tr_103619v010101p.pdf,https://interoperable-europe.ec.europa.eu/collection/rolling-plan-ict-standardisation/quantum-technologies-rp2024,링크 확인; 첨부 전문 미검토,별도 확인 필요
FGQT roadmap,https://www.cencenelec.eu/media/CEN-CENELEC/AreasOfWork/CEN-CENELEC_Topics/Quantum%20technologies/Documentation%20and%20Materials/fgqt_q04_standardizationroadmapquantumtechnologies_release1.pdf,https://interoperable-europe.ec.europa.eu/collection/rolling-plan-ict-standardisation/quantum-technologies-rp2024,링크 확인; 첨부 전문 미검토,별도 확인 필요
quantum technology use cases,https://www.cencenelec.eu/media/CEN-CENELEC/AreasOfWork/CEN-CENELEC_Topics/Quantum%20technologies/Documentation%20and%20Materials/fgqt_q05_quantumtechnologiesusecases_release1.pdf,https://interoperable-europe.ec.europa.eu/collection/rolling-plan-ict-standardisation/quantum-technologies-rp2024,링크 확인; 첨부 전문 미검토,별도 확인 필요
https://www.etsi.org/images/files/ETSIWhitePapers/etsi_wp27_qkd_imp_sec_FINAL.pdf,https://www.etsi.org/images/files/ETSIWhitePapers/etsi_wp27_qkd_imp_sec_FINAL.pdf,https://interoperable-europe.ec.europa.eu/collection/rolling-plan-ict-standardisation/quantum-technologies-rp2024,링크 확인; 첨부 전문 미검토,별도 확인 필요
here,https://www.itb.ec.europa.eu/docs/itb-ta/latest/_downloads/30e1ca0dffb8b6356003b91168a5f373/openapi.json,https://www.itb.ec.europa.eu/docs/itb-ta/latest/api/index.html,링크 확인; 첨부 전문 미검토,별도 확인 필요
https://semiceu.github.io/GeoDCAT-AP/930/releases/3.0.0/voc/930.ttl,https://semiceu.github.io/GeoDCAT-AP/930/releases/3.0.0/voc/930.ttl,https://semiceu.github.io/DCAT-AP-reuse-guidelines/,링크 확인; 첨부 전문 미검토,별도 확인 필요
Meeting Minutes,https://joinup.ec.europa.eu/sites/default/files/event/attachment/2023-03/20230224%20Webinar%20DCAT-AP%20for%20HVD.pdf,https://semiceu.github.io/DCAT-AP/releases/3.0.0-hvd,링크 확인; 첨부 전문 미검토,별도 확인 필요
slides,https://joinup.ec.europa.eu/sites/default/files/inline-files/webinar_24_Feb_2022_HVD_v3.1.pdf,https://semiceu.github.io/DCAT-AP/releases/3.0.0-hvd,링크 확인; 첨부 전문 미검토,별도 확인 필요
Meeting Minutes,https://joinup.ec.europa.eu/sites/default/files/inline-files/20230330%20Webinar%20DCAT-AP%20for%20HVD.pdf,https://semiceu.github.io/DCAT-AP/releases/3.0.0-hvd,링크 확인; 첨부 전문 미검토,별도 확인 필요
slides,https://joinup.ec.europa.eu/sites/default/files/inline-files/webinar_30_mar_2022_HVD_finalpdf.pdf,https://semiceu.github.io/DCAT-AP/releases/3.0.0-hvd,링크 확인; 첨부 전문 미검토,별도 확인 필요
Meeting Minutes,https://joinup.ec.europa.eu/sites/default/files/event/attachment/2023-12/20231107%20Webinar%20dedicated%20to%20the%20status%20and%20governance%20of%20DCAT-AP%20%281%29.pdf,https://semiceu.github.io/DCAT-AP/releases/3.0.0-hvd,링크 확인; 첨부 전문 미검토,별도 확인 필요
slides,https://joinup.ec.europa.eu/sites/default/files/event/attachment/2023-11/Webinar%20DCAT-AP%20Status%20%26%20Governance_0.pdf,https://semiceu.github.io/DCAT-AP/releases/3.0.0-hvd,링크 확인; 첨부 전문 미검토,별도 확인 필요
base.ttl,https://semiceu.github.io/DCAT-AP/releases/3.0.0-hvd/html/hvd-SHACL-base.ttl,https://semiceu.github.io/DCAT-AP/releases/3.0.0-hvd,링크 확인; 첨부 전문 미검토,별도 확인 필요
ranges.ttl,https://semiceu.github.io/DCAT-AP/releases/3.0.0-hvd/html/hvd-SHACL-ranges.ttl,https://semiceu.github.io/DCAT-AP/releases/3.0.0-hvd,링크 확인; 첨부 전문 미검토,별도 확인 필요
usagenotes.ttl,https://semiceu.github.io/DCAT-AP/releases/3.0.0-hvd/html/hvd-SHACL-usagenotes.ttl,https://semiceu.github.io/DCAT-AP/releases/3.0.0-hvd,링크 확인; 첨부 전문 미검토,별도 확인 필요
full.ttl,https://semiceu.github.io/DCAT-AP/releases/3.0.0-hvd/html/hvd-SHACL-full.ttl,https://semiceu.github.io/DCAT-AP/releases/3.0.0-hvd,링크 확인; 첨부 전문 미검토,별도 확인 필요
https://docbox.etsi.org/esi/open/latest_drafts/ESI-0019003v002%20Public%20review%20draft_SR_019_003_Possible_Standards_for_eIDAS_2_0.pdf,https://docbox.etsi.org/esi/open/latest_drafts/ESI-0019003v002%20Public%20review%20draft_SR_019_003_Possible_Standards_for_eIDAS_2_0.pdf,https://interoperable-europe.ec.europa.eu/collection/rolling-plan-ict-standardisation/electronic-identification-and-trust-services-including-e-signatures-rp2024,링크 확인; 첨부 전문 미검토,별도 확인 필요
WR21-307_GSCN_AI_ISO20248DataStructure_eBallot with Errata (gs1.org),https://www.gs1.org/docs/barcodes/GSCN-21-307_AI_ISO20248DataStructure.pdf,https://interoperable-europe.ec.europa.eu/collection/rolling-plan-ict-standardisation/electronic-identification-and-trust-services-including-e-signatures-rp2024,링크 확인; 첨부 전문 미검토,별도 확인 필요
https://www.itu.int/en/ITU-T/extcoop/figisymposium/Documents/ITU_SIT_WG_Implementation%20of%20Secure%20Authentication%20Technologies%20for%20DFS.pdf,https://www.itu.int/en/ITU-T/extcoop/figisymposium/Documents/ITU_SIT_WG_Implementation%20of%20Secure%20Authentication%20Technologies%20for%20DFS.pdf,https://interoperable-europe.ec.europa.eu/collection/rolling-plan-ict-standardisation/electronic-identification-and-trust-services-including-e-signatures-rp2024,링크 확인; 첨부 전문 미검토,별도 확인 필요
FGAN-O-013-R1,https://extranet.itu.int/sites/itu-t/focusgroups/an/output/FGAN-O-013-R1.docx,https://interoperable-europe.ec.europa.eu/collection/rolling-plan-ict-standardisation/robotics-and-autonomous-systems-rp-2025,링크 확인; 첨부 전문 미검토,별도 확인 필요
Technical Specification,https://www.itu.int/en/ITU-T/focusgroups/an/Documents/Use-case-AN.pdf,https://interoperable-europe.ec.europa.eu/collection/rolling-plan-ict-standardisation/robotics-and-autonomous-systems-rp-2025,링크 확인; 첨부 전문 미검토,별도 확인 필요
https://ai-data-robotics-partnership.eu/wp-content/uploads/2020/09/AI-Data-Robotics-Partnership-SRIDA-V3.0.pdf,https://ai-data-robotics-partnership.eu/wp-content/uploads/2020/09/AI-Data-Robotics-Partnership-SRIDA-V3.0.pdf,https://interoperable-europe.ec.europa.eu/collection/rolling-plan-ict-standardisation/robotics-and-autonomous-systems-rp-2025,링크 확인; 첨부 전문 미검토,별도 확인 필요
2025 EU Factsheet,https://interoperable-europe.ec.europa.eu/sites/default/files/custom-page/attachment/2025-11/iopeu-monitoring_2025-dpaf_eu_vfinal_0_0.pdf,https://interoperable-europe.ec.europa.eu/collection/iopeu-monitoring/eu-digital-public-administration-factsheets,링크 확인; 첨부 전문 미검토,별도 확인 필요
2025 Supporting Document,https://interoperable-europe.ec.europa.eu/sites/default/files/custom-page/attachment/2025-11/iopeu-monitoring_2025-supporting-document_eu_vfinal_0.pdf,https://interoperable-europe.ec.europa.eu/collection/iopeu-monitoring/eu-digital-public-administration-factsheets,링크 확인; 첨부 전문 미검토,별도 확인 필요
2023,https://interoperable-europe.ec.europa.eu/sites/default/files/custom-page/attachment/2025-06/DPAF_EU_2023.pdf,https://interoperable-europe.ec.europa.eu/collection/iopeu-monitoring/eu-digital-public-administration-factsheets,링크 확인; 첨부 전문 미검토,별도 확인 필요
2022,https://interoperable-europe.ec.europa.eu/sites/default/files/custom-page/attachment/2025-06/DPAF_EU_2022.pdf,https://interoperable-europe.ec.europa.eu/collection/iopeu-monitoring/eu-digital-public-administration-factsheets,링크 확인; 첨부 전문 미검토,별도 확인 필요
2021,https://interoperable-europe.ec.europa.eu/sites/default/files/custom-page/attachment/2025-06/DPAF_EU_2021.pdf,https://interoperable-europe.ec.europa.eu/collection/iopeu-monitoring/eu-digital-public-administration-factsheets,링크 확인; 첨부 전문 미검토,별도 확인 필요
2020,https://interoperable-europe.ec.europa.eu/sites/default/files/custom-page/attachment/2025-06/DPAF_EU_2020.pdf,https://interoperable-europe.ec.europa.eu/collection/iopeu-monitoring/eu-digital-public-administration-factsheets,링크 확인; 첨부 전문 미검토,별도 확인 필요
eGovERA© Foundation's value proposition,https://interoperable-europe.ec.europa.eu/sites/default/files/distribution/access_url/2025-04/85bb22fb-0d6a-4d01-a2dd-89dd97305d27/eGovERA©%20Foundation_Value%20proposition.pdf,https://interoperable-europe.ec.europa.eu/collection/interoperability-architecture-solutions/solution/egovera-business-agnostic/welcome,링크 확인; 첨부 전문 미검토,별도 확인 필요
Factsheet (pdf),https://interoperable-europe.ec.europa.eu/sites/default/files/custom-page/attachment/2025-11/iopeu-monitoring_2025-dpaf_liechtenstein_vfinal.pdf,https://interoperable-europe.ec.europa.eu/collection/iopeu-monitoring/liechtenstein,링크 확인; 첨부 전문 미검토,별도 확인 필요
Supporting Document (pdf),https://interoperable-europe.ec.europa.eu/sites/default/files/custom-page/attachment/2025-11/iopeu-monitoring_2025-supporting-document_liechtenstein_vfinal.pdf,https://interoperable-europe.ec.europa.eu/collection/iopeu-monitoring/liechtenstein,링크 확인; 첨부 전문 미검토,별도 확인 필요
EN 301 549 V2.1.2 (2018-08),https://www.etsi.org/deliver/etsi_en/301500_301599/301549/02.01.02_60/en_301549v020102p.pdf,https://interoperable-europe.ec.europa.eu/collection/rolling-plan-ict-standardisation/accessibility-ict-products-and-services-rp2025,링크 확인; 첨부 전문 미검토,별도 확인 필요
EN 301 549 V3.2.1 (2021-03),https://www.etsi.org/deliver/etsi_en/301500_301599/301549/03.01.01_60/en_301549v030101p.pdf,https://interoperable-europe.ec.europa.eu/collection/rolling-plan-ict-standardisation/accessibility-ict-products-and-services-rp2025,링크 확인; 첨부 전문 미검토,별도 확인 필요
https://www.itu.int/en/ITU-T/focusgroups/mv/Documents/List%20of%20FG-MV%20deliverables/FGMV-16.pdf,https://www.itu.int/en/ITU-T/focusgroups/mv/Documents/List%20of%20FG-MV%20deliverables/FGMV-16.pdf,https://interoperable-europe.ec.europa.eu/collection/rolling-plan-ict-standardisation/accessibility-ict-products-and-services-rp2025,링크 확인; 첨부 전문 미검토,별도 확인 필요
https://2tdzpf2t7hxmggqhq3njno1y-wpengine.netdna-ssl.com/wp-content/uploads/2017/02/WFD-and-WASLI-Statement-on-Avatar-FINAL-14032018-Updated-14042018-1.pdf,https://2tdzpf2t7hxmggqhq3njno1y-wpengine.netdna-ssl.com/wp-content/uploads/2017/02/WFD-and-WASLI-Statement-on-Avatar-FINAL-14032018-Updated-14042018-1.pdf,https://interoperable-europe.ec.europa.eu/collection/rolling-plan-ict-standardisation/accessibility-ict-products-and-services-rp2025,링크 확인; 첨부 전문 미검토,별도 확인 필요
COM(2020) 66 final,https://ec.europa.eu/info/sites/default/files/communication-european-strategy-data-19feb2020_en.pdf,https://interoperable-europe.ec.europa.eu/collection/rolling-plan-ict-standardisation/data-interoperability-rp-2024,링크 확인; 첨부 전문 미검토,별도 확인 필요
IC19-004,https://standards.ieee.org/wp-content/uploads/import/governance/iccom/IC19-004-decentralized-clinical-trials.pdf,https://interoperable-europe.ec.europa.eu/collection/rolling-plan-ict-standardisation/data-interoperability-rp-2024,링크 확인; 첨부 전문 미검토,별도 확인 필요
IC21-007,https://standards.ieee.org/wp-content/uploads/import/governance/iccom/IC21-007-Ethical_Assurance_Data-Driven_Technologies_Mental%20Healthcare.pdf,https://interoperable-europe.ec.europa.eu/collection/rolling-plan-ict-standardisation/data-interoperability-rp-2024,링크 확인; 첨부 전문 미검토,별도 확인 필요
IC21-013,https://standards.ieee.org/wp-content/uploads/import/governance/iccom/IC21-013_Synthetic_Data.pdf,https://interoperable-europe.ec.europa.eu/collection/rolling-plan-ict-standardisation/data-interoperability-rp-2024,링크 확인; 첨부 전문 미검토,별도 확인 필요
https://www.dke.de/resource/blob/778248/d2afdaf62551586a54b3270ef78d2632/the-german-standardisation-roadmap-smart-city-version-1-0-data.pdf,https://www.dke.de/resource/blob/778248/d2afdaf62551586a54b3270ef78d2632/the-german-standardization-roadmap-smart-city-version-1-0-data.pdf,https://interoperable-europe.ec.europa.eu/collection/rolling-plan-ict-standardisation/smart-and-sustainable-cities-and-communities-rp2024,링크 확인; 첨부 전문 미검토,별도 확인 필요
JOIN(2013) 1 final,https://ec.europa.eu/home-affairs/sites/default/files/e-library/documents/policies/organized-crime-and-human-trafficking/cybercrime/docs/join_2013_1_en.pdf,https://interoperable-europe.ec.europa.eu/collection/rolling-plan-ict-standardisation/cybersecurity-network-and-information-security-rp-2025,링크 확인; 첨부 전문 미검토,별도 확인 필요
"NIST IR 8547 initial public draft, Transition to Post-Quantum Cryptography Standards",https://nvlpubs.nist.gov/nistpubs/ir/2024/NIST.IR.8547.ipd.pdf,https://interoperable-europe.ec.europa.eu/collection/rolling-plan-ict-standardisation/cybersecurity-network-and-information-security-rp-2025,링크 확인; 첨부 전문 미검토,별도 확인 필요
"NIST SP 800-227 initial public draft, Recommendations for Key-Encapsulation Mechanisms",https://nvlpubs.nist.gov/nistpubs/SpecialPublications/NIST.SP.800-227.ipd.pdf,https://interoperable-europe.ec.europa.eu/collection/rolling-plan-ict-standardisation/cybersecurity-network-and-information-security-rp-2025,링크 확인; 첨부 전문 미검토,별도 확인 필요
Online Trust Coalition (OTC),https://ecp.nl/wp-content/uploads/2020/09/Online-Trust-Coalition-Manifesto.pdf,https://interoperable-europe.ec.europa.eu/collection/rolling-plan-ict-standardisation/cybersecurity-network-and-information-security-rp-2025,링크 확인; 첨부 전문 미검토,별도 확인 필요
TNO-2024-pqc-en.pdf,https://publications.tno.nl/publication/34643386/fXcPVHsX/TNO-2024-pqc-en.pdf,https://interoperable-europe.ec.europa.eu/collection/rolling-plan-ict-standardisation/cybersecurity-network-and-information-security-rp-2025,링크 확인; 첨부 전문 미검토,별도 확인 필요
anssi-avis-migration-vers-la-cryptographie-post-quantique.pdf,https://www.ssi.gouv.fr/uploads/2022/04/anssi-avis-migration-vers-la-cryptographie-post-quantique.pdf,https://interoperable-europe.ec.europa.eu/collection/rolling-plan-ict-standardisation/cybersecurity-network-and-information-security-rp-2025,링크 확인; 첨부 전문 미검토,별도 확인 필요
https://www.eitdigital.eu/fileadmin/files/2020/publications/data-sovereignty/EIT-Digital-Data-Sovereignty-Summary-Report.pdf,https://www.eitdigital.eu/fileadmin/files/2020/publications/data-sovereignty/EIT-Digital-Data-Sovereignty-Summary-Report.pdf,https://interoperable-europe.ec.europa.eu/collection/common-assessment-method-standards-and-specifications-camss/solution/elap/elap-310-online-documentation,링크 확인; 첨부 전문 미검토,별도 확인 필요
https://commission.europa.eu/system/files/2018-06/european-semester_thematic-factsheet_quality-public-administration_en_0.pdf,https://commission.europa.eu/system/files/2018-06/european-semester_thematic-factsheet_quality-public-administration_en_0.pdf,https://interoperable-europe.ec.europa.eu/collection/common-assessment-method-standards-and-specifications-camss/solution/elap/elap-310-online-documentation,링크 확인; 첨부 전문 미검토,별도 확인 필요
https://bridge-smart-grid-storage-systems-digital-projects.ec.europa.eu/sites/default/files/bridge-reports/guidelines%20for%20implementing%20the%20prescribed%20technology-MJ0322251ENN.pdf,https://bridge-smart-grid-storage-systems-digital-projects.ec.europa.eu/sites/default/files/bridge-reports/guidelines%20for%20implementing%20the%20prescribed%20technology-MJ0322251ENN.pdf,https://interoperable-europe.ec.europa.eu/collection/common-assessment-method-standards-and-specifications-camss/solution/elap/elap-310-online-documentation,링크 확인; 첨부 전문 미검토,별도 확인 필요
https://hubbardresearch.com/wp-content/uploads/2020/07/Decisions-Under-Uncertainty-23-July-2020-PDF.pdf,https://hubbardresearch.com/wp-content/uploads/2020/07/Decisions-Under-Uncertainty-23-July-2020-PDF.pdf,https://interoperable-europe.ec.europa.eu/collection/common-assessment-method-standards-and-specifications-camss/solution/elap/elap-310-online-documentation,링크 확인; 첨부 전문 미검토,별도 확인 필요
report published in September 2019,https://ec.europa.eu/energy/sites/ener/files/sgtf_eg2_report_final_report_2019.pdf,https://interoperable-europe.ec.europa.eu/collection/rolling-plan-ict-standardisation/smart-grids-and-smart-metering-rp2024,링크 확인; 첨부 전문 미검토,별도 확인 필요
Commission recommendation in this field,https://ec.europa.eu/energy/sites/ener/files/swd2019_1240_final.pdf,https://interoperable-europe.ec.europa.eu/collection/rolling-plan-ict-standardisation/smart-grids-and-smart-metering-rp2024,링크 확인; 첨부 전문 미검토,별도 확인 필요
recommendations in terms of interoperability,https://www.iea-isgan.org/wp-content/uploads/2021/08/2021-03-31-ISGAN-Annex-6-Interoperability.pdf,https://interoperable-europe.ec.europa.eu/collection/rolling-plan-ict-standardisation/smart-grids-and-smart-metering-rp2024,링크 확인; 첨부 전문 미검토,별도 확인 필요
Commission Recommendation C(2019)240 final,https://ec.europa.eu/energy/sites/ener/files/commission_recommendation_on_cybersecurity_in_the_energy_sector_c2019_2400_final.pdf,https://interoperable-europe.ec.europa.eu/collection/rolling-plan-ict-standardisation/smart-grids-and-smart-metering-rp2024,링크 확인; 첨부 전문 미검토,별도 확인 필요
C (2013) 7243,https://ec.europa.eu/energy/sites/default/files/documents/com_2013_public_intervention_en.pdf,https://interoperable-europe.ec.europa.eu/collection/rolling-plan-ict-standardisation/smart-grids-and-smart-metering-rp2024,링크 확인; 첨부 전문 미검토,별도 확인 필요
The Smart Grid Set of Standards report,https://www.etsi.org/images/files/Report_CENCLCETSI_Standards_Smart_Grids.pdf,https://interoperable-europe.ec.europa.eu/collection/rolling-plan-ict-standardisation/smart-grids-and-smart-metering-rp2024,링크 확인; 첨부 전문 미검토,별도 확인 필요
Cyber Security and Privacy report,https://ec.europa.eu/energy/sites/ener/files/documents/xpert_group1_security.pdf,https://interoperable-europe.ec.europa.eu/collection/rolling-plan-ict-standardisation/smart-grids-and-smart-metering-rp2024,링크 확인; 첨부 전문 미검토,별도 확인 필요
https://www.unece.org/fileadmin/DAM/cefact/GuidanceMaterials/WhitePaperBlockchain.pdf,https://www.unece.org/fileadmin/DAM/cefact/GuidanceMaterials/WhitePaperBlockchain.pdf,https://interoperable-europe.ec.europa.eu/collection/rolling-plan-ict-standardisation/blockchain-and-distributed-digital-ledger-technologies-rp2025,링크 확인; 첨부 전문 미검토,별도 확인 필요
https://www.unece.org/fileadmin/DAM/cefact/GuidanceMaterials/WhitePaperBlockchain_TechApplication.pdf,https://www.unece.org/fileadmin/DAM/cefact/GuidanceMaterials/WhitePaperBlockchain_TechApplication.pdf,https://interoperable-europe.ec.europa.eu/collection/rolling-plan-ict-standardisation/blockchain-and-distributed-digital-ledger-technologies-rp2025,링크 확인; 첨부 전문 미검토,별도 확인 필요
https://www.unece.org/fileadmin/DAM/cefact/cf_plenary/2019_plenary/CEFACT_2019_INF03.pdf,https://www.unece.org/fileadmin/DAM/cefact/cf_plenary/2019_plenary/CEFACT_2019_INF03.pdf,https://interoperable-europe.ec.europa.eu/collection/rolling-plan-ict-standardisation/blockchain-and-distributed-digital-ledger-technologies-rp2025,링크 확인; 첨부 전문 미검토,별도 확인 필요
Factsheet (pdf),https://interoperable-europe.ec.europa.eu/sites/default/files/custom-page/attachment/2025-07/nifo_2024-dpaf_montenegro.pdf,https://interoperable-europe.ec.europa.eu/collection/iopeu-monitoring/montenegro,링크 확인; 첨부 전문 미검토,별도 확인 필요
Supporting Document (pdf),https://interoperable-europe.ec.europa.eu/sites/default/files/custom-page/attachment/2025-07/nifo_2024-supporting-document_montenegro.pdf,https://interoperable-europe.ec.europa.eu/collection/iopeu-monitoring/montenegro,링크 확인; 첨부 전문 미검토,별도 확인 필요
Montenegrin Health System Interoperability Framework,https://mzd.gov.me/ResourceManager/FileDownload.aspx?rid=343351&rType=2&file=OKVIR%20INTEROPERABILNOSTI%20zdravstva%20CG.pdf,https://interoperable-europe.ec.europa.eu/collection/iopeu-monitoring/montenegro,링크 확인; 첨부 전문 미검토,별도 확인 필요
Introducing the Common Assessment Method for Standards and Specifications (CAMSS)_SCORM Package,https://interoperable-europe.ec.europa.eu/sites/default/files/custom-page/attachment/2024-12/Introducing%20the%20Common%20Assessment%20Method%20for%20Standards%20and%20Specifications%20%28CAMSS%29_SCORM%20Package.zip,https://interoperable-europe.ec.europa.eu/collection/interoperable-europe-academy/solution/introducing-common-assessment-method-standards-and-specifications-camss/re-using-course,링크 확인; 첨부 전문 미검토,별도 확인 필요
Introducing the Common Assessment Method for Standards and Specifications (CAMSS)_SCORM Package_Quiz,https://interoperable-europe.ec.europa.eu/sites/default/files/custom-page/attachment/2024-12/Introducing%20the%20Common%20Assessment%20Method%20for%20Standards%20and%20Specifications%20%28CAMSS%29_SCORM%20Package_Quiz.zip,https://interoperable-europe.ec.europa.eu/collection/interoperable-europe-academy/solution/introducing-common-assessment-method-standards-and-specifications-camss/re-using-course,링크 확인; 첨부 전문 미검토,별도 확인 필요
Factsheet (pdf),https://interoperable-europe.ec.europa.eu/sites/default/files/custom-page/attachment/2025-11/iopeu-monitoring_2025-dpaf_lithuania-vfinal.pdf,https://interoperable-europe.ec.europa.eu/collection/iopeu-monitoring/lithuania,링크 확인; 첨부 전문 미검토,별도 확인 필요
Supporting Document (pdf),https://interoperable-europe.ec.europa.eu/sites/default/files/custom-page/attachment/2025-11/iopeu-monitoring_2025-supporting-document_lithuania_vfinal.pdf,https://interoperable-europe.ec.europa.eu/collection/iopeu-monitoring/lithuania,링크 확인; 첨부 전문 미검토,별도 확인 필요
https://www.gov.si/assets/ministrstva/MJU/DID/Strategija-razvoja-informacijske-druzbe-2020.pdf,https://www.gov.si/assets/ministrstva/MJU/DID/Strategija-razvoja-informacijske-druzbe-2020.pdf,https://interoperable-europe.ec.europa.eu/collection/rolling-plan-ict-standardisation/annex-i-list-member-states-work-plans-and-strategies-rp2025,링크 확인; 첨부 전문 미검토,별도 확인 필요
https://www.gov.si/assets/ministrstva/MJU/DID/08af71a0e6/Strategija-kibernetske-varnosti.pdf,https://www.gov.si/assets/ministrstva/MJU/DID/08af71a0e6/Strategija-kibernetske-varnosti.pdf,https://interoperable-europe.ec.europa.eu/collection/rolling-plan-ict-standardisation/annex-i-list-member-states-work-plans-and-strategies-rp2025,링크 확인; 첨부 전문 미검토,별도 확인 필요
https://administracionelectronica.gob.es/ctt/resources/Soluciones/145/Descargas/Spain-National-Interoperability-Framework-NIF-English-version.pdf?idIniciativa=145&idElemento=71,https://administracionelectronica.gob.es/ctt/resources/Soluciones/145/Descargas/Spain-National-Interoperability-Framework-NIF-English-version.pdf?idIniciativa=145&idElemento=71,https://interoperable-europe.ec.europa.eu/collection/rolling-plan-ict-standardisation/annex-i-list-member-states-work-plans-and-strategies-rp2025,링크 확인; 첨부 전문 미검토,별도 확인 필요
https://www.boe.es/boe/dias/2010/01/29/pdfs/BOE-A-2010-1331.pd,https://www.boe.es/boe/dias/2010/01/29/pdfs/BOE-A-2010-1331.pdf,https://interoperable-europe.ec.europa.eu/collection/rolling-plan-ict-standardisation/annex-i-list-member-states-work-plans-and-strategies-rp2025,링크 확인; 첨부 전문 미검토,별도 확인 필요
Factsheet (pdf),https://interoperable-europe.ec.europa.eu/sites/default/files/custom-page/attachment/2025-11/iopeu-monitoring_2025-dpaf_malta_vfinal.pdf,https://interoperable-europe.ec.europa.eu/collection/iopeu-monitoring/malta,링크 확인; 첨부 전문 미검토,별도 확인 필요
Supporting Document (pdf),https://interoperable-europe.ec.europa.eu/sites/default/files/custom-page/attachment/2025-11/iopeu-monitoring_2025-supporting-document_malta_vfinal.pdf,https://interoperable-europe.ec.europa.eu/collection/iopeu-monitoring/malta,링크 확인; 첨부 전문 미검토,별도 확인 필요
National Interoperability Framework,https://mita.gov.mt/wp-content/uploads/2025/08/NationalInteroperabilityFramework_2-1.pdf,https://interoperable-europe.ec.europa.eu/collection/iopeu-monitoring/malta,링크 확인; 첨부 전문 미검토,별도 확인 필요
Enterprise Architecture Policy for Interoperability and Reuse,https://mita.gov.mt/wp-content/uploads/2020/07/GMICT_P_0067_EnterpriseArchitecture.pdf,https://interoperable-europe.ec.europa.eu/collection/iopeu-monitoring/malta,링크 확인; 첨부 전문 미검토,별도 확인 필요
mapping,https://docs.swedenconnect.se/technical-framework/mirror/eidas/eIDAS_SAML_Attribute_Profile_v1.2-FINAL.pdf,https://semiceu.github.io/Core-Person-Vocabulary/releases/2.1.2/,링크 확인; 첨부 전문 미검토,별도 확인 필요
here,https://semiceu.github.io/Core-Person-Vocabulary/releases/2.1.2/shacl/core-person-ap-SHACL.ttl,https://semiceu.github.io/Core-Person-Vocabulary/releases/2.1.2/,링크 확인; 첨부 전문 미검토,별도 확인 필요
here,https://semiceu.github.io/Core-Person-Vocabulary/releases/2.1.2/voc/core-person-ap.ttl,https://semiceu.github.io/Core-Person-Vocabulary/releases/2.1.2/,링크 확인; 첨부 전문 미검토,별도 확인 필요
download test suite archive,https://github.com/ISAITB/sample-test-suites/raw/refs/heads/master/testSuites/xmlValidationViaVariousInputs/testSuite.zip,https://www.itb.ec.europa.eu/docs/tdl/latest/examples/index.html,링크 확인; 첨부 전문 미검토,별도 확인 필요
download test suite archive,https://github.com/ISAITB/sample-test-suites/raw/refs/heads/master/testSuites/validationOfJsonContentWithFixedAndDynamicSchemas/testSuite.zip,https://www.itb.ec.europa.eu/docs/tdl/latest/examples/index.html,링크 확인; 첨부 전문 미검토,별도 확인 필요
download test suite archive,https://github.com/ISAITB/sample-test-suites/raw/refs/heads/master/testSuites/testSuitePresentationTestCaseGroupsAndSimulatedExchanges/testSuite.zip,https://www.itb.ec.europa.eu/docs/tdl/latest/examples/index.html,링크 확인; 첨부 전문 미검토,별도 확인 필요
download test suite archive,https://github.com/ISAITB/sample-test-suites/raw/refs/heads/master/testSuites/setupAndTeardownPhasesWithFineTunedErrorManagement/testSuite.zip,https://www.itb.ec.europa.eu/docs/tdl/latest/examples/index.html,링크 확인; 첨부 전문 미검토,별도 확인 필요
download test suite archive,https://github.com/ISAITB/sample-test-suites/raw/refs/heads/master/testSuites/linkingTestCasesWithSpecificationReferences/testSuite.zip,https://www.itb.ec.europa.eu/docs/tdl/latest/examples/index.html,링크 확인; 첨부 전문 미검토,별도 확인 필요
download test suite archive,https://github.com/ISAITB/sample-test-suites/raw/refs/heads/master/testSuites/requestAndAsynchronousPollingForStatusUpdate/testSuite.zip,https://www.itb.ec.europa.eu/docs/tdl/latest/examples/index.html,링크 확인; 첨부 전문 미검토,별도 확인 필요
download test suite archive,https://github.com/ISAITB/sample-test-suites/raw/refs/heads/master/testSuites/workingWithImages/testSuite.zip,https://www.itb.ec.europa.eu/docs/tdl/latest/examples/index.html,링크 확인; 첨부 전문 미검토,별도 확인 필요
download test suite archive,https://github.com/ISAITB/sample-test-suites/raw/refs/heads/master/testSuites/adminVerificationOfValidationWarnings/testSuite.zip,https://www.itb.ec.europa.eu/docs/tdl/latest/examples/index.html,링크 확인; 첨부 전문 미검토,별도 확인 필요
download test suite archive,https://github.com/ISAITB/sample-test-suites/raw/refs/heads/master/testSuites/simulationForDemo/testSuite.zip,https://www.itb.ec.europa.eu/docs/tdl/latest/examples/index.html,링크 확인; 첨부 전문 미검토,별도 확인 필요
TR 103 477,https://www.etsi.org/deliver/etsi_tr/103400_103499/103477/01.02.01_60/tr_103477v010201p.pdf,https://interoperable-europe.ec.europa.eu/collection/rolling-plan-ict-standardisation/digital-health-healthy-living-and-ageing-rp2025,링크 확인; 첨부 전문 미검토,별도 확인 필요
SR 003 809,https://www.etsi.org/deliver/etsi_sr/003800_003899/003809/01.01.02_60/sr_003809v010102p.pdf,https://interoperable-europe.ec.europa.eu/collection/rolling-plan-ict-standardisation/digital-health-healthy-living-and-ageing-rp2025,링크 확인; 첨부 전문 미검토,별도 확인 필요
White paper 29,https://www.etsi.org/images/files/ETSIWhitePapers/etsi_wp29_ehealth_standardization_FINAL.pdf,https://interoperable-europe.ec.europa.eu/collection/rolling-plan-ict-standardisation/digital-health-healthy-living-and-ageing-rp2025,링크 확인; 첨부 전문 미검토,별도 확인 필요
White paper 33,https://www.etsi.org/images/files/ETSIWhitePapers/etsi_wp33_eHealth_standard_role_pandemic.pdf,https://interoperable-europe.ec.europa.eu/collection/rolling-plan-ict-standardisation/digital-health-healthy-living-and-ageing-rp2025,링크 확인; 첨부 전문 미검토,별도 확인 필요
joint standard with WHO,https://apps.who.int/iris/bitstream/handle/10665/280085/9789241515276-eng.pdf,https://interoperable-europe.ec.europa.eu/collection/rolling-plan-ict-standardisation/digital-health-healthy-living-and-ageing-rp2025,링크 확인; 첨부 전문 미검토,별도 확인 필요
message,https://www.newsd.admin.ch/newsd/message/attachments/59642.pdf,https://interoperable-europe.ec.europa.eu/collection/iopeu-monitoring/switzerland,링크 확인; 첨부 전문 미검토,별도 확인 필요
a context-neutral data model that captures the fundamental characteristics of an entity,https://joinup.ec.europa.eu/sites/default/files/inline-files/ISA%20Handbook%20for%20using%20Core%20Vocabularies.pdf,https://semiceu.github.io/CCCEV/releases/2.2.0/,링크 확인; 첨부 전문 미검토,별도 확인 필요
following documentation,https://semiceu.github.io/CCCEV/releases/2.2.0/CCCEV_AnExplanatoryExample.pdf,https://semiceu.github.io/CCCEV/releases/2.2.0/,링크 확인; 첨부 전문 미검토,별도 확인 필요
here,https://semiceu.github.io/CCCEV/releases/2.2.0/shacl/cccev-ap-SHACL.ttl,https://semiceu.github.io/CCCEV/releases/2.2.0/,링크 확인; 첨부 전문 미검토,별도 확인 필요
here,https://semiceu.github.io/CCCEV/releases/2.2.0/voc/cccev-ap.ttl,https://semiceu.github.io/CCCEV/releases/2.2.0/,링크 확인; 첨부 전문 미검토,별도 확인 필요
here,https://semiceu.github.io/CPOV/releases/2.1.2/shacl/core-public-organisation-ap-SHACL.ttl,https://semiceu.github.io/CPOV/releases/2.1.2/,링크 확인; 첨부 전문 미검토,별도 확인 필요
here,https://semiceu.github.io/CPOV/releases/2.1.2/voc/core-public-organisation-ap.ttl,https://semiceu.github.io/CPOV/releases/2.1.2/,링크 확인; 첨부 전문 미검토,별도 확인 필요
English,https://interoperable-europe.ec.europa.eu/sites/default/files/news/2024-12/Guidelines for Interoperability Assessments December 2024_v5.pdf,https://interoperable-europe.ec.europa.eu/collection/assessments/assessment-guidelines,링크 확인; 첨부 전문 미검토,영문 표시
Bulgarian,https://interoperable-europe.ec.europa.eu/sites/default/files/custom-page/attachment/2025-05/DIGIT-2024-00047-00-00-BG-TRA-00.pdf,https://interoperable-europe.ec.europa.eu/collection/assessments/assessment-guidelines,링크 확인; 첨부 전문 미검토,별도 확인 필요
Croatian,https://interoperable-europe.ec.europa.eu/sites/default/files/custom-page/attachment/2025-05/DIGIT-2024-00047-00-00-HR-TRA-00.pdf,https://interoperable-europe.ec.europa.eu/collection/assessments/assessment-guidelines,링크 확인; 첨부 전문 미검토,별도 확인 필요
Czech,https://interoperable-europe.ec.europa.eu/sites/default/files/custom-page/attachment/2025-05/DIGIT-2024-00047-00-00-CS-TRA-00.pdf,https://interoperable-europe.ec.europa.eu/collection/assessments/assessment-guidelines,링크 확인; 첨부 전문 미검토,별도 확인 필요
Danish,https://interoperable-europe.ec.europa.eu/sites/default/files/custom-page/attachment/2025-05/DIGIT-2024-00047-00-00-DA-TRA-00.pdf,https://interoperable-europe.ec.europa.eu/collection/assessments/assessment-guidelines,링크 확인; 첨부 전문 미검토,별도 확인 필요
Dutch,https://interoperable-europe.ec.europa.eu/sites/default/files/custom-page/attachment/2025-05/DIGIT-2024-00047-00-00-NL-TRA-00.pdf,https://interoperable-europe.ec.europa.eu/collection/assessments/assessment-guidelines,링크 확인; 첨부 전문 미검토,별도 확인 필요
Estonian,https://interoperable-europe.ec.europa.eu/sites/default/files/custom-page/attachment/2025-05/DIGIT-2024-00047-00-00-ET-TRA-00.pdf,https://interoperable-europe.ec.europa.eu/collection/assessments/assessment-guidelines,링크 확인; 첨부 전문 미검토,별도 확인 필요
Finnish,https://interoperable-europe.ec.europa.eu/sites/default/files/custom-page/attachment/2025-05/DIGIT-2024-00047-00-00-FI-TRA-00.pdf,https://interoperable-europe.ec.europa.eu/collection/assessments/assessment-guidelines,링크 확인; 첨부 전문 미검토,별도 확인 필요
French,https://interoperable-europe.ec.europa.eu/sites/default/files/custom-page/attachment/2025-05/DIGIT-2024-00047-00-00-FR-TRA-00.pdf,https://interoperable-europe.ec.europa.eu/collection/assessments/assessment-guidelines,링크 확인; 첨부 전문 미검토,별도 확인 필요
German,https://interoperable-europe.ec.europa.eu/sites/default/files/custom-page/attachment/2025-05/DIGIT-2024-00047-00-00-DE-TRA-00.pdf,https://interoperable-europe.ec.europa.eu/collection/assessments/assessment-guidelines,링크 확인; 첨부 전문 미검토,별도 확인 필요
Greek,https://interoperable-europe.ec.europa.eu/sites/default/files/custom-page/attachment/2025-05/DIGIT-2024-00047-00-00-EL-TRA-00.pdf,https://interoperable-europe.ec.europa.eu/collection/assessments/assessment-guidelines,링크 확인; 첨부 전문 미검토,별도 확인 필요
Hungarian,https://interoperable-europe.ec.europa.eu/sites/default/files/custom-page/attachment/2025-05/DIGIT-2024-00047-00-00-HU-TRA-00.pdf,https://interoperable-europe.ec.europa.eu/collection/assessments/assessment-guidelines,링크 확인; 첨부 전문 미검토,별도 확인 필요
Irish,https://interoperable-europe.ec.europa.eu/sites/default/files/custom-page/attachment/2025-05/DIGIT-2024-00047-00-00-GA-TRA-00.pdf,https://interoperable-europe.ec.europa.eu/collection/assessments/assessment-guidelines,링크 확인; 첨부 전문 미검토,별도 확인 필요
Italian,https://interoperable-europe.ec.europa.eu/sites/default/files/custom-page/attachment/2025-05/DIGIT-2024-00047-00-00-IT-TRA-00.pdf,https://interoperable-europe.ec.europa.eu/collection/assessments/assessment-guidelines,링크 확인; 첨부 전문 미검토,별도 확인 필요
Latvian,https://interoperable-europe.ec.europa.eu/sites/default/files/custom-page/attachment/2025-05/DIGIT-2024-00047-00-00-LV-TRA-00.pdf,https://interoperable-europe.ec.europa.eu/collection/assessments/assessment-guidelines,링크 확인; 첨부 전문 미검토,별도 확인 필요
Lithuanian,https://interoperable-europe.ec.europa.eu/sites/default/files/custom-page/attachment/2025-05/DIGIT-2024-00047-00-00-LT-TRA-00.pdf,https://interoperable-europe.ec.europa.eu/collection/assessments/assessment-guidelines,링크 확인; 첨부 전문 미검토,별도 확인 필요
Maltese,https://interoperable-europe.ec.europa.eu/sites/default/files/custom-page/attachment/2025-05/DIGIT-2024-00047-00-00-MT-TRA-00.pdf,https://interoperable-europe.ec.europa.eu/collection/assessments/assessment-guidelines,링크 확인; 첨부 전문 미검토,별도 확인 필요
Polish,https://interoperable-europe.ec.europa.eu/sites/default/files/custom-page/attachment/2025-05/DIGIT-2024-00047-00-00-PL-TRA-00.pdf,https://interoperable-europe.ec.europa.eu/collection/assessments/assessment-guidelines,링크 확인; 첨부 전문 미검토,별도 확인 필요
Portuguese,https://interoperable-europe.ec.europa.eu/sites/default/files/custom-page/attachment/2025-05/DIGIT-2024-00047-00-00-PT-TRA-00.pdf,https://interoperable-europe.ec.europa.eu/collection/assessments/assessment-guidelines,링크 확인; 첨부 전문 미검토,별도 확인 필요
Romanian,https://interoperable-europe.ec.europa.eu/sites/default/files/custom-page/attachment/2025-05/DIGIT-2024-00047-00-00-RO-TRA-00.pdf,https://interoperable-europe.ec.europa.eu/collection/assessments/assessment-guidelines,링크 확인; 첨부 전문 미검토,별도 확인 필요
Slovak,https://interoperable-europe.ec.europa.eu/sites/default/files/custom-page/attachment/2025-05/DIGIT-2024-00047-00-00-SK-TRA-00.pdf,https://interoperable-europe.ec.europa.eu/collection/assessments/assessment-guidelines,링크 확인; 첨부 전문 미검토,별도 확인 필요
Slovenian,https://interoperable-europe.ec.europa.eu/sites/default/files/custom-page/attachment/2025-05/DIGIT-2024-00047-00-00-SL-TRA-00.pdf,https://interoperable-europe.ec.europa.eu/collection/assessments/assessment-guidelines,링크 확인; 첨부 전문 미검토,별도 확인 필요
Spanish,https://interoperable-europe.ec.europa.eu/sites/default/files/custom-page/attachment/2025-05/DIGIT-2024-00047-00-00-ES-TRA-00.pdf,https://interoperable-europe.ec.europa.eu/collection/assessments/assessment-guidelines,링크 확인; 첨부 전문 미검토,별도 확인 필요
Swedish,https://interoperable-europe.ec.europa.eu/sites/default/files/custom-page/attachment/2025-05/DIGIT-2024-00047-00-00-SV-TRA-00.pdf,https://interoperable-europe.ec.europa.eu/collection/assessments/assessment-guidelines,링크 확인; 첨부 전문 미검토,별도 확인 필요
"https://health.ec.europa.eu/system/files/2020-06/mobileapps_interoperabilityspecs_en_0.pdf#:~:text=Member%20States%20and%20the%20Commission,SARS%2DCoV%2D2%20virus",https://health.ec.europa.eu/system/files/2020-06/mobileapps_interoperabilityspecs_en_0.pdf,https://interoperable-europe.ec.europa.eu/collection/rolling-plan-ict-standardisation/pandemic-preparedness-rp2024,링크 확인; 첨부 전문 미검토,별도 확인 필요
https://health.ec.europa.eu/system/files/2020-04/covid-19_apps_en_0.pdf,https://health.ec.europa.eu/system/files/2020-04/covid-19_apps_en_0.pdf,https://interoperable-europe.ec.europa.eu/collection/rolling-plan-ict-standardisation/pandemic-preparedness-rp2024,링크 확인; 첨부 전문 미검토,별도 확인 필요
First Report of the Commission on the EU Digital COVID Certificate Regulation,https://ec.europa.eu/info/sites/default/files/1_en_act_part1_v2_1.pdf,https://interoperable-europe.ec.europa.eu/collection/rolling-plan-ict-standardisation/pandemic-preparedness-rp2024,링크 확인; 첨부 전문 미검토,별도 확인 필요
Annex,https://ec.europa.eu/info/sites/default/files/1_en_annexe_autre_acte_part1_v3.pdf,https://interoperable-europe.ec.europa.eu/collection/rolling-plan-ict-standardisation/pandemic-preparedness-rp2024,링크 확인; 첨부 전문 미검토,별도 확인 필요
econd Report of the Commission on the EU Digital COVID Certificate Regulation & Annex,https://ec.europa.eu/info/sites/default/files/second_report_of_the_commission_on_the_eu_digital_covid_certificate_regulation_annex.pdf,https://interoperable-europe.ec.europa.eu/collection/rolling-plan-ict-standardisation/pandemic-preparedness-rp2024,링크 확인; 첨부 전문 미검토,별도 확인 필요
https://standards.ieee.org/content/dam/ieee-standards/standards/web/documents/other/gieais-covid.pdf,https://standards.ieee.org/content/dam/ieee-standards/standards/web/documents/other/gieais-covid.pdf,https://interoperable-europe.ec.europa.eu/collection/rolling-plan-ict-standardisation/pandemic-preparedness-rp2024,링크 확인; 첨부 전문 미검토,별도 확인 필요
https://www.digitaleurope.org/wp/wp-content/uploads/2020/05/DIGITAL-EUROPE_How-to-relaunch-manufacturing-in-a-post-COVID-19-world.pdf,https://www.digitaleurope.org/wp/wp-content/uploads/2020/05/DIGITAL-EUROPE_How-to-relaunch-manufacturing-in-a-post-COVID-19-world.pdf,https://interoperable-europe.ec.europa.eu/collection/rolling-plan-ict-standardisation/pandemic-preparedness-rp2024,링크 확인; 첨부 전문 미검토,별도 확인 필요
https://www.ecs-org.eu/documents/uploads/ecso-recommendations-in-light-of-covid-19.pdf,https://www.ecs-org.eu/documents/uploads/ecso-recommendations-in-light-of-covid-19.pdf,https://interoperable-europe.ec.europa.eu/collection/rolling-plan-ict-standardisation/pandemic-preparedness-rp2024,링크 확인; 첨부 전문 미검토,별도 확인 필요
here,https://github.com/ISAITB/sample-test-suites/raw/refs/heads/master/testSuites/xmlValidationWithXmlSchema/testSuite.zip,https://www.itb.ec.europa.eu/docs/guides/latest/installingTheTestBed/index.html,링크 확인; 첨부 전문 미검토,별도 확인 필요
here,https://github.com/ISAITB/sample-test-suites/raw/refs/heads/master/testSuites/makingAndReceivingHttpRequests/testSuite.zip,https://www.itb.ec.europa.eu/docs/guides/latest/installingTheTestBed/index.html,링크 확인; 첨부 전문 미검토,별도 확인 필요
Factsheet (pdf),https://interoperable-europe.ec.europa.eu/sites/default/files/custom-page/attachment/2025-11/iopeu-monitoring_2025-dpaf_kosovo_vfinal.pdf,https://interoperable-europe.ec.europa.eu/collection/iopeu-monitoring/kosovo,링크 확인; 첨부 전문 미검토,별도 확인 필요
Supporting Document (pdf),https://interoperable-europe.ec.europa.eu/sites/default/files/custom-page/attachment/2025-11/iopeu-monitoring_2025-supporting-document_kosovo_vfinal.pdf,https://interoperable-europe.ec.europa.eu/collection/iopeu-monitoring/kosovo,링크 확인; 첨부 전문 미검토,별도 확인 필요
Interoperability Framework of the Republic of Kosovo,https://mpb.rks-gov.net/ap/desk/inc/media/15ADEA30-72EF-41FD-BD2A-2B41810371E7.pdf,https://interoperable-europe.ec.europa.eu/collection/iopeu-monitoring/kosovo,링크 확인; 첨부 전문 미검토,별도 확인 필요
eGovernment Strategy Kosovo 2023-2027,https://mpb.rks-gov.net/Uploads/Documents/Pdf/EN/2700/e-Government%20Strategy%20Kosovo%202023-2027.pdf,https://interoperable-europe.ec.europa.eu/collection/iopeu-monitoring/kosovo,링크 확인; 첨부 전문 미검토,별도 확인 필요
Kosovo Institute for Public Administration (KIPA),https://www.ipa.government.bg/sites/default/files/kossovo_prezantimi_ikap.pdf,https://interoperable-europe.ec.europa.eu/collection/iopeu-monitoring/kosovo,링크 확인; 첨부 전문 미검토,별도 확인 필요
eGovERA© Foundation's value proposition,https://interoperable-europe.ec.europa.eu/sites/default/files/distribution/access_url/2025-04/85bb22fb-0d6a-4d01-a2dd-89dd97305d27/eGovERA%C2%A9%20Foundation_Value%20proposition.pdf,https://interoperable-europe.ec.europa.eu/collection/interoperability-architecture-solutions/solution/egovera-taxes/welcome,링크 확인; 첨부 전문 미검토,별도 확인 필요
base.ttl,https://semiceu.github.io/DCAT-AP/releases/2.2.0-hvd/html/hvd-SHACL-base.ttl,https://semiceu.github.io/DCAT-AP/releases/2.2.0-hvd/,링크 확인; 첨부 전문 미검토,별도 확인 필요
ranges.ttl,https://semiceu.github.io/DCAT-AP/releases/2.2.0-hvd/html/hvd-SHACL-ranges.ttl,https://semiceu.github.io/DCAT-AP/releases/2.2.0-hvd/,링크 확인; 첨부 전문 미검토,별도 확인 필요
full.ttl,https://semiceu.github.io/DCAT-AP/releases/2.2.0-hvd/html/hvd-SHACL-full.ttl,https://semiceu.github.io/DCAT-AP/releases/2.2.0-hvd/,링크 확인; 첨부 전문 미검토,별도 확인 필요
RSCOM17-26 rev.3,https://docdb.cept.org/download/19a361a9-d547/CEPTRep071.pdf,https://interoperable-europe.ec.europa.eu/collection/rolling-plan-ict-standardisation/intelligent-transport-systems-cooperative-connected-and-automated-mobility-its-ccam-and-3,링크 확인; 첨부 전문 미검토,별도 확인 필요
https://www.cen.eu/news/brochures/brochures/Urban_Intelligent_Transport_CEN-TC-278.pdf,https://www.cen.eu/news/brochures/brochures/Urban_Intelligent_Transport_CEN-TC-278.pdf,https://interoperable-europe.ec.europa.eu/collection/rolling-plan-ict-standardisation/intelligent-transport-systems-cooperative-connected-and-automated-mobility-its-ccam-and-3,링크 확인; 첨부 전문 미검토,별도 확인 필요
"RFC8691, a standard to specify the mechanisms for transmission of IPv6 datagrams over IEEE 802.11-OCB mode",https://www.rfc-editor.org/rfc/rfc8691.pdf,https://interoperable-europe.ec.europa.eu/collection/rolling-plan-ict-standardisation/intelligent-transport-systems-cooperative-connected-and-automated-mobility-its-ccam-and-3,링크 확인; 첨부 전문 미검토,별도 확인 필요
https://aioti.eu/wp-content/uploads/AIOTI-HLA-Report-R6-Final.pdf,https://aioti.eu/wp-content/uploads/AIOTI-HLA-Report-R6-Final.pdf,https://interoperable-europe.ec.europa.eu/collection/rolling-plan-ict-standardisation/internet-things-rp2025,링크 확인; 첨부 전문 미검토,별도 확인 필요
EN 303 645,https://www.etsi.org/deliver/etsi_en/303600_303699/303645/02.01.01_60/en_303645v020101p.pdf,https://interoperable-europe.ec.europa.eu/collection/rolling-plan-ict-standardisation/internet-things-rp2025,링크 확인; 첨부 전문 미검토,별도 확인 필요
TS 103 701,https://www.etsi.org/deliver/etsi_ts/103700_103799/103701/01.01.01_60/ts_103701v010101p.pdf,https://interoperable-europe.ec.europa.eu/collection/rolling-plan-ict-standardisation/internet-things-rp2025,링크 확인; 첨부 전문 미검토,별도 확인 필요
ETSI GS MEC 033,https://www.etsi.org/deliver/etsi_gs/MEC/001_099/033/03.01.01_60/gs_MEC033v030101p.pdf,https://interoperable-europe.ec.europa.eu/collection/rolling-plan-ict-standardisation/internet-things-rp2025,링크 확인; 첨부 전문 미검토,별도 확인 필요
Guide to Cyber Security for Consumer Internet of Things,https://www.etsi.org/deliver/etsi_tr/103600_103699/103621/01.02.01_60/tr_103621v010201p.pdf,https://interoperable-europe.ec.europa.eu/collection/rolling-plan-ict-standardisation/eprivacy-rp2024,링크 확인; 첨부 전문 미검토,별도 확인 필요
European Interoperability Framework (EIF),https://ec.europa.eu/isa2/sites/default/files/eif_brochure_final.pdf,https://interoperable-europe.ec.europa.eu/collection/assessments/guidelines-chapter-1-what-are-interoperability-assessments-and-why-are-they-relevant,링크 확인; 첨부 전문 미검토,별도 확인 필요
here,https://semiceu.github.io/Core-Business-Vocabulary/releases/2.3.0/shacl/core-business-ap-SHACL.ttl,https://semiceu.github.io/Core-Business-Vocabulary/releases/2.3.0/,링크 확인; 첨부 전문 미검토,별도 확인 필요
here,https://semiceu.github.io/Core-Business-Vocabulary/releases/2.3.0/voc/core-business-ap.ttl,https://semiceu.github.io/Core-Business-Vocabulary/releases/2.3.0/,링크 확인; 첨부 전문 미검토,별도 확인 필요
archive to download,https://github.com/ISAITB/sample-test-suites/raw/refs/heads/master/testSuites/usingSampleImplementationsFromTestServiceTemplate/testSuite.zip,https://www.itb.ec.europa.eu/docs/services/latest/templates/index.html,링크 확인; 첨부 전문 미검토,별도 확인 필요
CAMSS Assessment Generic Privacy Statement,https://joinup.ec.europa.eu/sites/default/files/inline-files/Generic_Privacy_Statement_CAMSS%20-%20Assessments.pdf,https://interoperable-europe.ec.europa.eu/collection/common-assessment-method-standards-and-specifications-camss/know-more,링크 확인; 첨부 전문 미검토,별도 확인 필요
CAMSSaaS Generic Privacy Statement,https://joinup.ec.europa.eu/sites/default/files/inline-files/Generic_Privacy_Statement_CAMSS%20-as-a-Service.pdf,https://interoperable-europe.ec.europa.eu/collection/common-assessment-method-standards-and-specifications-camss/know-more,링크 확인; 첨부 전문 미검토,별도 확인 필요
CAMSS Change Request Generic Privacy Statement,https://joinup.ec.europa.eu/sites/default/files/inline-files/Generic_Privacy_Statement_CAMSS%20-%20ChangeRequest.pdf,https://interoperable-europe.ec.europa.eu/collection/common-assessment-method-standards-and-specifications-camss/know-more,링크 확인; 첨부 전문 미검토,별도 확인 필요
CAMSS Deployments Generic Privacy Statement,https://joinup.ec.europa.eu/sites/default/files/inline-files/Generic_Privacy_Statement_CAMSS%20-%20DeploymentMS.pdf,https://interoperable-europe.ec.europa.eu/collection/common-assessment-method-standards-and-specifications-camss/know-more,링크 확인; 첨부 전문 미검토,별도 확인 필요
CAMSS Evaluation Purposes Generic Privacy Statement,https://joinup.ec.europa.eu/sites/default/files/inline-files/Generic_Privacy_Statement_CAMSS%20-%20EvalPurposes%20%28CAMSS%29.pdf,https://interoperable-europe.ec.europa.eu/collection/common-assessment-method-standards-and-specifications-camss/know-more,링크 확인; 첨부 전문 미검토,별도 확인 필요
Overall Statement regarding Data Protection on CAMSS activity,https://joinup.ec.europa.eu/sites/default/files/inline-files/Generic_Privacy_Statement_CAMSS.pdf,https://interoperable-europe.ec.europa.eu/collection/common-assessment-method-standards-and-specifications-camss/know-more,링크 확인; 첨부 전문 미검토,별도 확인 필요
paper-on-progress-and-trends-2025.pdf,https://interoperable-europe.ec.europa.eu/sites/default/files/custom-page/attachment/2026-01/paper-on-progress-and-trends-2025.pdf,https://interoperable-europe.ec.europa.eu/collection/open-source-observatory-osor/reports-and-guidelines,링크 확인; 첨부 전문 미검토,별도 확인 필요
SC32_D04.03_Paper on progress and trends in the national open source policies and legal frameworks.pdf,https://interoperable-europe.ec.europa.eu/sites/default/files/inline-files/SC32_D04.03_Paper%20on%20progress%20and%20trends%20in%20the%20national%20open%20source%20policies%20and%20legal%20frameworks.pdf,https://interoperable-europe.ec.europa.eu/collection/open-source-observatory-osor/reports-and-guidelines,링크 확인; 첨부 전문 미검토,별도 확인 필요
OSOR_Status of OSS Policies in Europe_2020_0.pdf,https://interoperable-europe.ec.europa.eu/sites/default/files/inline-files/OSOR_Status%20of%20OSS%20Policies%20in%20Europe_2020_0.pdf,https://interoperable-europe.ec.europa.eu/collection/open-source-observatory-osor/reports-and-guidelines,링크 확인; 첨부 전문 미검토,별도 확인 필요
Consult the report,https://interoperable-europe.ec.europa.eu/sites/default/files/inline-files/SC469_D04.01_Report%20on%20the%20role%20of%20OSS%20during%20Covid-19_Final_0.pdf,https://interoperable-europe.ec.europa.eu/collection/open-source-observatory-osor/reports-and-guidelines,링크 확인; 첨부 전문 미검토,별도 확인 필요
osor-handbook.pdf,https://interoperable-europe.ec.europa.eu/sites/default/files/custom-page/attachment/2026-01/osor-handbook.pdf,https://interoperable-europe.ec.europa.eu/collection/open-source-observatory-osor/reports-and-guidelines,링크 확인; 첨부 전문 미검토,별도 확인 필요
Consult the Handbook,https://interoperable-europe.ec.europa.eu/sites/default/files/inline-files/OSOR%20Handbook%20%28draft%29.pdf,https://interoperable-europe.ec.europa.eu/collection/open-source-observatory-osor/reports-and-guidelines,링크 확인; 첨부 전문 미검토,별도 확인 필요
Factsheet (pdf),https://interoperable-europe.ec.europa.eu/sites/default/files/custom-page/attachment/2025-11/iopeu-monitoring_2025-dpaf_sweden_vfinal.pdf,https://interoperable-europe.ec.europa.eu/collection/iopeu-monitoring/sweden,링크 확인; 첨부 전문 미검토,별도 확인 필요
Supporting Document (pdf),https://interoperable-europe.ec.europa.eu/sites/default/files/custom-page/attachment/2025-11/iopeu-monitoring_2025-supporting-document_sweden_vfinal.pdf,https://interoperable-europe.ec.europa.eu/collection/iopeu-monitoring/sweden,링크 확인; 첨부 전문 미검토,별도 확인 필요
Agency for Digital Government (Digg),https://www.digg.se/download/18.129a4fef1939e2e1c1f240b2/1647952779554/framja-den-offentliga-forvaltningens-formaga-att-anvanda-ai.pdf,https://interoperable-europe.ec.europa.eu/collection/iopeu-monitoring/sweden,링크 확인; 첨부 전문 미검토,별도 확인 필요
Har-och-nu-i-hela-landet.pdf,https://accelerationskontoret.se/wp-content/uploads/2025/05/Har-och-nu-i-hela-landet.pdf,https://interoperable-europe.ec.europa.eu/collection/iopeu-monitoring/sweden,링크 확인; 첨부 전문 미검토,별도 확인 필요
Factsheet (pdf),https://interoperable-europe.ec.europa.eu/sites/default/files/custom-page/attachment/2025-11/iopeu-monitoring_2025-dpaf_austria_vfinal.pdf,https://interoperable-europe.ec.europa.eu/collection/iopeu-monitoring/austria,링크 확인; 첨부 전문 미검토,별도 확인 필요
Supporting Document (pdf),https://interoperable-europe.ec.europa.eu/sites/default/files/custom-page/attachment/2025-11/iopeu-monitoring_2025-supporting-document_austria_vfinal.pdf,https://interoperable-europe.ec.europa.eu/collection/iopeu-monitoring/austria,링크 확인; 첨부 전문 미검토,별도 확인 필요
eGovernment Strategy 2023,https://www.digitalaustria.gv.at/dam/jcr:e93f9913-c1d1-4968-b6c6-ea9aed5c3498/E-GovernmentStrategieOesterreich-EN-final17072023.pdf,https://interoperable-europe.ec.europa.eu/collection/iopeu-monitoring/austria,링크 확인; 첨부 전문 미검토,별도 확인 필요
RDF/XML,https://www.itb.ec.europa.eu/docs/guides/latest/_downloads/2919af6ec52d111b38550c387e258777/PurchaseOrder-vocab.rdf,https://www.itb.ec.europa.eu/docs/guides/latest/validatingRDF/index.html,링크 확인; 첨부 전문 미검토,별도 확인 필요
here,https://www.itb.ec.europa.eu/docs/guides/latest/_downloads/3aea6bf6bc1d0fccfc0b400d62679f56/report.pdf,https://www.itb.ec.europa.eu/docs/guides/latest/validatingRDF/index.html,링크 확인; 첨부 전문 미검토,별도 확인 필요
here,https://www.itb.ec.europa.eu/docs/guides/latest/_downloads/c25c9fed960d286a46d2552d59b283ae/report.ttl,https://www.itb.ec.europa.eu/docs/guides/latest/validatingRDF/index.html,링크 확인; 첨부 전문 미검토,별도 확인 필요
ZIP bundle,https://www.itb.ec.europa.eu/files/stylesheets/gitb_trl/gitb_trl.zip,https://www.itb.ec.europa.eu/docs/guides/latest/validatingRDF/index.html,링크 확인; 첨부 전문 미검토,별도 확인 필요
this SOAP UI project,https://www.itb.ec.europa.eu/docs/guides/latest/_downloads/346396bce05f5740b12e9ddcb9d52579/PurchaseOrderRDF-soapui-project.xml,https://www.itb.ec.europa.eu/docs/guides/latest/validatingRDF/index.html,링크 확인; 첨부 전문 미검토,별도 확인 필요
Impact assessment report,https://ec.europa.eu/info/sites/default/files/swd_2022_721_f1_impact_assesment_en_v3_p1_2253149.pdf,https://interoperable-europe.ec.europa.eu/interoperable-europe/interoperable-europe-act,링크 확인; 첨부 전문 미검토,별도 확인 필요
APIs for CPSV-AP based Catalogue of Services’,https://joinup.ec.europa.eu/sites/default/files/news/2019-09/ISA2_APIs%20for%20CPSV-AP%20based%20Catalogue%20of%20Services_0.pdf,https://interoperable-europe.ec.europa.eu/collection/semic-support-centre/semantic-enrichment-apis-openapi-case-study,링크 확인; 첨부 전문 미검토,별도 확인 필요
Factsheet (pdf),https://interoperable-europe.ec.europa.eu/sites/default/files/custom-page/attachment/2025-11/iopeu-monitoring_2025-dpaf_iceland_vfinal.pdf,https://interoperable-europe.ec.europa.eu/collection/iopeu-monitoring/iceland,링크 확인; 첨부 전문 미검토,별도 확인 필요
Supporting Document (pdf),https://interoperable-europe.ec.europa.eu/sites/default/files/custom-page/attachment/2025-11/iopeu-monitoring_2025-supporting-document_iceland_vfinal.pdf,https://interoperable-europe.ec.europa.eu/collection/iopeu-monitoring/iceland,링크 확인; 첨부 전문 미검토,별도 확인 필요
Find out more,https://interoperable-europe.ec.europa.eu/sites/default/files/custom-page/attachment/2025-06/twinning-exercise-introductory-slides.pdf,https://interoperable-europe.ec.europa.eu/collection/iopeu-monitoring/news-and-events,링크 확인; 첨부 전문 미검토,별도 확인 필요
user manual,https://interoperable-europe.ec.europa.eu/sites/default/files/news/2026-03/interoperability-assessment-tool-user-manual-v2.pdf,https://interoperable-europe.ec.europa.eu/collection/assessments/online-tool-assessments,링크 확인; 첨부 전문 미검토,별도 확인 필요
Need help? Check the user manual!,https://interoperable-europe.ec.europa.eu/sites/default/files/document/2025-03/Interoperability%20Assessment%20Tool%20-%20User%20Manual.pdf,https://interoperable-europe.ec.europa.eu/collection/assessments/online-tool-assessments,링크 확인; 첨부 전문 미검토,별도 확인 필요
Factsheet (pdf),https://interoperable-europe.ec.europa.eu/sites/default/files/custom-page/attachment/2025-11/iopeu-monitoring_2025-dpaf_belgium_vfinal.pdf,https://interoperable-europe.ec.europa.eu/collection/iopeu-monitoring/belgium,링크 확인; 첨부 전문 미검토,별도 확인 필요
Supporting Document (pdf),https://interoperable-europe.ec.europa.eu/sites/default/files/custom-page/attachment/2025-11/iopeu-monitoring_2025-supporting-document_belgium_vfinal.pdf,https://interoperable-europe.ec.europa.eu/collection/iopeu-monitoring/belgium,링크 확인; 첨부 전문 미검토,별도 확인 필요
https://www.ecb.europa.eu/paym/groups/erpb/shared/pdf/13th-ERPB-meeting/Item_4.4_-_Interim_report_of_the_WG_on_a_framework_for_instant_at_POI.pdf,https://www.ecb.europa.eu/paym/groups/erpb/shared/pdf/13th-ERPB-meeting/Item_4.4_-_Interim_report_of_the_WG_on_a_framework_for_instant_at_POI.pdf,https://interoperable-europe.ec.europa.eu/collection/rolling-plan-ict-standardisation/retail-payments-rp2024,링크 확인; 첨부 전문 미검토,별도 확인 필요
EMV® QR Code Specification for Payment Systems: Merchant-Presented Mode,https://www.emvco.com/wp-content/plugins/pmpro-customizations/oy-getfile.php?u=/wp-content/uploads/documents/EMVCo-Merchant-Presented-QR-Specification-v1-1.pdf,https://interoperable-europe.ec.europa.eu/collection/rolling-plan-ict-standardisation/retail-payments-rp2024,링크 확인; 첨부 전문 미검토,별도 확인 필요
EMV® QR Code Specification for Payment Systems: Consumer Presented Mode,https://www.emvco.com/wp-content/plugins/pmpro-customizations/oy-getfile.php?u=/wp-content/uploads/documents/EMVCo-Consumer-Presented-QR-Specification-v1-1.pdf,https://interoperable-europe.ec.europa.eu/collection/rolling-plan-ict-standardisation/retail-payments-rp2024,링크 확인; 첨부 전문 미검토,별도 확인 필요
Factsheet (pdf),https://interoperable-europe.ec.europa.eu/sites/default/files/custom-page/attachment/2025-11/iopeu-monitoring_2025-dpaf_ukraine_vfinal.pdf,https://interoperable-europe.ec.europa.eu/collection/iopeu-monitoring/ukraine,링크 확인; 첨부 전문 미검토,별도 확인 필요
Supporting Document (pdf),https://interoperable-europe.ec.europa.eu/sites/default/files/custom-page/attachment/2025-11/iopeu-monitoring_2025-supporting-document_ukraine_vfinal.pdf,https://interoperable-europe.ec.europa.eu/collection/iopeu-monitoring/ukraine,링크 확인; 첨부 전문 미검토,별도 확인 필요
transcription,https://interoperable-europe.ec.europa.eu/sites/default/files/inline-files/EIRA_speech_of_Raul_Abril.pdf,https://interoperable-europe.ec.europa.eu/collection/interoperability-architecture-solutions/solution/eira/know-more,링크 확인; 첨부 전문 미검토,별도 확인 필요
Use-cases,https://interoperable-europe.ec.europa.eu/sites/default/files/inline-files/EIRA_use_cases.pdf,https://interoperable-europe.ec.europa.eu/collection/interoperability-architecture-solutions/solution/eira/know-more,링크 확인; 첨부 전문 미검토,별도 확인 필요
Selected architecture templates,https://interoperable-europe.ec.europa.eu/sites/default/files/inline-files/EIRA_selected_solution_architecture_template.pdf,https://interoperable-europe.ec.europa.eu/collection/interoperability-architecture-solutions/solution/eira/know-more,링크 확인; 첨부 전문 미검토,별도 확인 필요
BoR (20) 42,https://berec.europa.eu/eng/document_register/subject_matter/berec/download/0/9027-berec-guidelines-to-assist-nras-on-the-c_0.pdf,https://interoperable-europe.ec.europa.eu/collection/rolling-plan-ict-standardisation/broadband-infrastructure-mapping-rp2024,링크 확인; 첨부 전문 미검토,별도 확인 필요
ETSI GR F5G 001 V1.1.1 (2020-12),https://www.etsi.org/deliver/etsi_gr/F5G/001_099/001/01.01.01_60/gr_F5G001v010101p.pdf,https://interoperable-europe.ec.europa.eu/collection/rolling-plan-ict-standardisation/broadband-infrastructure-mapping-rp2024,링크 확인; 첨부 전문 미검토,별도 확인 필요
ETSI GR F5G 002 V1.1.1 (2021-02),https://www.etsi.org/deliver/etsi_gr/F5G/001_099/002/01.01.01_60/gr_F5G002v010101p.pdf,https://interoperable-europe.ec.europa.eu/collection/rolling-plan-ict-standardisation/broadband-infrastructure-mapping-rp2024,링크 확인; 첨부 전문 미검토,별도 확인 필요
ETSI GS F5G 003 V1.1.1 (2021-09),https://www.etsi.org/deliver/etsi_gs/F5G/001_099/003/01.01.01_60/gs_F5G003v010101p.pdf,https://interoperable-europe.ec.europa.eu/collection/rolling-plan-ict-standardisation/broadband-infrastructure-mapping-rp2024,링크 확인; 첨부 전문 미검토,별도 확인 필요
ETSI GS F5G 005 V1.1.1 (2022-03),https://www.etsi.org/deliver/etsi_gs/F5G/001_099/005/01.01.01_60/gs_F5G005v010101p.pdf,https://interoperable-europe.ec.europa.eu/collection/rolling-plan-ict-standardisation/broadband-infrastructure-mapping-rp2024,링크 확인; 첨부 전문 미검토,별도 확인 필요
ETSI GR F5G 008v 1.1.1.,https://www.etsi.org/deliver/etsi_gr/F5G/001_099/008/01.01.01_60/gr_F5G008v010101p.pdf,https://interoperable-europe.ec.europa.eu/collection/rolling-plan-ict-standardisation/broadband-infrastructure-mapping-rp2024,링크 확인; 첨부 전문 미검토,별도 확인 필요
ETSI GR F5G 010 V1.1.1 (2022-04),https://www.etsi.org/deliver/etsi_gr/F5G/001_099/010/01.01.01_60/gr_F5G010v010101p.pdf,https://interoperable-europe.ec.europa.eu/collection/rolling-plan-ict-standardisation/broadband-infrastructure-mapping-rp2024,링크 확인; 첨부 전문 미검토,별도 확인 필요
https://www.itu.int/en/ITU-T/focusgroups/net2030/Documents/White_Paper.pdf,https://www.itu.int/en/ITU-T/focusgroups/net2030/Documents/White_Paper.pdf,https://interoperable-europe.ec.europa.eu/collection/rolling-plan-ict-standardisation/broadband-infrastructure-mapping-rp2024,링크 확인; 첨부 전문 미검토,별도 확인 필요
Factsheet (pdf),https://interoperable-europe.ec.europa.eu/sites/default/files/custom-page/attachment/2025-07/nifo_2024-dpaf_netherlands.pdf,https://interoperable-europe.ec.europa.eu/collection/iopeu-monitoring/netherlands,링크 확인; 첨부 전문 미검토,별도 확인 필요
Supporting Document (pdf),https://interoperable-europe.ec.europa.eu/sites/default/files/custom-page/attachment/2025-07/nifo_2024-supporting-document_netherlands.pdf,https://interoperable-europe.ec.europa.eu/collection/iopeu-monitoring/netherlands,링크 확인; 첨부 전문 미검토,별도 확인 필요
is compliant,https://www.noraonline.nl/images/noraonline/0/01/Xref_EIF_and_NORA_20230531.pdf,https://interoperable-europe.ec.europa.eu/collection/iopeu-monitoring/netherlands,링크 확인; 첨부 전문 미검토,별도 확인 필요
Value-based Information Society: Digital Agenda for Municipalities 2024,https://vng.nl/sites/default/files/2020-05/digitale_agenda_gemeenten-2024_vng.pdf,https://interoperable-europe.ec.europa.eu/collection/iopeu-monitoring/netherlands,링크 확인; 첨부 전문 미검토,별도 확인 필요
Factsheet (pdf),https://interoperable-europe.ec.europa.eu/sites/default/files/custom-page/attachment/2025-07/nifo_2024-dpaf_france_vfinal_rev.pdf,https://interoperable-europe.ec.europa.eu/collection/iopeu-monitoring/france,링크 확인; 첨부 전문 미검토,별도 확인 필요
Supporting Document (pdf),https://interoperable-europe.ec.europa.eu/sites/default/files/custom-page/attachment/2025-07/nifo_2024-supportive-document_france_vfinal_rev.pdf,https://interoperable-europe.ec.europa.eu/collection/iopeu-monitoring/france,링크 확인; 첨부 전문 미검토,별도 확인 필요
Digital-ready policymaking: from theory to practice,https://interoperable-europe.ec.europa.eu/sites/default/files/inline-files/session-01-digital-ready-policymaking-from-theory-to-practice_1.pdf,https://interoperable-europe.ec.europa.eu/collection/interoperable-europe-academy/event/interoperable-europe-seasonal-school-2026,링크 확인; 첨부 전문 미검토,별도 확인 필요
Get to know the Assessment Toolbox,https://interoperable-europe.ec.europa.eu/sites/default/files/inline-files/session-02-get-to-know-the-assessment-toolbox_1.pdf,https://interoperable-europe.ec.europa.eu/collection/interoperable-europe-academy/event/interoperable-europe-seasonal-school-2026,링크 확인; 첨부 전문 미검토,별도 확인 필요
A practical walk-through of the Assessment Toolbox,https://interoperable-europe.ec.europa.eu/sites/default/files/inline-files/session-03-a-practical-walk-through-of-the-assessment-toolbox_1.pdf,https://interoperable-europe.ec.europa.eu/collection/interoperable-europe-academy/event/interoperable-europe-seasonal-school-2026,링크 확인; 첨부 전문 미검토,별도 확인 필요
Explore interoperability solutions you can reuse in your project,https://interoperable-europe.ec.europa.eu/sites/default/files/inline-files/session-04-explore-interoperability-solutions-you-can-reuse-in-your-project_1.pdf,https://interoperable-europe.ec.europa.eu/collection/interoperable-europe-academy/event/interoperable-europe-seasonal-school-2026,링크 확인; 첨부 전문 미검토,별도 확인 필요
From code to reuse: inside the EU Open Source Solutions Catalogue,https://interoperable-europe.ec.europa.eu/sites/default/files/inline-files/session-05-from-code-to-reuse-inside-the-eu-open-source-solutions-catalogue_1.pdf,https://interoperable-europe.ec.europa.eu/collection/interoperable-europe-academy/event/interoperable-europe-seasonal-school-2026,링크 확인; 첨부 전문 미검토,별도 확인 필요
EIRA & eGovERA in practice: real-world applications in Digital Public Services,https://interoperable-europe.ec.europa.eu/sites/default/files/inline-files/session-06-eira-egovera-in-practice-real-world-applications-in-digital-public-services_1.pdf,https://interoperable-europe.ec.europa.eu/collection/interoperable-europe-academy/event/interoperable-europe-seasonal-school-2026,링크 확인; 첨부 전문 미검토,별도 확인 필요
Organisational methodologies for Europe: the European Commission’s PM² Methodologies,https://interoperable-europe.ec.europa.eu/sites/default/files/inline-files/session-07-organisational-methodologies-for-europe-the-european-commission-s-pm2-methodologies_1.pdf,https://interoperable-europe.ec.europa.eu/collection/interoperable-europe-academy/event/interoperable-europe-seasonal-school-2026,링크 확인; 첨부 전문 미검토,별도 확인 필요
Where collaboration meets interoperability: the Interoperable Europe Community,https://interoperable-europe.ec.europa.eu/sites/default/files/inline-files/session-08-where-collaboration-meets-interoperability-the-interoperable-europe-community_2.pdf,https://interoperable-europe.ec.europa.eu/collection/interoperable-europe-academy/event/interoperable-europe-seasonal-school-2026,링크 확인; 첨부 전문 미검토,별도 확인 필요
Starting Digital Public Service development from the organisational perspective,https://interoperable-europe.ec.europa.eu/sites/default/files/inline-files/session-09-starting-digital-public-service-development-from-the-organisational-perspective_0.pdf,https://interoperable-europe.ec.europa.eu/collection/interoperable-europe-academy/event/interoperable-europe-seasonal-school-2026,링크 확인; 첨부 전문 미검토,별도 확인 필요
Peer-learning policy briefs: a source of inspiration for public administrations,https://interoperable-europe.ec.europa.eu/sites/default/files/inline-files/session-10-peer-learning-policy-briefs-a-source-of-inspiration-for-public-administrations_0.pdf,https://interoperable-europe.ec.europa.eu/collection/interoperable-europe-academy/event/interoperable-europe-seasonal-school-2026,링크 확인; 첨부 전문 미검토,별도 확인 필요
Guidelines on Sharing Interoperability Solutions,https://interoperable-europe.ec.europa.eu/sites/default/files/inline-files/session-11-guidelines-on-sharing-interoperability-solutions_0.pdf,https://interoperable-europe.ec.europa.eu/collection/interoperable-europe-academy/event/interoperable-europe-seasonal-school-2026,링크 확인; 첨부 전문 미검토,별도 확인 필요
Building Semantic Interoperability: the SEMIC Way,https://interoperable-europe.ec.europa.eu/sites/default/files/inline-files/session-12-building-semantic-interoperability-the-semic-way_0.pdf,https://interoperable-europe.ec.europa.eu/collection/interoperable-europe-academy/event/interoperable-europe-seasonal-school-2026,링크 확인; 첨부 전문 미검토,별도 확인 필요
EIF Compliance Assessment with CAMSS – a practical introduction,https://interoperable-europe.ec.europa.eu/sites/default/files/inline-files/session-13-eif-compliance-assessment-with-camss-a-practical-introduction_0.pdf,https://interoperable-europe.ec.europa.eu/collection/interoperable-europe-academy/event/interoperable-europe-seasonal-school-2026,링크 확인; 첨부 전문 미검토,별도 확인 필요
GovTech and innovation in the public sector,https://interoperable-europe.ec.europa.eu/sites/default/files/inline-files/session-14-govtech-and-innovation-in-the-public-sector_0.pdf,https://interoperable-europe.ec.europa.eu/collection/interoperable-europe-academy/event/interoperable-europe-seasonal-school-2026,링크 확인; 첨부 전문 미검토,별도 확인 필요
Test your system with the Interoperability Test Bed – a hands-on introduction,https://interoperable-europe.ec.europa.eu/sites/default/files/inline-files/session-15-test-your-system-with-the-interoperability-test-bed-a-hands-on-introduction_0.pdf,https://interoperable-europe.ec.europa.eu/collection/interoperable-europe-academy/event/interoperable-europe-seasonal-school-2026,링크 확인; 첨부 전문 미검토,별도 확인 필요
From Monitoring to Impact: Exploring the Interoperable Europe Portfolio,https://interoperable-europe.ec.europa.eu/sites/default/files/inline-files/session-16-from-monitoring-to-impact-exploring-the-interoperable-europe-portfolio_0.pdf,https://interoperable-europe.ec.europa.eu/collection/interoperable-europe-academy/event/interoperable-europe-seasonal-school-2026,링크 확인; 첨부 전문 미검토,별도 확인 필요
Building skills: what does it take to implement an Interoperable Digital Public Service?,https://interoperable-europe.ec.europa.eu/sites/default/files/inline-files/session-17-building-skills-what-does-it-take-to-implement-an-interoperable-digital-public-service_0.pdf,https://interoperable-europe.ec.europa.eu/collection/interoperable-europe-academy/event/interoperable-europe-seasonal-school-2026,링크 확인; 첨부 전문 미검토,별도 확인 필요
ETSI GR MEC041,https://www.etsi.org/deliver/etsi_gr/MEC/001_099/041/03.01.01_60/gr_MEC041v030101p.pdf,https://interoperable-europe.ec.europa.eu/collection/rolling-plan-ict-standardisation/cloud-and-edge-computing-rp-2025,링크 확인; 첨부 전문 미검토,별도 확인 필요
ETSI GR F5G 021,https://www.etsi.org/deliver/etsi_gr/F5G/001_099/021/01.01.01_60/gr_F5G021v010101p.pdf,https://interoperable-europe.ec.europa.eu/collection/rolling-plan-ict-standardisation/cloud-and-edge-computing-rp-2025,링크 확인; 첨부 전문 미검토,별도 확인 필요
ETSI GR F5G 020,https://www.etsi.org/deliver/etsi_gr/F5G/001_099/020/01.01.01_60/gr_F5G020v010101p.pdf,https://interoperable-europe.ec.europa.eu/collection/rolling-plan-ict-standardisation/cloud-and-edge-computing-rp-2025,링크 확인; 첨부 전문 미검토,별도 확인 필요
report,https://aioti.eu/wp-content/uploads/2022/09/AIOTI-Guidance-for-IoT-Integration-in-Data-Spaces-Final.pdf,https://interoperable-europe.ec.europa.eu/collection/rolling-plan-ict-standardisation/cloud-and-edge-computing-rp-2025,링크 확인; 첨부 전문 미검토,별도 확인 필요
report,https://aioti.eu/wp-content/uploads/Guidance-for-the-Integration-of-Digital-Twins-in-Data-Spaces-Final-1.pdf,https://interoperable-europe.ec.europa.eu/collection/rolling-plan-ict-standardisation/cloud-and-edge-computing-rp-2025,링크 확인; 첨부 전문 미검토,별도 확인 필요
Factsheet (pdf),https://interoperable-europe.ec.europa.eu/sites/default/files/custom-page/attachment/2025-11/iopeu-monitoring_2025-dpaf_moldova_vfinal.pdf,https://interoperable-europe.ec.europa.eu/collection/iopeu-monitoring/moldova,링크 확인; 첨부 전문 미검토,별도 확인 필요
Supporting Document (pdf),https://interoperable-europe.ec.europa.eu/sites/default/files/custom-page/attachment/2025-11/iopeu-monitoring_2025-supporting-document_moldova_vfinal.pdf,https://interoperable-europe.ec.europa.eu/collection/iopeu-monitoring/moldova,링크 확인; 첨부 전문 미검토,별도 확인 필요
COM(2012) 179 final,https://www.europarl.europa.eu/cmsdata/59559/att_20120424ATT43825-262332740917398875.pdf,https://interoperable-europe.ec.europa.eu/collection/rolling-plan-ict-standardisation/e-procurement-pre-and-post-award-rp2025,링크 확인; 첨부 전문 미검토,별도 확인 필요
CEN/TC 440 Business Plan,https://standards.cencenelec.eu/BPCEN/1976650.pdf,https://interoperable-europe.ec.europa.eu/collection/rolling-plan-ict-standardisation/e-procurement-pre-and-post-award-rp2025,링크 확인; 첨부 전문 미검토,별도 확인 필요
United Nations Economic Commission (UNECE) Recommendation 43 on Sustainable Procurement,https://unece.org/fileadmin/DAM/cefact/cf_plenary/2019_plenary/ECE_TRADE_C_CEFACT_2019_07E.pdf,https://interoperable-europe.ec.europa.eu/collection/rolling-plan-ict-standardisation/e-procurement-pre-and-post-award-rp2025,링크 확인; 첨부 전문 미검토,별도 확인 필요
ELIS value proposition,https://interoperable-europe.ec.europa.eu/sites/default/files/distribution/access_url/2025-05/4d64ea9b-ae10-4687-be18-8f95dca248c1/ELIS_Value%20proposition.pdf,https://interoperable-europe.ec.europa.eu/collection/common-assessment-method-standards-and-specifications-camss/solution/elis/welcome,링크 확인; 첨부 전문 미검토,별도 확인 필요
https://www.vinnova.se/globalassets/mikrosajter/strategiska-innovationsprogram/agendor/made-in-sweden-2030-eng.pdf?cb=20170714133725,https://www.vinnova.se/globalassets/mikrosajter/strategiska-innovationsprogram/agendor/made-in-sweden-2030-eng.pdf?cb=20170714133725,https://interoperable-europe.ec.europa.eu/collection/rolling-plan-ict-standardisation/digitalisation-european-industry-rp2025,링크 확인; 첨부 전문 미검토,별도 확인 필요
eGovERA© Upscale's value proposition,https://interoperable-europe.ec.europa.eu/sites/default/files/release/documentation/2025-04/eGovERA©%20Upscale_Value%20proposition.pdf,https://interoperable-europe.ec.europa.eu/collection/interoperability-architecture-solutions/solution/egovera-upscale/welcome,링크 확인; 첨부 전문 미검토,별도 확인 필요
here,https://www.itb.ec.europa.eu/docs/guides/latest/_downloads/97f4736d71de069b0250c811b8fadcf7/sample.xml,https://www.itb.ec.europa.eu/docs/guides/latest/sendingAndReceivingContent/index.html,링크 확인; 첨부 전문 미검토,별도 확인 필요
SWD(2021) 140,https://ec.europa.eu/environment/pdf/zero-pollution-action-plan/swd-digital-solutions_en.pdf,https://interoperable-europe.ec.europa.eu/collection/rolling-plan-ict-standardisation/water-management-digitalisation-rp2025,링크 확인; 첨부 전문 미검토,별도 확인 필요
ETSI GS CIM 009,https://www.etsi.org/deliver/etsi_gs/CIM/001_099/009/01.08.01_60/gs_CIM009v010801p.pdf,https://interoperable-europe.ec.europa.eu/collection/rolling-plan-ict-standardisation/water-management-digitalisation-rp2025,링크 확인; 첨부 전문 미검토,별도 확인 필요
ETSI GR CIM 017,https://www.etsi.org/deliver/etsi_gr/CIM/001_099/017/01.01.01_60/gr_CIM017v010101p.pdf,https://interoperable-europe.ec.europa.eu/collection/rolling-plan-ict-standardisation/water-management-digitalisation-rp2025,링크 확인; 첨부 전문 미검토,별도 확인 필요
ETSI TR 103 547,https://www.etsi.org/deliver/etsi_tr/103500_103599/103547/01.01.01_60/tr_103547v010101p.pdf,https://interoperable-europe.ec.europa.eu/collection/rolling-plan-ict-standardisation/water-management-digitalisation-rp2025,링크 확인; 첨부 전문 미검토,별도 확인 필요
https://portal.etsi.org/Portals/0/TBpages/CDP/Docs/ISG_CDP_ToR_DG_Approved_20171011.pdf,https://portal.etsi.org/Portals/0/TBpages/CDP/Docs/ISG_CDP_ToR_DG_Approved_20171011.pdf,https://interoperable-europe.ec.europa.eu/collection/rolling-plan-ict-standardisation/water-management-digitalisation-rp2025,링크 확인; 첨부 전문 미검토,별도 확인 필요
https://webstore.iec.ch/preview/info_isoiec30128%7Bed1.0%7Den.pdf,https://webstore.iec.ch/preview/info_isoiec30128%7Bed1.0%7Den.pdf,https://interoperable-europe.ec.europa.eu/collection/rolling-plan-ict-standardisation/water-management-digitalisation-rp2025,링크 확인; 첨부 전문 미검토,별도 확인 필요
Rivers and Lakes,https://sagroups.ieee.org/planetpositive2030/wp-content/uploads/sites/541/2023/07/06_RiversLakes_SSBD_v1_07.14.23-final.pdf,https://interoperable-europe.ec.europa.eu/collection/rolling-plan-ict-standardisation/water-management-digitalisation-rp2025,링크 확인; 첨부 전문 미검토,별도 확인 필요
Oceans and Coasts,https://sagroups.ieee.org/planetpositive2030/wp-content/uploads/sites/541/2023/07/08_Ocean_SSBD_v1_07.14.23-final.pdf,https://interoperable-europe.ec.europa.eu/collection/rolling-plan-ict-standardisation/water-management-digitalisation-rp2025,링크 확인; 첨부 전문 미검토,별도 확인 필요
presentation,https://interoperable-europe.ec.europa.eu/sites/default/files/news/2023-11/CAMSS%20Webinar_Introducing%20CAMSS_2023-11-09.pdf,https://interoperable-europe.ec.europa.eu/collection/common-assessment-method-standards-and-specifications-camss/learning-resources,링크 확인; 첨부 전문 미검토,별도 확인 필요
presentation,https://interoperable-europe.ec.europa.eu/sites/default/files/news/2023-12/CAMSS%20Webinar_ELIS_2023-12-13_FINAL.pdf,https://interoperable-europe.ec.europa.eu/collection/common-assessment-method-standards-and-specifications-camss/learning-resources,링크 확인; 첨부 전문 미검토,별도 확인 필요
presentation,https://interoperable-europe.ec.europa.eu/sites/default/files/news/2024-02/CAMSS%20Webinar_ELAP_2024-02-07_Final.pdf,https://interoperable-europe.ec.europa.eu/collection/common-assessment-method-standards-and-specifications-camss/learning-resources,링크 확인; 첨부 전문 미검토,별도 확인 필요
presentation,https://interoperable-europe.ec.europa.eu/sites/default/files/news/2024-12/CAMSS%20Webinar_Incompatibility%20Scenario.pdf,https://interoperable-europe.ec.europa.eu/collection/common-assessment-method-standards-and-specifications-camss/learning-resources,링크 확인; 첨부 전문 미검토,별도 확인 필요
presentation,https://interoperable-europe.ec.europa.eu/sites/default/files/news/2025-03/CAMSS%20Webinar_CAMSS%20Vocabularies_Presentation.pdf,https://interoperable-europe.ec.europa.eu/collection/common-assessment-method-standards-and-specifications-camss/learning-resources,링크 확인; 첨부 전문 미검토,별도 확인 필요
Factsheet (pdf),https://interoperable-europe.ec.europa.eu/sites/default/files/custom-page/attachment/2025-11/iopeu-monitoring_2025-dpaf_turkiye_vfinal.pdf,https://interoperable-europe.ec.europa.eu/collection/iopeu-monitoring/turkiye,링크 확인; 첨부 전문 미검토,별도 확인 필요
Supporting Document (pdf),https://interoperable-europe.ec.europa.eu/sites/default/files/custom-page/attachment/2025-11/iopeu-monitoring_2025-supporting-document_turkiye_vfinal.pdf,https://interoperable-europe.ec.europa.eu/collection/iopeu-monitoring/turkiye,링크 확인; 첨부 전문 미검토,별도 확인 필요
Plan,https://www.sbb.gov.tr/wp-content/uploads/2025/03/Twelfth-Development-Plan_2024-2028.pdf,https://interoperable-europe.ec.europa.eu/collection/iopeu-monitoring/turkiye,링크 확인; 첨부 전문 미검토,별도 확인 필요
Presidential Decree No. 49 on Geographic Information Systems,https://hukukmusavirligi.diyanet.gov.tr/Documents/Cb%20Kararnamesi%2049.pdf,https://interoperable-europe.ec.europa.eu/collection/iopeu-monitoring/turkiye,링크 확인; 첨부 전문 미검토,별도 확인 필요
TUCBS Interoperability Procedures and Principles Guide,https://tucbs.gov.tr/wp-content/uploads/temeldokuman/TUCBS_BC.pdf,https://interoperable-europe.ec.europa.eu/collection/iopeu-monitoring/turkiye,링크 확인; 첨부 전문 미검토,별도 확인 필요
the Smart City Interoperability Principles Guide,https://akillisehirler.csb.gov.tr/wp-content/uploads/KapasiteGelistirme/akilli_sehir_birlikte_calisabilirlik_esaslari_rehberi.pdf,https://interoperable-europe.ec.europa.eu/collection/iopeu-monitoring/turkiye,링크 확인; 첨부 전문 미검토,별도 확인 필요
Guide,https://www.sbb.gov.tr/wp-content/uploads/2022/08/Kamu_Bilgi_ve_Iletisim_Teknojisi_Projeleri_Hazirlama_Kilavuzu.pdf,https://interoperable-europe.ec.europa.eu/collection/iopeu-monitoring/turkiye,링크 확인; 첨부 전문 미검토,별도 확인 필요
Presidential Decree No.48,https://www.resmigazete.gov.tr/eskiler/2019/10/20191024-1.pdf,https://interoperable-europe.ec.europa.eu/collection/iopeu-monitoring/turkiye,링크 확인; 첨부 전문 미검토,별도 확인 필요
Decree,https://ms.hmb.gov.tr/uploads/sites/12/2021/05/Kripto-Varlik-Hizmet-Saglayicilar-Rehberi.pdf,https://interoperable-europe.ec.europa.eu/collection/iopeu-monitoring/turkiye,링크 확인; 첨부 전문 미검토,별도 확인 필요
Presidential Annual Programme 2022,https://www.sbb.gov.tr/wp-content/uploads/2021/10/2022-Yili-Cumhurbaskanligi-Yillik-Programi-26102021.pdf,https://interoperable-europe.ec.europa.eu/collection/iopeu-monitoring/turkiye,링크 확인; 첨부 전문 미검토,별도 확인 필요
here,https://semiceu.github.io/IOPA/releases/1.0.0/shacl/iopa-SHACL.ttl,https://semiceu.github.io/IOPA/releases/1.0.0/,링크 확인; 첨부 전문 미검토,별도 확인 필요
here,https://joinup.ec.europa.eu/sites/default/files/inline-files/CAMSS_use_cases_v2_1.pdf,https://interoperable-europe.ec.europa.eu/collection/common-assessment-method-standards-and-specifications-camss/camss-solutions,링크 확인; 첨부 전문 미검토,별도 확인 필요
PDF version of the Rolling Plan 2025,https://interoperable-europe.ec.europa.eu/sites/default/files/custom-page/attachment/2025-04/RollingPlan_ICT_2025.pdf,https://interoperable-europe.ec.europa.eu/collection/rolling-plan-ict-standardisation/rolling-plan-2025,링크 확인; 첨부 전문 미검토,별도 확인 필요
FAIR,https://ec.europa.eu/info/sites/default/files/turning_fair_into_reality_1.pdf,https://interoperable-europe.ec.europa.eu/collection/rolling-plan-ict-standardisation/e-infrastructures-data-and-computing-intensive-science-and-european-open-science-cloud-rp2024,링크 확인; 첨부 전문 미검토,별도 확인 필요
documents and recommendations,https://ec.europa.eu/info/sites/default/files/research_and_innovation/strategy_on_research_and_innovation/documents/eosc_main_background_documents_july_2021_v2.pdf.pdf,https://interoperable-europe.ec.europa.eu/collection/rolling-plan-ict-standardisation/e-infrastructures-data-and-computing-intensive-science-and-european-open-science-cloud-rp2024,링크 확인; 첨부 전문 미검토,별도 확인 필요
https://ec.europa.eu/info/sites/default/files/research_and_innovation/funding/documents/c_2021_4113_f1_annex_en_v3_p1_1213802.pdf,https://ec.europa.eu/info/sites/default/files/research_and_innovation/funding/documents/c_2021_4113_f1_annex_en_v3_p1_1213802.pdf,https://interoperable-europe.ec.europa.eu/collection/rolling-plan-ict-standardisation/e-infrastructures-data-and-computing-intensive-science-and-european-open-science-cloud-rp2024,링크 확인; 첨부 전문 미검토,별도 확인 필요
https://ec.europa.eu/info/sites/default/files/research_and_innovation/strategy_on_research_and_innovation/documents/ec_rtd_eosc-main-background-documents.pdf,https://ec.europa.eu/info/sites/default/files/research_and_innovation/strategy_on_research_and_innovation/documents/ec_rtd_eosc-main-background-documents.pdf,https://interoperable-europe.ec.europa.eu/collection/rolling-plan-ict-standardisation/e-infrastructures-data-and-computing-intensive-science-and-european-open-science-cloud-rp2024,링크 확인; 첨부 전문 미검토,별도 확인 필요
Explanatory Notes on VAT-invoicing rules,https://taxation-customs.ec.europa.eu/system/files/2016-09/explanatory_notes_en.pdf,https://interoperable-europe.ec.europa.eu/collection/rolling-plan-ict-standardisation/e-invoicing-rp2025,링크 확인; 첨부 전문 미검토,별도 확인 필요
DGS/PDL-0026 ‘PDL in Settlement of Usage-Based Services’,https://www.etsi.org/deliver/etsi_gs/PDL/001_099/026/01.01.01_60/gs_PDL026v010101p.pdf,https://interoperable-europe.ec.europa.eu/collection/rolling-plan-ict-standardisation/e-invoicing-rp2025,링크 확인; 첨부 전문 미검토,별도 확인 필요
EIF full text,https://interoperable-europe.ec.europa.eu/sites/default/files/custom-page/attachment/2025-06/EIF%20V3.0%20COM%20%281%29.pdf,https://interoperable-europe.ec.europa.eu/collection/iopeu-monitoring/european-interoperability-framework-eif,링크 확인; 첨부 전문 미검토,별도 확인 필요
EIF Brochure,https://interoperable-europe.ec.europa.eu/sites/default/files/custom-page/attachment/2025-06/eif_brochure_final.pdf,https://interoperable-europe.ec.europa.eu/collection/iopeu-monitoring/european-interoperability-framework-eif,링크 확인; 첨부 전문 미검토,별도 확인 필요
EIF leaflet,https://interoperable-europe.ec.europa.eu/sites/default/files/custom-page/attachment/2025-06/eif_leaflet_final.pdf,https://interoperable-europe.ec.europa.eu/collection/iopeu-monitoring/european-interoperability-framework-eif,링크 확인; 첨부 전문 미검토,별도 확인 필요
here,https://interoperable-europe.ec.europa.eu/sites/default/files/inline-files/EIF%20v2_1.pdf,https://interoperable-europe.ec.europa.eu/collection/iopeu-monitoring/european-interoperability-framework-eif,링크 확인; 첨부 전문 미검토,별도 확인 필요
here,https://interoperable-europe.ec.europa.eu/sites/default/files/inline-files/EIF%20V1.0.pdf,https://interoperable-europe.ec.europa.eu/collection/iopeu-monitoring/european-interoperability-framework-eif,링크 확인; 첨부 전문 미검토,별도 확인 필요
here,https://www.itb.ec.europa.eu/docs/guides/latest/_downloads/5e9e41f3edfa0767affcf1a6e217aa28/report.xml,https://www.itb.ec.europa.eu/docs/guides/latest/validatingXML/index.html,링크 확인; 첨부 전문 미검토,별도 확인 필요
here,https://www.itb.ec.europa.eu/docs/guides/latest/_downloads/bae277b2d6a56f81ba5d7f1da4ba6d7e/report.pdf,https://www.itb.ec.europa.eu/docs/guides/latest/validatingXML/index.html,링크 확인; 첨부 전문 미검토,별도 확인 필요
this SOAP UI project,https://www.itb.ec.europa.eu/docs/guides/latest/_downloads/5214d283192d398c2510c285d1a13f42/PurchaseOrder-soapui-project.xml,https://www.itb.ec.europa.eu/docs/guides/latest/validatingXML/index.html,링크 확인; 첨부 전문 미검토,별도 확인 필요
Factsheet (pdf),https://interoperable-europe.ec.europa.eu/sites/default/files/custom-page/attachment/2025-11/iopeu-monitoring_2025-dpaf_albania_vfinal.pdf,https://interoperable-europe.ec.europa.eu/collection/iopeu-monitoring/albania,링크 확인; 첨부 전문 미검토,별도 확인 필요
Supporting Document (pdf),https://interoperable-europe.ec.europa.eu/sites/default/files/custom-page/attachment/2025-11/iopeu-monitoring_2025-supporting-document_albania_vfinal.pdf,https://interoperable-europe.ec.europa.eu/collection/iopeu-monitoring/albania,링크 확인; 첨부 전문 미검토,별도 확인 필요
National Interoperability Framework,https://akshi.gov.al/wp-content/uploads/2025/04/Udhezim-nr.-2-date-30.10.2023-per-Miratimin-e-Kornizes-Kombetare-te-Nderveprimit-per-Republiken-e-Shqiperise-2023.pdf,https://interoperable-europe.ec.europa.eu/collection/iopeu-monitoring/albania,링크 확인; 첨부 전문 미검토,별도 확인 필요
Law No. 33/2022 on open data and public sector information reuse,https://www.idp.al/wp-content/uploads/2024/06/ligji_33-2022_per_te_dhenat_e_hapura_english.pdf,https://interoperable-europe.ec.europa.eu/collection/iopeu-monitoring/albania,링크 확인; 첨부 전문 미검토,별도 확인 필요
Interoperability Assessments Introduction_SCORM Package,https://interoperable-europe.ec.europa.eu/sites/default/files/custom-page/attachment/2025-06/Interoperability%20Assessments%20Introduction.zip,https://interoperable-europe.ec.europa.eu/collection/interoperable-europe-academy/solution/interoperability-assessments-introduction/re-using-course,링크 확인; 첨부 전문 미검토,별도 확인 필요
ETSI GS F5G 015 V1.2.1 (2024-03),https://www.etsi.org/deliver/etsi_gs/F5G/001_099/015/01.02.01_60/gs_F5G015v010201p.pdf,https://interoperable-europe.ec.europa.eu/collection/rolling-plan-ict-standardisation/broadband-infrastructure-mapping-rp2025,링크 확인; 첨부 전문 미검토,별도 확인 필요
ETSI GS F5G 017 V1.1.1 (2024-04),https://www.etsi.org/deliver/etsi_gs/F5G/001_099/017/01.01.01_60/gs_F5G017v010101p.pdf,https://interoperable-europe.ec.europa.eu/collection/rolling-plan-ict-standardisation/broadband-infrastructure-mapping-rp2025,링크 확인; 첨부 전문 미검토,별도 확인 필요
ETSI GS F5G 026 V1.1.1 (2024-08),https://www.etsi.org/deliver/etsi_gs/F5G/001_099/026/01.01.01_60/gs_F5G026v010101p.pdf,https://interoperable-europe.ec.europa.eu/collection/rolling-plan-ict-standardisation/broadband-infrastructure-mapping-rp2025,링크 확인; 첨부 전문 미검토,별도 확인 필요
here,https://www.itb.ec.europa.eu/docs/guides/latest/_downloads/202389580e54fbb446168942a25f9400/export.zip,https://www.itb.ec.europa.eu/docs/guides/latest/definingASandbox/index.html,링크 확인; 첨부 전문 미검토,별도 확인 필요
"(cf. judgement in Joined cases C-511/18 and C-512/18 and C-520/18, La Quadrature du Net",https://curia.europa.eu/jcms/upload/docs/application/pdf/2020-10/cp200123en.pdf,https://interoperable-europe.ec.europa.eu/collection/rolling-plan-ict-standardisation/5g-and-beyond-rp-2024,링크 확인; 첨부 전문 미검토,별도 확인 필요
"Shaping Europe's digital future""",https://ec.europa.eu/info/sites/info/files/communication-shaping-europes-digital-future-feb2020_en_4.pdf,https://interoperable-europe.ec.europa.eu/collection/rolling-plan-ict-standardisation/5g-and-beyond-rp-2024,링크 확인; 첨부 전문 미검토,별도 확인 필요
5G Proof-of-Concept Demonstrations,https://www.itu.int/dms_pub/itu-t/opb/tut/T-TUT-IMT-2017-PDF-E.pdf,https://interoperable-europe.ec.europa.eu/collection/rolling-plan-ict-standardisation/5g-and-beyond-rp-2024,링크 확인; 첨부 전문 미검토,별도 확인 필요
https://www.itu.int/en/ITU-T/Workshops-and-Seminars/2023/0724/Documents/Workshop_Outcomes_July_2023.pdf,https://www.itu.int/en/ITU-T/Workshops-and-Seminars/2023/0724/Documents/Workshop_Outcomes_July_2023.pdf,https://interoperable-europe.ec.europa.eu/collection/rolling-plan-ict-standardisation/5g-and-beyond-rp-2024,링크 확인; 첨부 전문 미검토,별도 확인 필요
"Ministerial Declaration ""Making 5G a success for Europe""",https://www.eu2017.ee/sites/default/files/inline-files/Ministerial%20declaration%205G_final_0.pdf,https://interoperable-europe.ec.europa.eu/collection/rolling-plan-ict-standardisation/5g-and-beyond-rp-2024,링크 확인; 첨부 전문 미검토,별도 확인 필요
GR ARF 002 “Augmented Reality Framework (ARF) Industrial use cases for AR applications and services”,https://www.etsi.org/deliver/etsi_gr/ARF/001_099/002/01.01.01_60/gr_ARF002v010101p.pdf,https://interoperable-europe.ec.europa.eu/collection/rolling-plan-ict-standardisation/web-40-and-virtual-worlds-rp-2025,링크 확인; 첨부 전문 미검토,별도 확인 필요
GS ARF 003 “Augmented Reality Framework (ARF) AR framework architecture”,https://www.etsi.org/deliver/etsi_gs/ARF/001_099/003/01.01.01_60/gs_ARF003v010101p.pdf,https://interoperable-europe.ec.europa.eu/collection/rolling-plan-ict-standardisation/web-40-and-virtual-worlds-rp-2025,링크 확인; 첨부 전문 미검토,별도 확인 필요
"GS ARF004-1 “Augmented Reality Framework (ARF); Interoperability Requirements for AR components, systems and services; Part 1: Overview”",https://www.etsi.org/deliver/etsi_gr/ARF/001_099/00401/01.02.01_60/gr_ARF00401v010201p.pdf,https://interoperable-europe.ec.europa.eu/collection/rolling-plan-ict-standardisation/web-40-and-virtual-worlds-rp-2025,링크 확인; 첨부 전문 미검토,별도 확인 필요
"GS ARF004-2 “Augmented Reality Framework (ARF) Interoperability Requirements for AR components, systems and services Part 2: World Storage and AR Authoring functions”",https://www.etsi.org/deliver/etsi_gs/ARF/001_099/00402/01.01.01_60/gs_ARF00402v010101p.pdf,https://interoperable-europe.ec.europa.eu/collection/rolling-plan-ict-standardisation/web-40-and-virtual-worlds-rp-2025,링크 확인; 첨부 전문 미검토,별도 확인 필요
"GS ARF004-3 “Augmented Reality Framework (ARF); Interoperability Requirements for AR components, systems and services; Part 3: World Capture, World Analysis and Scene Management”",https://www.etsi.org/deliver/etsi_gs/ARF/001_099/00403/01.01.01_60/gs_ARF00403v010101p.pdf,https://interoperable-europe.ec.europa.eu/collection/rolling-plan-ict-standardisation/web-40-and-virtual-worlds-rp-2025,링크 확인; 첨부 전문 미검토,별도 확인 필요
"GS ARF 004-4 “Augmented Reality Framework (ARF); Interoperability Requirements for AR components, systems and services; Part 4: World Analysis, World Storage and Scene Management functions”",https://www.etsi.org/deliver/etsi_gs/ARF/001_099/00404/01.01.01_60/gs_ARF00404v010101p.pdf,https://interoperable-europe.ec.europa.eu/collection/rolling-plan-ict-standardisation/web-40-and-virtual-worlds-rp-2025,링크 확인; 첨부 전문 미검토,별도 확인 필요
"GS ARF004-5 “Augmented Reality Framework (ARF); Interoperability Requirements for AR components, systems and services; Part 5: External Communications”",https://www.etsi.org/deliver/etsi_gs/ARF/001_099/00405/01.01.01_60/gs_ARF00405v010101p.pdf,https://interoperable-europe.ec.europa.eu/collection/rolling-plan-ict-standardisation/web-40-and-virtual-worlds-rp-2025,링크 확인; 첨부 전문 미검토,별도 확인 필요
GS ARF 005 “Augmented Reality Framework (ARF); Open APIs for the Creation and Management of the World Representation”,https://www.etsi.org/deliver/etsi_gs/ARF/001_099/005/01.01.01_60/gs_ARF005v010101p.pdf,https://interoperable-europe.ec.europa.eu/collection/rolling-plan-ict-standardisation/web-40-and-virtual-worlds-rp-2025,링크 확인; 첨부 전문 미검토,별도 확인 필요
Metaverse and its Governance.,https://standards.ieee.org/wp-content/uploads/2022/06/XR_Metaverse_Governance.pdf,https://interoperable-europe.ec.europa.eu/collection/rolling-plan-ict-standardisation/web-40-and-virtual-worlds-rp-2025,링크 확인; 첨부 전문 미검토,별도 확인 필요
XR Report: Extended Reality (XR) Ethics in Medicine,https://standards.ieee.org/wp-content/uploads/2022/02/whitepaper-ethics-in-medicine.pdf,https://interoperable-europe.ec.europa.eu/collection/rolling-plan-ict-standardisation/web-40-and-virtual-worlds-rp-2025,링크 확인; 첨부 전문 미검토,별도 확인 필요
"XR Report: Social and Multi-User Spaces in VR: Trolling, Harassment, and Online Safety (PDF)",https://standards.ieee.org/wp-content/uploads/import/governance/iccom/social-multi-user-spaces-vr.pdf,https://interoperable-europe.ec.europa.eu/collection/rolling-plan-ict-standardisation/web-40-and-virtual-worlds-rp-2025,링크 확인; 첨부 전문 미검토,별도 확인 필요
XR Report: Extended Reality (XR) Ethics in Education (PDF),https://standards.ieee.org/wp-content/uploads/import/governance/iccom/xr-in-education.pdf,https://interoperable-europe.ec.europa.eu/collection/rolling-plan-ict-standardisation/web-40-and-virtual-worlds-rp-2025,링크 확인; 첨부 전문 미검토,별도 확인 필요
XR Report: Extended Reality (XR) and the Erosion of Anonymity and Privacy (PDF),https://standards.ieee.org/wp-content/uploads/import/governance/iccom/extended-reality-anonymity-privacy.pdf,https://interoperable-europe.ec.europa.eu/collection/rolling-plan-ict-standardisation/web-40-and-virtual-worlds-rp-2025,링크 확인; 첨부 전문 미검토,별도 확인 필요
XR Report: Who Owns our Second Lives: Virtual Clones and the Right to Your Identity (PDF),https://standards.ieee.org/wp-content/uploads/import/governance/iccom/who-owns-our-second-lives-virtual-Clones-Identity.pdf,https://interoperable-europe.ec.europa.eu/collection/rolling-plan-ict-standardisation/web-40-and-virtual-worlds-rp-2025,링크 확인; 첨부 전문 미검토,별도 확인 필요
"XR Report: Extended Reality (XR) Business, Finance, and Economics (PDF)",https://standards.ieee.org/wp-content/uploads/2022/04/XR_Business_Finance_Economics.pdf,https://interoperable-europe.ec.europa.eu/collection/rolling-plan-ict-standardisation/web-40-and-virtual-worlds-rp-2025,링크 확인; 첨부 전문 미검토,별도 확인 필요
"XR Report: Extended Reality (XR) Ethics and Diversity, Inclusion, and Accessibility (PDF)",https://standards.ieee.org/wp-content/uploads/2022/04/Ethics_Diversity_Inclusion_Accessibility.pdf,https://interoperable-europe.ec.europa.eu/collection/rolling-plan-ict-standardisation/web-40-and-virtual-worlds-rp-2025,링크 확인; 첨부 전문 미검토,별도 확인 필요
H.430.2: Architectural framework for immersive live experience (ILE) services,https://standards.ieee.org/wp-content/uploads/2022/06/XR_Metaverse_Governance.pdf?isn=14089,https://interoperable-europe.ec.europa.eu/collection/rolling-plan-ict-standardisation/web-40-and-virtual-worlds-rp-2025,링크 확인; 첨부 전문 미검토,별도 확인 필요
State of the Union 2022. Letter of intent,https://state-of-the-union.ec.europa.eu/system/files/2022-09/SOTEU_2022_Letter_of_Intent_EN_0.pdf,https://interoperable-europe.ec.europa.eu/collection/rolling-plan-ict-standardisation/web-40-and-virtual-worlds-rp-2025,링크 확인; 첨부 전문 미검토,별도 확인 필요
ETSI ES 203 199,https://www.etsi.org/deliver/etsi_es/203100_203199/203199/01.03.00_50/es_203199v010300m.pdf,https://interoperable-europe.ec.europa.eu/collection/rolling-plan-ict-standardisation/circular-economy-and-sustainability-rp-2024,링크 확인; 첨부 전문 미검토,별도 확인 필요
Circular Economy Action Plan,https://ec.europa.eu/environment/circular-economy/pdf/new_circular_economy_action_plan.pdf,https://interoperable-europe.ec.europa.eu/collection/rolling-plan-ict-standardisation/circular-economy-and-sustainability-rp-2024,링크 확인; 첨부 전문 미검토,별도 확인 필요
https://www.cencenelec.eu/news/publications/Publications/CEN-CENELECCircularEconomyAccess_rev2020-05-V1.pdf,https://www.cencenelec.eu/news/publications/Publications/CEN-CENELECCircularEconomyAccess_rev2020-05-V1.pdf,https://interoperable-europe.ec.europa.eu/collection/rolling-plan-ict-standardisation/circular-economy-and-sustainability-rp-2024,링크 확인; 첨부 전문 미검토,별도 확인 필요
https://www.gs1.org/docs/gs1-sustainability-position-paper-feb2022.pdf,https://www.gs1.org/docs/gs1-sustainability-position-paper-feb2022.pdf,https://interoperable-europe.ec.europa.eu/collection/rolling-plan-ict-standardisation/circular-economy-and-sustainability-rp-2024,링크 확인; 첨부 전문 미검토,별도 확인 필요
EIRA©'s value proposition,https://interoperable-europe.ec.europa.eu/sites/default/files/distribution/access_url/2025-04/e1169774-8ab1-4735-8fc9-953edcdaa2ee/EIRA©_Value%20proposition.pdf,https://interoperable-europe.ec.europa.eu/collection/interoperability-architecture-solutions/solution/eira/welcome,링크 확인; 첨부 전문 미검토,별도 확인 필요
WEF 2016,https://www3.weforum.org/docs/WEF_Shaping_the_Future_of_Construction_full_report__.pdf,https://interoperable-europe.ec.europa.eu/collection/rolling-plan-ict-standardisation/construction-building-information-modelling-rp2025,링크 확인; 첨부 전문 미검토,별도 확인 필요
BCG 2016,https://www.mckinsey.com/~/media/mckinsey/business%20functions/operations/our%20insights/reinventing%20construction%20through%20a%20productivity%20revolution/mgi-reinventing-construction-executive-summary.pdf,https://interoperable-europe.ec.europa.eu/collection/rolling-plan-ict-standardisation/construction-building-information-modelling-rp2025,링크 확인; 첨부 전문 미검토,별도 확인 필요
List of standards and technical reports from CEN/TC 442 grouped in use case categories,https://www.cencenelec.eu/media/CEN-CENELEC/AreasOfWork/CEN%20sectors/Construction/Intro/cen-tc-442_n875_mapping_ver20221107.xlsx,https://interoperable-europe.ec.europa.eu/collection/rolling-plan-ict-standardisation/construction-building-information-modelling-rp2025,링크 확인; 첨부 전문 미검토,별도 확인 필요
report,https://aioti.eu/wp-content/uploads/AIOTI-Carbon-Footprint-Methodology-Report-R3-Final.pdf,https://interoperable-europe.ec.europa.eu/collection/rolling-plan-ict-standardisation/smart-and-sustainable-cities-and-communities-rp2025,링크 확인; 첨부 전문 미검토,별도 확인 필요
learn-by-doing-report-01_0.pdf,https://interoperable-europe.ec.europa.eu/sites/default/files/file-visibility/resource/2026-04/learn-by-doing-report-01_0.pdf,https://interoperable-europe.ec.europa.eu/collection/assessments/document/learn-doing-report-01,링크 확인; 첨부 전문 미검토,별도 확인 필요
base.ttl,https://semiceu.github.io/DCAT-AP/drafts/3.0.1-hvd/html/hvd-SHACL-base.ttl,https://semiceu.github.io/DCAT-AP/drafts/3.0.1-hvd/,링크 확인; 첨부 전문 미검토,별도 확인 필요
ranges.ttl,https://semiceu.github.io/DCAT-AP/drafts/3.0.1-hvd/html/hvd-SHACL-ranges.ttl,https://semiceu.github.io/DCAT-AP/drafts/3.0.1-hvd/,링크 확인; 첨부 전문 미검토,별도 확인 필요
usagenotes.ttl,https://semiceu.github.io/DCAT-AP/drafts/3.0.1-hvd/html/hvd-SHACL-usagenotes.ttl,https://semiceu.github.io/DCAT-AP/drafts/3.0.1-hvd/,링크 확인; 첨부 전문 미검토,별도 확인 필요
full.ttl,https://semiceu.github.io/DCAT-AP/drafts/3.0.1-hvd/html/hvd-SHACL-full.ttl,https://semiceu.github.io/DCAT-AP/drafts/3.0.1-hvd/,링크 확인; 첨부 전문 미검토,별도 확인 필요
here,https://www.itb.ec.europa.eu/docs/guides/latest/_downloads/6b4bf1363e1285215573f647f69f1a68/sut-mock.zip,https://www.itb.ec.europa.eu/docs/guides/latest/developingComplexTests/index.html,링크 확인; 첨부 전문 미검토,별도 확인 필요
Please find the current version here,https://gs1.eu/wp-content/uploads/2024/09/GS1-Standards-Enabling-DPP.pdf,https://interoperable-europe.ec.europa.eu/collection/rolling-plan-ict-standardisation/circular-economy-and-sustainability-rp-2025,링크 확인; 첨부 전문 미검토,별도 확인 필요
here,https://www.itb.ec.europa.eu/docs/guides/latest/_downloads/7156344a7b5c43349dccb2fbc466a877/report.xml,https://www.itb.ec.europa.eu/docs/guides/latest/validatingCSV/index.html,링크 확인; 첨부 전문 미검토,별도 확인 필요
here,https://www.itb.ec.europa.eu/docs/guides/latest/_downloads/8b7337114bb82bc0fc0c92565f920d51/report.pdf,https://www.itb.ec.europa.eu/docs/guides/latest/validatingCSV/index.html,링크 확인; 첨부 전문 미검토,별도 확인 필요
this SOAP UI project,https://www.itb.ec.europa.eu/docs/guides/latest/_downloads/bb692d90d01a16493c0067a6e05dd0c5/PurchaseOrder-soapui-project.xml,https://www.itb.ec.europa.eu/docs/guides/latest/validatingCSV/index.html,링크 확인; 첨부 전문 미검토,별도 확인 필요
https://www.itb.ec.europa.eu/xml-jar/xml/validator.zip,https://www.itb.ec.europa.eu/xml-jar/xml/validator.zip,https://www.itb.ec.europa.eu/docs/guides/latest/installingValidatorProduction/index.html,링크 확인; 첨부 전문 미검토,별도 확인 필요
https://www.itb.ec.europa.eu/shacl-jar/any/validator.zip,https://www.itb.ec.europa.eu/shacl-jar/any/validator.zip,https://www.itb.ec.europa.eu/docs/guides/latest/installingValidatorProduction/index.html,링크 확인; 첨부 전문 미검토,별도 확인 필요
https://www.itb.ec.europa.eu/json-jar/any/validator.zip,https://www.itb.ec.europa.eu/json-jar/any/validator.zip,https://www.itb.ec.europa.eu/docs/guides/latest/installingValidatorProduction/index.html,링크 확인; 첨부 전문 미검토,별도 확인 필요
https://www.itb.ec.europa.eu/csv-jar/any/validator.zip,https://www.itb.ec.europa.eu/csv-jar/any/validator.zip,https://www.itb.ec.europa.eu/docs/guides/latest/installingValidatorProduction/index.html,링크 확인; 첨부 전문 미검토,별도 확인 필요
here,https://www.itb.ec.europa.eu/docs/guides/latest/_downloads/46e1fe53bb4412dba0a0c900f7b4fd8f/report.xml,https://www.itb.ec.europa.eu/docs/guides/latest/validatingJSON/index.html,링크 확인; 첨부 전문 미검토,별도 확인 필요
here,https://www.itb.ec.europa.eu/docs/guides/latest/_downloads/73a4ebbe01587d3e887e851653d2e782/report.pdf,https://www.itb.ec.europa.eu/docs/guides/latest/validatingJSON/index.html,링크 확인; 첨부 전문 미검토,별도 확인 필요
this SOAP UI project,https://www.itb.ec.europa.eu/docs/guides/latest/_downloads/f73df697857d9697628299e7dc314019/PurchaseOrder-soapui-project.xml,https://www.itb.ec.europa.eu/docs/guides/latest/validatingJSON/index.html,링크 확인; 첨부 전문 미검토,별도 확인 필요
here,https://semiceu.github.io/Core-Location-Vocabulary/releases/2.1.1/shacl/core-location-ap-SHACL.ttl,https://semiceu.github.io/Core-Location-Vocabulary/releases/2.1.1/,링크 확인; 첨부 전문 미검토,별도 확인 필요
here,https://semiceu.github.io/Core-Location-Vocabulary/releases/2.1.1/voc/core-location-ap.ttl,https://semiceu.github.io/Core-Location-Vocabulary/releases/2.1.1/,링크 확인; 첨부 전문 미검토,별도 확인 필요
download its archive,https://github.com/ISAITB/sample-test-suites/raw/refs/heads/master/testSuites/helloWorld/testSuite.zip,https://www.itb.ec.europa.eu/docs/tdl/latest/helloWorld/index.html,링크 확인; 첨부 전문 미검토,별도 확인 필요
Management Plan 2021 DG Defence Industry and Space,https://ec.europa.eu/info/system/files/management-plan-defis-2021_en.pdf,https://interoperable-europe.ec.europa.eu/collection/rolling-plan-ict-standardisation/european-global-navigation-satellite-system-egnss-rp2025,링크 확인; 첨부 전문 미검토,별도 확인 필요
"GNSS Market Report, Issue 6",https://www.euspa.europa.eu/system/files/reports/market_report_issue_6_v2.pdf,https://interoperable-europe.ec.europa.eu/collection/rolling-plan-ict-standardisation/european-global-navigation-satellite-system-egnss-rp2025,링크 확인; 첨부 전문 미검토,별도 확인 필요
"Zero Trust Cybersecurity for Health Technology Tools, Services, and Devices",https://standards.ieee.org/wp-content/uploads/2023/03/IC23-003-01-Zero-Trust-Cybersecurity-for-Health-Technology-Tools-Services-and-Devices.pdf,https://interoperable-europe.ec.europa.eu/collection/rolling-plan-ict-standardisation/digital-health-healthy-living-and-ageing-rp2024,링크 확인; 첨부 전문 미검토,별도 확인 필요
study,https://interoperable-europe.ec.europa.eu/sites/default/files/news/2022-04/Development%20of%20a%20Funding%20Mechanism%20for%20Sustaining%20Open%20Source%20Software%20for%20European%20Public%20Services.pdf,https://interoperable-europe.ec.europa.eu/collection/open-source-observatory-osor/funding-opportunities-open-source-software-projects-public-sector,링크 확인; 첨부 전문 미검토,별도 확인 필요
COM(2020) 65 final,https://ec.europa.eu/info/sites/default/files/commission-white-paper-artificial-intelligence-feb2020_en.pdf,https://interoperable-europe.ec.europa.eu/collection/rolling-plan-ict-standardisation/artificial-intelligence-rp2025,링크 확인; 첨부 전문 미검토,별도 확인 필요
https://www.etsi.org/images/files/ETSIWhitePapers/etsi-wp44_ENI_Vision.pdf,https://www.etsi.org/images/files/ETSIWhitePapers/etsi-wp44_ENI_Vision.pdf,https://interoperable-europe.ec.europa.eu/collection/rolling-plan-ict-standardisation/artificial-intelligence-rp2025,링크 확인; 첨부 전문 미검토,별도 확인 필요
Ethically Aligned Design (EAD),https://ethicsinaction.ieee.org/wp-content/uploads/ead1e.pdf,https://interoperable-europe.ec.europa.eu/collection/rolling-plan-ict-standardisation/artificial-intelligence-rp2025,링크 확인; 첨부 전문 미검토,별도 확인 필요
https://www.ecs-org.eu/documents/uploads/updated-sota.pdf,https://www.ecs-org.eu/documents/uploads/updated-sota.pdf,https://interoperable-europe.ec.europa.eu/collection/rolling-plan-ict-standardisation/cybersecurity-network-and-information-security-rp-2024,링크 확인; 첨부 전문 미검토,별도 확인 필요
