parent,title,url
https://interoperable-europe.ec.europa.eu/interoperable-europe,Learn more,https://joinup.ec.europa.eu/interoperable-europe/policy
https://interoperable-europe.ec.europa.eu/interoperable-europe,more...,https://interoperable-europe.ec.europa.eu/interoperable-europe/latest-news
https://interoperable-europe.ec.europa.eu/interoperable-europe,,https://interoperable-europe.ec.europa.eu/interoperable-europe/news/semic-2026-share-your-ideas-pitching-corner
https://interoperable-europe.ec.europa.eu/interoperable-europe,,https://interoperable-europe.ec.europa.eu/interoperable-europe/news/network-behind-europes-public-services
https://interoperable-europe.ec.europa.eu/interoperable-europe,,https://interoperable-europe.ec.europa.eu/interoperable-europe/news/semic-2026-dublin-dublin
https://interoperable-europe.ec.europa.eu/interoperable-europe,,https://interoperable-europe.ec.europa.eu/interoperable-europe/news/summer-learning-interoperable-europe-academy
https://interoperable-europe.ec.europa.eu/interoperable-europe,,https://interoperable-europe.ec.europa.eu/interoperable-europe/news/new-study-highlights-interoperability-and-govtech-key-enablers
https://interoperable-europe.ec.europa.eu/interoperable-europe,,https://interoperable-europe.ec.europa.eu/interoperable-europe/news/interoperable-europe-academy-seasonal-school-2026-highlights
https://interoperable-europe.ec.europa.eu/interoperable-europe,more...,https://joinup.ec.europa.eu/interoperable-europe/events
https://interoperable-europe.ec.europa.eu/interoperable-europe,,https://interoperable-europe.ec.europa.eu/interoperable-europe/event/save-date-semic-2026-coming-dublin-30-november
https://interoperable-europe.ec.europa.eu/interoperable-europe,,https://interoperable-europe.ec.europa.eu/interoperable-europe/event/registration-semic-2026-now-open-join-europes-interoperability-community-dublin
https://interoperable-europe.ec.europa.eu/interoperable-europe,,https://interoperable-europe.ec.europa.eu/interoperable-europe/event/register-interoperable-europe-academy-seasonal-school-2026
https://interoperable-europe.ec.europa.eu/interoperable-europe,,https://interoperable-europe.ec.europa.eu/interoperable-europe/event/save-date-interoperable-europe-eu-open-day-2026
https://interoperable-europe.ec.europa.eu/interoperable-europe,,https://interoperable-europe.ec.europa.eu/interoperable-europe/event/registration-semic-2025-officially-open-reserve-your-spot-now
https://interoperable-europe.ec.europa.eu/interoperable-europe,,https://interoperable-europe.ec.europa.eu/interoperable-europe/event/register-attend-first-annual-assembly-interoperable-europe-community
https://interoperable-europe.ec.europa.eu/interoperable-europe,,https://interoperable-europe.ec.europa.eu/interoperable-europe/exchange-and-use-information
https://interoperable-europe.ec.europa.eu/interoperable-europe,,https://interoperable-europe.ec.europa.eu/interoperable-europe/fight-against-covid-19
https://interoperable-europe.ec.europa.eu/interoperable-europe,,https://interoperable-europe.ec.europa.eu/interoperable-europe/interoperability-public-sector
https://interoperable-europe.ec.europa.eu/interoperable-europe,,https://interoperable-europe.ec.europa.eu/interoperable-europe/sovereign-and-interconnected-public-administrations
https://interoperable-europe.ec.europa.eu/interoperable-europe,Learn more,https://joinup.ec.europa.eu/interoperable-europe/faqs
https://interoperable-europe.ec.europa.eu/interoperable-europe,,https://www.linkedin.com/groups/12907049/
https://interoperable-europe.ec.europa.eu/interoperable-europe,,https://x.com/InteroperableEU
https://interoperable-europe.ec.europa.eu/interoperable-europe,,https://www.youtube.com/c/interoperableeurope
https://interoperable-europe.ec.europa.eu/interoperable-europe,,https://ec.europa.eu/newsroom/informatics/user-subscriptions/1115/create
https://interoperable-europe.ec.europa.eu/interoperable-europe/latest-news,,https://interoperable-europe.ec.europa.eu/node/704825
https://interoperable-europe.ec.europa.eu/interoperable-europe/latest-news,,https://interoperable-europe.ec.europa.eu/interoperable-europe/news/semic-2026-share-your-ideas-pitching-corner
https://interoperable-europe.ec.europa.eu/interoperable-europe/latest-news,,https://interoperable-europe.ec.europa.eu/interoperable-europe/news/network-behind-europes-public-services
https://interoperable-europe.ec.europa.eu/interoperable-europe/latest-news,,https://interoperable-europe.ec.europa.eu/interoperable-europe/news/semic-2026-dublin-dublin
https://interoperable-europe.ec.europa.eu/interoperable-europe/latest-news,,https://interoperable-europe.ec.europa.eu/interoperable-europe/news/summer-learning-interoperable-europe-academy
https://interoperable-europe.ec.europa.eu/interoperable-europe/latest-news,,https://interoperable-europe.ec.europa.eu/interoperable-europe/news/new-study-highlights-interoperability-and-govtech-key-enablers
https://interoperable-europe.ec.europa.eu/interoperable-europe/latest-news,,https://interoperable-europe.ec.europa.eu/interoperable-europe/news/interoperable-europe-academy-seasonal-school-2026-highlights
https://interoperable-europe.ec.europa.eu/interoperable-europe/latest-news,,https://interoperable-europe.ec.europa.eu/interoperable-europe/news/tech-sovereignty-package-eu-open-source-strategy
https://interoperable-europe.ec.europa.eu/interoperable-europe/latest-news,,https://interoperable-europe.ec.europa.eu/interoperable-europe/news/interoperable-europe-europe-day-2026
https://interoperable-europe.ec.europa.eu/interoperable-europe/latest-news,,https://interoperable-europe.ec.europa.eu/interoperable-europe/news/highlights-fourth-interoperable-europe-board-meeting
https://interoperable-europe.ec.europa.eu/interoperable-europe/latest-news,,https://interoperable-europe.ec.europa.eu/interoperable-europe/news/interoperable-europe-academy-seasonal-school-2026-agenda-unveiled
https://interoperable-europe.ec.europa.eu/interoperable-europe/latest-news,,https://interoperable-europe.ec.europa.eu/interoperable-europe/news/interview-miguel-diez-blanco-and-costas-simatos
https://interoperable-europe.ec.europa.eu/interoperable-europe/latest-news,,https://interoperable-europe.ec.europa.eu/interoperable-europe/news/showcase-your-innovation-public-sector-tech-watch-bca-2026
https://interoperable-europe.ec.europa.eu/interoperable-europe/latest-news,,https://www.linkedin.com/groups/12907049/
https://interoperable-europe.ec.europa.eu/interoperable-europe/latest-news,,https://x.com/InteroperableEU
https://interoperable-europe.ec.europa.eu/interoperable-europe/latest-news,,https://www.youtube.com/c/interoperableeurope
https://interoperable-europe.ec.europa.eu/interoperable-europe/latest-news,,https://ec.europa.eu/newsroom/informatics/user-subscriptions/1115/create
https://interoperable-europe.ec.europa.eu/interoperable-europe/events,,https://interoperable-europe.ec.europa.eu/node/704828
https://interoperable-europe.ec.europa.eu/interoperable-europe/events,,https://interoperable-europe.ec.europa.eu/interoperable-europe/event/save-date-semic-2026-coming-dublin-30-november
https://interoperable-europe.ec.europa.eu/interoperable-europe/events,,https://interoperable-europe.ec.europa.eu/interoperable-europe/event/registration-semic-2026-now-open-join-europes-interoperability-community-dublin
https://interoperable-europe.ec.europa.eu/interoperable-europe/events,,https://interoperable-europe.ec.europa.eu/interoperable-europe/event/register-interoperable-europe-academy-seasonal-school-2026
https://interoperable-europe.ec.europa.eu/interoperable-europe/events,,https://interoperable-europe.ec.europa.eu/interoperable-europe/event/save-date-interoperable-europe-eu-open-day-2026
https://interoperable-europe.ec.europa.eu/interoperable-europe/events,,https://interoperable-europe.ec.europa.eu/interoperable-europe/event/registration-semic-2025-officially-open-reserve-your-spot-now
https://interoperable-europe.ec.europa.eu/interoperable-europe/events,,https://interoperable-europe.ec.europa.eu/interoperable-europe/event/register-attend-first-annual-assembly-interoperable-europe-community
https://interoperable-europe.ec.europa.eu/interoperable-europe/events,,https://interoperable-europe.ec.europa.eu/interoperable-europe/event/discover-interoperable-europes-line-endorse-2025
https://interoperable-europe.ec.europa.eu/interoperable-europe/events,,https://interoperable-europe.ec.europa.eu/interoperable-europe/event/save-date-eu-open-day-2025-10th-may
https://interoperable-europe.ec.europa.eu/interoperable-europe/events,,https://interoperable-europe.ec.europa.eu/interoperable-europe/event/now-disclosed-agenda-interoperable-europe-academy-seasonal-school-2025
https://interoperable-europe.ec.europa.eu/interoperable-europe/events,,https://interoperable-europe.ec.europa.eu/interoperable-europe/event/mark-your-calendar-semic-2025-set-25-26-november
https://interoperable-europe.ec.europa.eu/interoperable-europe/events,,https://interoperable-europe.ec.europa.eu/interoperable-europe/event/save-your-spot-interoperable-europe-academy-seasonal-school-2025
https://interoperable-europe.ec.europa.eu/interoperable-europe/events,,https://interoperable-europe.ec.europa.eu/interoperable-europe/event/registration-semic-2024-conference-open-secure-your-seat-now
https://interoperable-europe.ec.europa.eu/interoperable-europe/events,,https://www.linkedin.com/groups/12907049/
https://interoperable-europe.ec.europa.eu/interoperable-europe/events,,https://x.com/InteroperableEU
https://interoperable-europe.ec.europa.eu/interoperable-europe/events,,https://www.youtube.com/c/interoperableeurope
https://interoperable-europe.ec.europa.eu/interoperable-europe/events,,https://ec.europa.eu/newsroom/informatics/user-subscriptions/1115/create
https://interoperable-europe.ec.europa.eu/interoperable-europe/interoperable-europe-act,,https://interoperable-europe.ec.europa.eu/node/704810
https://interoperable-europe.ec.europa.eu/interoperable-europe/interoperable-europe-act,"EU’s digital ambition for 2030,",https://eur-lex.europa.eu/legal-content/en/TXT/?uri=CELEX%3A52021DC0118
https://interoperable-europe.ec.europa.eu/interoperable-europe/interoperable-europe-act,EU Member States have stressed,https://joinup.ec.europa.eu/collection/interoperable-europe/news/official-expert-recommendations-new-interoperability-policy
https://interoperable-europe.ec.europa.eu/interoperable-europe/interoperable-europe-act,Berlin,https://www.bmi.bund.de/SharedDocs/pressemitteilungen/EN/2020/12/berlin-declaration-digitalization.html
https://interoperable-europe.ec.europa.eu/interoperable-europe/interoperable-europe-act,Conference on the Future of Europe,https://futureu.europa.eu/pages/reporting?format=html&locale=en
https://interoperable-europe.ec.europa.eu/interoperable-europe/interoperable-europe-act,Interoperable Europe Act,https://eur-lex.europa.eu/legal-content/en/TXT/?uri=CELEX:32024R0903
https://interoperable-europe.ec.europa.eu/interoperable-europe/interoperable-europe-act,Communication,https://commission.europa.eu/document/download/7ad24728-71d5-4148-a6a6-2af7551726fe_en?filename=Communication%20Interoperable%20Europe%20Act
https://interoperable-europe.ec.europa.eu/interoperable-europe/interoperable-europe-act,Press release,https://ec.europa.eu/commission/presscorner/detail/en/ip_22_6907
https://interoperable-europe.ec.europa.eu/interoperable-europe/interoperable-europe-act,Impact assessment report,https://ec.europa.eu/info/sites/default/files/swd_2022_721_f1_impact_assesment_en_v3_p1_2253149.pdf
https://interoperable-europe.ec.europa.eu/interoperable-europe/interoperable-europe-act,European Interoperability Framework for Smart Cities and Communities (EIF4SCC),https://op.europa.eu/en/publication-detail/-/publication/f69284c4-eacb-11eb-93a8-01aa75ed71a1/language-en
https://interoperable-europe.ec.europa.eu/interoperable-europe/interoperable-europe-act,Evaluation of the EIF,https://ec.europa.eu/info/law/better-regulation/have-your-say/initiatives/12579-Interoperable-digital-public-services-European-Interoperability-Framework-evaluation-strategy_en
https://interoperable-europe.ec.europa.eu/interoperable-europe/interoperable-europe-act,,https://www.linkedin.com/groups/12907049/
https://interoperable-europe.ec.europa.eu/interoperable-europe/interoperable-europe-act,,https://x.com/InteroperableEU
https://interoperable-europe.ec.europa.eu/interoperable-europe/interoperable-europe-act,,https://www.youtube.com/c/interoperableeurope
https://interoperable-europe.ec.europa.eu/interoperable-europe/interoperable-europe-act,,https://ec.europa.eu/newsroom/informatics/user-subscriptions/1115/create
https://interoperable-europe.ec.europa.eu/collection/ai-public-sector,Apply AI Strategy,https://digital-strategy.ec.europa.eu/en/policies/apply-ai
https://interoperable-europe.ec.europa.eu/collection/ai-public-sector,AI Toolbox for the European public sector,https://interoperable-europe.ec.europa.eu/collection/ai-public-sector/ai-toolbox-introduction
https://interoperable-europe.ec.europa.eu/collection/ai-public-sector,article,https://futurium.ec.europa.eu/en/apply-ai-alliance/news/why-building-ai-toolbox-european-public-services-matters
https://interoperable-europe.ec.europa.eu/collection/ai-public-sector,Report abusive content,https://interoperable-europe.ec.europa.eu/contact?category=report&uri=/collection/ai-public-sector/welcome&destination=collection/ai-public-sector/welcome
https://interoperable-europe.ec.europa.eu/collection/digital-ready-policymaking,What is digital-ready policymaking?,https://interoperable-europe.ec.europa.eu/collection/digital-ready-policymaking/welcome-copy
https://interoperable-europe.ec.europa.eu/collection/digital-ready-policymaking,Digital-ready policymaking,https://interoperable-europe.ec.europa.eu/collection/digital-ready-policymaking/digital-ready-policymaking
https://interoperable-europe.ec.europa.eu/collection/digital-ready-policymaking,e-invoicing saves taxpayers €150 million and businesses €50 million each year?,https://digital-strategy.ec.europa.eu/en/policies/egovernment
https://interoperable-europe.ec.europa.eu/collection/digital-ready-policymaking,exploring our infographic,https://interoperable-europe.ec.europa.eu/collection/digital-ready-policymaking/news/new-drpm-infographic-why-make-your-policies-digital-ready
https://interoperable-europe.ec.europa.eu/collection/digital-ready-policymaking,,https://interoperable-europe.ec.europa.eu/collection/digital-ready-policymaking/news-events
https://interoperable-europe.ec.europa.eu/collection/digital-ready-policymaking,Knowledge centre,https://interoperable-europe.ec.europa.eu/collection/digital-ready-policymaking/our-knowledge-centre
https://interoperable-europe.ec.europa.eu/collection/digital-ready-policymaking,Best practices,https://interoperable-europe.ec.europa.eu/collection/digital-ready-policymaking/best-practices
https://interoperable-europe.ec.europa.eu/collection/digital-ready-policymaking,Report abusive content,https://interoperable-europe.ec.europa.eu/contact?category=report&uri=/collection/digital-ready-policymaking/welcome&destination=collection/digital-ready-policymaking/welcome
https://interoperable-europe.ec.europa.eu/interoperable-europe/faqs,,https://interoperable-europe.ec.europa.eu/node/705810
https://interoperable-europe.ec.europa.eu/interoperable-europe/faqs,EU’s digital targets for 2030,https://eur-lex.europa.eu/legal-content/en/TXT/?uri=CELEX%3A52021DC0118
https://interoperable-europe.ec.europa.eu/interoperable-europe/faqs,“Once-Only” principle,https://commission.europa.eu/news/once-only-principle-system-breakthrough-eus-digital-single-market-2020-11-05_en
https://interoperable-europe.ec.europa.eu/interoperable-europe/faqs,EU Digital Wallet,https://commission.europa.eu/strategy-and-policy/priorities-2019-2024/europe-fit-digital-age/european-digital-identity_en
https://interoperable-europe.ec.europa.eu/interoperable-europe/faqs,impact assessment,https://eur-lex.europa.eu/legal-content/EN/TXT/?uri=CELEX%3A52022SC0721
https://interoperable-europe.ec.europa.eu/interoperable-europe/faqs,Interoperable Europe Portal’,https://joinup.ec.europa.eu/
https://interoperable-europe.ec.europa.eu/interoperable-europe/faqs,GovTech,https://joinup.ec.europa.eu/collection/public-sector-tech-watch/govtech
https://interoperable-europe.ec.europa.eu/interoperable-europe/faqs,Interoperable Europe Regulation,https://eur-lex.europa.eu/legal-content/en/TXT/?uri=CELEX:32024R0903
https://interoperable-europe.ec.europa.eu/interoperable-europe/faqs,expert group,https://ec.europa.eu/transparency/expert-groups-register/screen/expert-groups/consult?lang=en&groupID=3714
https://interoperable-europe.ec.europa.eu/interoperable-europe/faqs,volunteers,https://joinup.ec.europa.eu/interoperable-europe/news/call-action-shape-future-interoperability-assessments
https://interoperable-europe.ec.europa.eu/interoperable-europe/faqs,Digital Europe Programme,https://digital-strategy.ec.europa.eu/en/activities/digital-programme
https://interoperable-europe.ec.europa.eu/interoperable-europe/faqs,Coordination and Support Action,https://ec.europa.eu/info/funding-tenders/opportunities/portal/screen/opportunities/topic-details/digital-2024-bestuse-06-innov-admin?openForSubmission=false&programmePeriod=2021%20-%202027&frameworkProgramme=43152860&pageNumber=3
https://interoperable-europe.ec.europa.eu/interoperable-europe/faqs,GovTech4all,https://joinup.ec.europa.eu/collection/govtechconnect/govtech4all
https://interoperable-europe.ec.europa.eu/interoperable-europe/faqs,2030,https://eur-lex.europa.eu/legal-content/EN/AUTO/?uri=OJ:L:2022:323:TOC
https://interoperable-europe.ec.europa.eu/interoperable-europe/faqs,,https://www.linkedin.com/groups/12907049/
https://interoperable-europe.ec.europa.eu/interoperable-europe/faqs,,https://x.com/InteroperableEU
https://interoperable-europe.ec.europa.eu/interoperable-europe/faqs,,https://www.youtube.com/c/interoperableeurope
https://interoperable-europe.ec.europa.eu/interoperable-europe/faqs,,https://ec.europa.eu/newsroom/informatics/user-subscriptions/1115/create
https://interoperable-europe.ec.europa.eu/interoperable_solutions,,https://interoperable-europe.ec.europa.eu/node/707332
https://interoperable-europe.ec.europa.eu/interoperable_solutions,Read more about Interoperable Europe Solutions,https://interoperable-europe.ec.europa.eu/interoperable-europe-solutions
https://interoperable-europe.ec.europa.eu/interoperable_solutions,Read more about EU Interoperability Solutions Catalogue,https://interoperable-europe.ec.europa.eu/interoperability-solutions-catalogue
https://interoperable-europe.ec.europa.eu/interoperable_solutions,Read more about EU Open Source Solutions Catalogue,https://interoperable-europe.ec.europa.eu/eu-oss-catalogue
https://interoperable-europe.ec.europa.eu/interoperable_solutions,ICT,https://joinup.ec.europa.eu/search?f%5B0%5D=topic%3A11192&f%5B1%5D=type%3Asolution
https://interoperable-europe.ec.europa.eu/interoperable_solutions,Digital goverment,https://joinup.ec.europa.eu/search?f%5B0%5D=topic%3A11184&f%5B1%5D=type%3Asolution
https://interoperable-europe.ec.europa.eu/interoperable_solutions,Innovation,https://joinup.ec.europa.eu/search?f%5B0%5D=topic%3A11168&f%5B1%5D=type%3Asolution
https://interoperable-europe.ec.europa.eu/interoperable_solutions,Health,https://joinup.ec.europa.eu/search?f%5B0%5D=topic%3A11201&f%5B1%5D=type%3Asolution
https://interoperable-europe.ec.europa.eu/interoperable_solutions,Energy and environment,https://joinup.ec.europa.eu/search?f%5B0%5D=topic%3A11185&f%5B1%5D=type%3Asolution
https://interoperable-europe.ec.europa.eu/interoperable_solutions,Transport,https://joinup.ec.europa.eu/search?f%5B0%5D=topic%3A11203&f%5B1%5D=type%3Asolution
https://interoperable-europe.ec.europa.eu/interoperable_solutions,Economics,https://joinup.ec.europa.eu/search?f%5B0%5D=topic%3A11200&f%5B1%5D=type%3Asolution
https://interoperable-europe.ec.europa.eu/interoperable_solutions,Human resources,https://joinup.ec.europa.eu/search?f%5B0%5D=topic%3A11202&f%5B1%5D=type%3Asolution
https://interoperable-europe.ec.europa.eu/interoperable_solutions,EU Interoperability Solutions Catalogue,https://interoperable-europe.ec.europa.eu/other_solutions
https://interoperable-europe.ec.europa.eu/interoperable_solutions,how to create Solutions on the Portal,https://interoperable-europe.ec.europa.eu/collection/portal-support/document/how-create-solutions-portal
https://interoperable-europe.ec.europa.eu/interoperable_solutions,dedicated questionnaire,https://interoperable-europe.ec.europa.eu/form/general-criteria-for-interoperab
https://interoperable-europe.ec.europa.eu/interoperable_solutions,EU OSS Catalogue About page,https://interoperable-europe.ec.europa.eu/eu-oss-catalogue/about
https://interoperable-europe.ec.europa.eu/interoperable_solutions,Contact Us,https://interoperable-europe.ec.europa.eu/contact?destination=/search%3Ff%255B0%255D%3Dtopic%253Ahttp%253A//joinup.eu/ontology/topic%2523reusable-software-components%26f%255B1%255D%3Dtype%253Asolution
https://interoperable-europe.ec.europa.eu/interoperable_solutions,Report abusive content,https://interoperable-europe.ec.europa.eu/contact?category=report&uri=/interoperable_solutions&destination=interoperable_solutions
https://interoperable-europe.ec.europa.eu/interoperable-europe-solutions,,https://interoperable-europe.ec.europa.eu/node/730988
https://interoperable-europe.ec.europa.eu/interoperable-europe-solutions,Interoperable Europe Board,https://interoperable-europe.ec.europa.eu/collection/governance-board
https://interoperable-europe.ec.europa.eu/interoperable-europe-solutions,Propose a solution,https://interoperable-europe.ec.europa.eu/interoperable-europe-solutions
https://interoperable-europe.ec.europa.eu/interoperable-europe-solutions,,https://interoperable-europe.ec.europa.eu/collection/semic-support-centre/solution/dcat-application-profile-data-portals-europe
https://interoperable-europe.ec.europa.eu/interoperable-europe-solutions,Training,https://interoperable-europe.ec.europa.eu/collection/interoperable-europe-academy/solution/dcat-ap-data-spaces
https://interoperable-europe.ec.europa.eu/interoperable-europe-solutions,,https://interoperable-europe.ec.europa.eu/collection/semic-support-centre/solution/core-vocabularies
https://interoperable-europe.ec.europa.eu/interoperable-europe-solutions,Training,https://interoperable-europe.ec.europa.eu/collection/interoperable-europe-academy/solution/introduction-core-vocabularies
https://interoperable-europe.ec.europa.eu/interoperable-europe-solutions,,https://interoperable-europe.ec.europa.eu/form/general-criteria-for-interoperab
https://interoperable-europe.ec.europa.eu/interoperable-europe-solutions,Yes,https://interoperable-europe.ec.europa.eu/modal/anonymous/vote?destination=/interoperable-europe-solutions
https://interoperable-europe.ec.europa.eu/interoperable-europe-solutions,Report abusive content,https://interoperable-europe.ec.europa.eu/contact?category=report&uri=/interoperable-europe-solutions&destination=interoperable-europe-solutions
https://interoperable-europe.ec.europa.eu/interoperability-solutions-catalogue,,https://interoperable-europe.ec.europa.eu/node/707671
https://interoperable-europe.ec.europa.eu/interoperability-solutions-catalogue,Discover all interoperability solutions for building European digital public services,https://interoperable-europe.ec.europa.eu/interoperability-solutions-catalogue
https://interoperable-europe.ec.europa.eu/interoperability-solutions-catalogue,Discover the EU interoperability solutions catalogue,https://joinup.ec.europa.eu/search?f%5B0%5D=type%3Asolution
https://interoperable-europe.ec.europa.eu/interoperability-solutions-catalogue,Share Solution reuse,https://interoperable-europe.ec.europa.eu/form/submit-your-reuse-case
https://interoperable-europe.ec.europa.eu/interoperability-solutions-catalogue,,https://interoperable-europe.ec.europa.eu/collection/interoperability-test-bed-repository/solution/interoperability-test-bed
https://interoperable-europe.ec.europa.eu/interoperability-solutions-catalogue,Documentation,https://interoperable-europe.ec.europa.eu/collection/interoperability-test-bed-repository/solution/interoperability-test-bed/documentation
https://interoperable-europe.ec.europa.eu/interoperability-solutions-catalogue,Use cases,https://interoperable-europe.ec.europa.eu/collection/interoperability-test-bed-repository/solution/interoperability-test-bed/user-case-studies
https://interoperable-europe.ec.europa.eu/interoperability-solutions-catalogue,Training,https://academy.europa.eu/courses/getting-started-with-the-interoperability-test-bed
https://interoperable-europe.ec.europa.eu/interoperability-solutions-catalogue,Peer learning,https://interoperable-europe.ec.europa.eu/collection/portal-support/news/peer-learning-session-interoperability-test-bed-and-tchap
https://interoperable-europe.ec.europa.eu/interoperability-solutions-catalogue,,https://interoperable-europe.ec.europa.eu/collection/digital-building-blocks/solution/edelivery
https://interoperable-europe.ec.europa.eu/interoperability-solutions-catalogue,Use cases,https://interoperable-europe.ec.europa.eu/collection/digital-building-blocks/solution/edelivery/news/use-case-edelivery
https://interoperable-europe.ec.europa.eu/interoperability-solutions-catalogue,Peer learning,https://interoperable-europe.ec.europa.eu/collection/portal-support/news/transport-enablers-highlights
https://interoperable-europe.ec.europa.eu/interoperability-solutions-catalogue,,https://interoperable-europe.ec.europa.eu/collection/ict-security/solution/x-road-data-exchange-layer
https://interoperable-europe.ec.europa.eu/interoperability-solutions-catalogue,,https://interoperable-europe.ec.europa.eu/collection/italia/solution/national-digital-data-platform
https://interoperable-europe.ec.europa.eu/interoperability-solutions-catalogue,Documentation,https://www.developer.pagopa.it/pdnd-interoperabilita/guides/PDND-Interoperability-Operating-Manual
https://interoperable-europe.ec.europa.eu/interoperability-solutions-catalogue,Policy brief,https://interoperable-europe.ec.europa.eu/collection/interoperable-europe-academy/document/policy-brief-pdnd-italys-national-platform-api-based-exchanges
https://interoperable-europe.ec.europa.eu/interoperability-solutions-catalogue,Peer learning,https://interoperable-europe.ec.europa.eu/collection/portal-support/news/data-catalogue-enablers-highlights
https://interoperable-europe.ec.europa.eu/interoperability-solutions-catalogue,,https://interoperable-europe.ec.europa.eu/collection/justice-law-and-security/solution/e-codex
https://interoperable-europe.ec.europa.eu/interoperability-solutions-catalogue,Webinar,https://interoperable-europe.ec.europa.eu/collection/portal-support/news/event-highlights-building-interoperable-public-services
https://interoperable-europe.ec.europa.eu/interoperability-solutions-catalogue,,https://interoperable-europe.ec.europa.eu/collection/api4dt/solution/federated-service-connectivity-core-specification
https://interoperable-europe.ec.europa.eu/interoperability-solutions-catalogue,Policy brief,https://interoperable-europe.ec.europa.eu/collection/interoperable-europe-academy/document/policy-brief-api-gateway-enablers-irelands-information-mediator-and-netherlands-federated-service
https://interoperable-europe.ec.europa.eu/interoperability-solutions-catalogue,Peer learning,https://interoperable-europe.ec.europa.eu/collection/portal-support/news/api-gateway-enablers-highlights
https://interoperable-europe.ec.europa.eu/interoperability-solutions-catalogue,,https://interoperable-europe.ec.europa.eu/collection/open-government/solution/information-mediator
https://interoperable-europe.ec.europa.eu/interoperability-solutions-catalogue,,https://interoperable-europe.ec.europa.eu/collection/semic-support-centre/solution/finnish-interoperability-platform
https://interoperable-europe.ec.europa.eu/interoperability-solutions-catalogue,Documentation,https://kehittajille.suomi.fi/services/finnish-interoperability-platform
https://interoperable-europe.ec.europa.eu/interoperability-solutions-catalogue,Policy brief,https://interoperable-europe.ec.europa.eu/collection/interoperable-europe-academy/document/policy-brief-interoperability-platform-finlands-metadata-service-reuse-semantic-resources
https://interoperable-europe.ec.europa.eu/interoperability-solutions-catalogue,,https://interoperable-europe.ec.europa.eu/collection/sovereignty/solution/tchap
https://interoperable-europe.ec.europa.eu/interoperability-solutions-catalogue,Documentation,https://aide.tchap.numerique.gouv.fr/fr/article/guide-de-prise-en-main-de-tchap-oswyn1
https://interoperable-europe.ec.europa.eu/interoperability-solutions-catalogue,Policy brief,https://interoperable-europe.ec.europa.eu/collection/interoperable-europe-academy/document/policy-brief-tchap-frances-sovereign-messaging-platform-government-use
https://interoperable-europe.ec.europa.eu/interoperability-solutions-catalogue,,https://interoperable-europe.ec.europa.eu/collection/iopeu-monitoring/european-interoperability-framework-eif
https://interoperable-europe.ec.europa.eu/interoperability-solutions-catalogue,Sign in or register to like this content 0,https://interoperable-europe.ec.europa.eu/modal/anonymous/like?destination=/interoperability-solutions-catalogue
https://interoperable-europe.ec.europa.eu/interoperability-solutions-catalogue,,https://interoperable-europe.ec.europa.eu/collection/interoperability-architecture-solutions
https://interoperable-europe.ec.europa.eu/interoperability-solutions-catalogue,,https://interoperable-europe.ec.europa.eu/collection/pm2-methodologies
https://interoperable-europe.ec.europa.eu/interoperability-solutions-catalogue,,https://interoperable-europe.ec.europa.eu/collection/eupl
https://interoperable-europe.ec.europa.eu/interoperability-solutions-catalogue,,https://interoperable-europe.ec.europa.eu/collection/eupl/solution/licensing-assistant
https://interoperable-europe.ec.europa.eu/interoperability-solutions-catalogue,,https://interoperable-europe.ec.europa.eu/collection/eparticipation-and-evoting/solution/eusurvey
https://interoperable-europe.ec.europa.eu/interoperability-solutions-catalogue,,https://interoperable-europe.ec.europa.eu/collection/common-assessment-method-standards-and-specifications-camss/solution/elap
https://interoperable-europe.ec.europa.eu/interoperability-solutions-catalogue,,https://interoperable-europe.ec.europa.eu/collection/common-assessment-method-standards-and-specifications-camss/solution/elis
https://interoperable-europe.ec.europa.eu/interoperability-solutions-catalogue,,https://interoperable-europe.ec.europa.eu/collection/common-assessment-method-standards-and-specifications-camss/camss-assessments-library
https://interoperable-europe.ec.europa.eu/interoperability-solutions-catalogue,,https://interoperable-europe.ec.europa.eu/collection/digital-building-blocks/solution/eid
https://interoperable-europe.ec.europa.eu/interoperability-solutions-catalogue,,https://interoperable-europe.ec.europa.eu/collection/digital-building-blocks/solution/einvoicing
https://interoperable-europe.ec.europa.eu/interoperability-solutions-catalogue,,https://interoperable-europe.ec.europa.eu/collection/digital-building-blocks/solution/esignature
https://interoperable-europe.ec.europa.eu/interoperability-solutions-catalogue,,https://interoperable-europe.ec.europa.eu/collection/digital-building-blocks/solution/once-only-technical-system-oots
https://interoperable-europe.ec.europa.eu/interoperability-solutions-catalogue,,https://interoperable-europe.ec.europa.eu/collection/digital-building-blocks/solution/eu-digitalidentitywallet
https://interoperable-europe.ec.europa.eu/interoperability-solutions-catalogue,,https://interoperable-europe.ec.europa.eu/collection/digital-building-blocks/solution/european-blockchain-services-infrastructure-ebsi
https://interoperable-europe.ec.europa.eu/interoperability-solutions-catalogue,,https://interoperable-europe.ec.europa.eu/collection/semic-support-centre/solution/core-vocabularies
https://interoperable-europe.ec.europa.eu/interoperability-solutions-catalogue,,https://interoperable-europe.ec.europa.eu/collection/eli-european-legislation-identifier/solution/eli-ontology
https://interoperable-europe.ec.europa.eu/interoperability-solutions-catalogue,,https://interoperable-europe.ec.europa.eu/collection/semic-support-centre/solution/dcat-application-profile-data-portals-europe
https://interoperable-europe.ec.europa.eu/interoperability-solutions-catalogue,,https://interoperable-europe.ec.europa.eu/collection/semic-support-centre/solution/dcat-ap-hvd
https://interoperable-europe.ec.europa.eu/interoperability-solutions-catalogue,,https://interoperable-europe.ec.europa.eu/collection/access-base-registries/solution/bregdcat-ap
https://interoperable-europe.ec.europa.eu/interoperability-solutions-catalogue,,https://interoperable-europe.ec.europa.eu/collection/digital-ready-policymaking/solution/rrmv
https://interoperable-europe.ec.europa.eu/interoperability-solutions-catalogue,,https://interoperable-europe.ec.europa.eu/collection/eprocurement/solution/european-single-procurement-document
https://interoperable-europe.ec.europa.eu/interoperability-solutions-catalogue,,https://interoperable-europe.ec.europa.eu/collection/eprocurement/solution/eprocurement-ontology
https://interoperable-europe.ec.europa.eu/interoperability-solutions-catalogue,,https://interoperable-europe.ec.europa.eu/collection/semic-support-centre/solution/asset-description-metadata-schema-adms
https://interoperable-europe.ec.europa.eu/interoperability-solutions-catalogue,,https://interoperable-europe.ec.europa.eu/collection/justice-law-and-security/solution/leos-open-source-software-editing-legislation
https://interoperable-europe.ec.europa.eu/interoperability-solutions-catalogue,,https://interoperable-europe.ec.europa.eu/collection/are3na/solution/re3gistry
https://interoperable-europe.ec.europa.eu/interoperability-solutions-catalogue,,https://interoperable-europe.ec.europa.eu/collection/semic-support-centre/solution/vocbench
https://interoperable-europe.ec.europa.eu/interoperability-solutions-catalogue,,https://interoperable-europe.ec.europa.eu/collection/communication-and-information-resource-centre-administrations-businesses-and-citizens-circabc/solution/circabc
https://interoperable-europe.ec.europa.eu/interoperability-solutions-catalogue,Report abusive content,https://interoperable-europe.ec.europa.eu/contact?category=report&uri=/interoperability-solutions-catalogue&destination=interoperability-solutions-catalogue
https://interoperable-europe.ec.europa.eu/eu-oss-catalogue,Browse the catalogue,https://interoperable-europe.ec.europa.eu/eu-oss-catalogue/solutions
https://interoperable-europe.ec.europa.eu/eu-oss-catalogue,View all,https://interoperable-europe.ec.europa.eu/eu-oss-catalogue/solutions?sort_by=date
https://interoperable-europe.ec.europa.eu/eu-oss-catalogue,,https://interoperable-europe.ec.europa.eu/eu-oss-catalogue/solutions/appointments-fedi-collect
https://interoperable-europe.ec.europa.eu/eu-oss-catalogue,,https://interoperable-europe.ec.europa.eu/eu-oss-catalogue/solutions/ciso-assistant
https://interoperable-europe.ec.europa.eu/eu-oss-catalogue,,https://interoperable-europe.ec.europa.eu/eu-oss-catalogue/solutions/ingv-fdsnws-station-mcp-server
https://interoperable-europe.ec.europa.eu/eu-oss-catalogue,,https://interoperable-europe.ec.europa.eu/eu-oss-catalogue/solutions/kubernetes-minimal-vm
https://interoperable-europe.ec.europa.eu/eu-oss-catalogue,,https://interoperable-europe.ec.europa.eu/eu-oss-catalogue/solutions/limesurvey-hairdressed
https://interoperable-europe.ec.europa.eu/eu-oss-catalogue,,https://interoperable-europe.ec.europa.eu/eu-oss-catalogue/solutions/syncthing-1
https://interoperable-europe.ec.europa.eu/eu-oss-catalogue,,https://interoperable-europe.ec.europa.eu/eu-oss-catalogue/solutions/core-ux
https://interoperable-europe.ec.europa.eu/eu-oss-catalogue,,https://interoperable-europe.ec.europa.eu/eu-oss-catalogue/solutions/interoperability-test-bed-csv-validator
https://interoperable-europe.ec.europa.eu/eu-oss-catalogue,,https://interoperable-europe.ec.europa.eu/eu-oss-catalogue/solutions/interoperability-test-bed-json-validator
https://interoperable-europe.ec.europa.eu/eu-oss-catalogue,,https://interoperable-europe.ec.europa.eu/eu-oss-catalogue/solutions/interoperability-test-bed-shacl-validator
https://interoperable-europe.ec.europa.eu/eu-oss-catalogue,,https://interoperable-europe.ec.europa.eu/eu-oss-catalogue/solutions/interoperability-test-bed-xml-validator
https://interoperable-europe.ec.europa.eu/eu-oss-catalogue,,https://interoperable-europe.ec.europa.eu/eu-oss-catalogue/solutions/io
https://interoperable-europe.ec.europa.eu/eu-oss-catalogue,View all,https://interoperable-europe.ec.europa.eu/eu-oss-catalogue/solutions?sort_by=vitality
https://interoperable-europe.ec.europa.eu/eu-oss-catalogue,,https://interoperable-europe.ec.europa.eu/eu-oss-catalogue/solutions/nextcloud-server
https://interoperable-europe.ec.europa.eu/eu-oss-catalogue,,https://interoperable-europe.ec.europa.eu/eu-oss-catalogue/solutions/forsakringskassans-designsystem
https://interoperable-europe.ec.europa.eu/eu-oss-catalogue,,https://interoperable-europe.ec.europa.eu/eu-oss-catalogue/solutions/qgis
https://interoperable-europe.ec.europa.eu/eu-oss-catalogue,,https://interoperable-europe.ec.europa.eu/eu-oss-catalogue/solutions/netxms
https://interoperable-europe.ec.europa.eu/eu-oss-catalogue,,https://interoperable-europe.ec.europa.eu/eu-oss-catalogue/solutions/openproject-1
https://interoperable-europe.ec.europa.eu/eu-oss-catalogue,,https://interoperable-europe.ec.europa.eu/eu-oss-catalogue/solutions/openproject
https://interoperable-europe.ec.europa.eu/eu-oss-catalogue,,https://interoperable-europe.ec.europa.eu/eu-oss-catalogue/solutions/midpoint
https://interoperable-europe.ec.europa.eu/eu-oss-catalogue,,https://interoperable-europe.ec.europa.eu/eu-oss-catalogue/solutions/soestapp
https://interoperable-europe.ec.europa.eu/eu-oss-catalogue,,https://interoperable-europe.ec.europa.eu/eu-oss-catalogue/solutions/zabbix-monitoring-and-observability-platform
https://interoperable-europe.ec.europa.eu/eu-oss-catalogue,,https://interoperable-europe.ec.europa.eu/eu-oss-catalogue/solutions/mastodon
https://interoperable-europe.ec.europa.eu/eu-oss-catalogue,,https://interoperable-europe.ec.europa.eu/node/735075
https://interoperable-europe.ec.europa.eu/eu-oss-catalogue,,https://interoperable-europe.ec.europa.eu/eu-oss-catalogue/solutions/qfield
https://interoperable-europe.ec.europa.eu/eu-oss-catalogue,Contact us !,https://interoperable-europe.ec.europa.eu/contact?destination=/home
https://interoperable-europe.ec.europa.eu/eu-oss-catalogue,contact us,https://urldefense.com/v3/__https://interoperable-europe.ec.europa.eu/contact?destination=*home__;Lw!!Kz4hg-9TIhMrN2chtpl6!nyRw0YY1FtIQbSbNi-yDCe-WTt2mBkNto_dWclgoIJQKOCR2tpYsscSWFf8BQqEstnWXzuPJ-f3V8N8gAKmoMQ6CJtoFhV35Vhg3hYS_kA6m$
https://interoperable-europe.ec.europa.eu/eu-oss-catalogue,Twitter,https://twitter.com/InteroperableEU
https://interoperable-europe.ec.europa.eu/eu-oss-catalogue,LinkedIn,https://www.linkedin.com/groups/12907049/
https://interoperable-europe.ec.europa.eu/collection/guidelines-sharing-interoperability-solutions,Interoperable Europe Act,https://interoperable-europe.ec.europa.eu/interoperable-europe/interoperable-europe-act
https://interoperable-europe.ec.europa.eu/collection/guidelines-sharing-interoperability-solutions,Interoperable Europe Board,https://interoperable-europe.ec.europa.eu/collection/governance-board
https://interoperable-europe.ec.europa.eu/collection/guidelines-sharing-interoperability-solutions,Read more about Guidelines on Sharing Interoperability Solutions,https://interoperable-europe.ec.europa.eu/collection/guidelines-sharing-interoperability-solutions/guidelines
https://interoperable-europe.ec.europa.eu/collection/guidelines-sharing-interoperability-solutions,Read more about Case Studies,https://interoperable-europe.ec.europa.eu/collection/guidelines-sharing-interoperability-solutions/case-studies
https://interoperable-europe.ec.europa.eu/collection/guidelines-sharing-interoperability-solutions,Read more about Further Resources,https://interoperable-europe.ec.europa.eu/collection/guidelines-sharing-interoperability-solutions/further-resources
https://interoperable-europe.ec.europa.eu/collection/guidelines-sharing-interoperability-solutions,Read more about Public Procurement,https://interoperable-europe.ec.europa.eu/collection/guidelines-sharing-interoperability-solutions/public-procurement
https://interoperable-europe.ec.europa.eu/collection/guidelines-sharing-interoperability-solutions,,https://interoperable-europe.ec.europa.eu/collection/guidelines-sharing-interoperability-solutions/news/key-takeaways-guidelines-sharing-iop-solutions-webinar
https://interoperable-europe.ec.europa.eu/collection/guidelines-sharing-interoperability-solutions,Sign in or register to like this content 0,https://interoperable-europe.ec.europa.eu/modal/anonymous/like?destination=/collection/guidelines-sharing-interoperability-solutions
https://interoperable-europe.ec.europa.eu/collection/guidelines-sharing-interoperability-solutions,,https://interoperable-europe.ec.europa.eu/collection/community/news/guidelines-support-share-and-reuse-iop-solutions
https://interoperable-europe.ec.europa.eu/collection/guidelines-sharing-interoperability-solutions,,https://interoperable-europe.ec.europa.eu/collection/community/event/join-webinar-navigating-guidelines-sharing-interoperability-solutions
https://interoperable-europe.ec.europa.eu/collection/guidelines-sharing-interoperability-solutions,Contact us,https://interoperable-europe.ec.europa.eu/contact?category=interoperable_europe
https://interoperable-europe.ec.europa.eu/collection/guidelines-sharing-interoperability-solutions,Case studies,https://unsplash.com/photos/assorted-books-on-wooden-table-eMP4sYPJ9x0
https://interoperable-europe.ec.europa.eu/collection/guidelines-sharing-interoperability-solutions,Public procurement,https://www.pexels.com/photo/a-person-working-on-the-documents-using-a-calculator-8297220/
https://interoperable-europe.ec.europa.eu/collection/guidelines-sharing-interoperability-solutions,Report abusive content,https://interoperable-europe.ec.europa.eu/contact?category=report&uri=/collection/guidelines-sharing-interoperability-solutions/welcome&destination=collection/guidelines-sharing-interoperability-solutions/welcome
https://interoperable-europe.ec.europa.eu/collection/eupl,European Union Public Licence (EUPL),https://interoperable-europe.ec.europa.eu/collection/eupl/eupl-text-eupl-12
https://interoperable-europe.ec.europa.eu/collection/eupl,Interoperable Europe Act,https://eur-lex.europa.eu/eli/reg/2024/903/oj/eng
https://interoperable-europe.ec.europa.eu/collection/eupl,Discover more here,https://interoperable-europe.ec.europa.eu/collection/eupl/join-eupl-licensing-community
https://interoperable-europe.ec.europa.eu/collection/eupl,Read more about EUPL documentation &amp; guidelines,https://interoperable-europe.ec.europa.eu/collection/eupl/documentation-repository-draft
https://interoperable-europe.ec.europa.eu/collection/eupl,Read more about Licensing Assistant,https://interoperable-europe.ec.europa.eu/collection/eupl/solution/licensing-assistant
https://interoperable-europe.ec.europa.eu/collection/eupl,Read more about Online courses,https://interoperable-europe.ec.europa.eu/collection/eupl/eupl-elearning-courses
https://interoperable-europe.ec.europa.eu/collection/eupl,Read more about Discussion area,https://interoperable-europe.ec.europa.eu/collection/eupl/discussions
https://interoperable-europe.ec.europa.eu/collection/eupl,C (2021) 8759,https://ec.europa.eu/transparency/documents-register/detail?ref=C(2021)8759&lang=en
https://interoperable-europe.ec.europa.eu/collection/eupl,Licensing Assistant,https://interoperable-europe.ec.europa.eu/collection/eupl/solution/licensing-assistant/find-and-compare-software-licenses
https://interoperable-europe.ec.europa.eu/collection/eupl,Compatibility Checker,https://interoperable-europe.ec.europa.eu/collection/eupl/solution/licensing-assistant/compatibility-checker
https://interoperable-europe.ec.europa.eu/collection/eupl,Contact Portal Support,https://joinup.ec.europa.eu/contact
https://interoperable-europe.ec.europa.eu/collection/eupl,Portal's legal notice,https://interoperable-europe.ec.europa.eu/joinup/legal-notice
https://interoperable-europe.ec.europa.eu/collection/eupl,FAQ,https://interoperable-europe.ec.europa.eu/collection/eupl/faq-draft
https://interoperable-europe.ec.europa.eu/collection/eupl,Sign in or register to like this content 8,https://interoperable-europe.ec.europa.eu/modal/anonymous/like?destination=/collection/eupl
https://interoperable-europe.ec.europa.eu/collection/eupl,,https://interoperable-europe.ec.europa.eu/collection/eupl/discussion/who-using-eupl
https://interoperable-europe.ec.europa.eu/collection/eupl,,https://interoperable-europe.ec.europa.eu/collection/eupl/news/i-changed-my-license-eupl
https://interoperable-europe.ec.europa.eu/collection/eupl,,https://interoperable-europe.ec.europa.eu/collection/eupl/news/public-money-public-code
https://interoperable-europe.ec.europa.eu/collection/eupl,,https://interoperable-europe.ec.europa.eu/collection/eupl/news/ai-how-judging-judges
https://interoperable-europe.ec.europa.eu/collection/eupl,,https://interoperable-europe.ec.europa.eu/collection/eupl/news/forge-code-sovereignty
https://interoperable-europe.ec.europa.eu/collection/eupl,,https://interoperable-europe.ec.europa.eu/collection/eupl/discussion/clarifying-eupl-compatibility-clause
https://interoperable-europe.ec.europa.eu/collection/eupl,,https://interoperable-europe.ec.europa.eu/collection/eupl/news/open-source-licenses-depth-analysis
https://interoperable-europe.ec.europa.eu/collection/eupl,,https://interoperable-europe.ec.europa.eu/collection/eupl/news/unlocking-single-market-potential
https://interoperable-europe.ec.europa.eu/collection/eupl,,https://interoperable-europe.ec.europa.eu/collection/eupl/news/eupl-distributed-project-nobodywho-dk
https://interoperable-europe.ec.europa.eu/collection/eupl,,https://interoperable-europe.ec.europa.eu/collection/eupl/news/clarifying-eupl-compatibility-clause
https://interoperable-europe.ec.europa.eu/collection/eupl,,https://interoperable-europe.ec.europa.eu/collection/interoperable-europe-academy/document/policy-brief-guiding-ai-responsibly-irelands-blueprint-public-service
https://interoperable-europe.ec.europa.eu/collection/eupl,Report abusive content,https://interoperable-europe.ec.europa.eu/contact?category=report&uri=/collection/eupl/welcome&destination=collection/eupl/welcome
https://interoperable-europe.ec.europa.eu/interoperable-europe-support-centre,,https://interoperable-europe.ec.europa.eu/node/734530
https://interoperable-europe.ec.europa.eu/interoperable-europe-support-centre,European Interoperability Framework (EIF),https://interoperable-europe.ec.europa.eu/collection/iopeu-monitoring/european-interoperability-framework-eif
https://interoperable-europe.ec.europa.eu/interoperable-europe-support-centre,Interoperable Europe Act,https://interoperable-europe.ec.europa.eu/interoperable-europe/interoperable-europe-act
https://interoperable-europe.ec.europa.eu/interoperable-europe-support-centre,Interoperability: An introductory course,https://academy.europa.eu/courses/interoperability-an-introductory-course
https://interoperable-europe.ec.europa.eu/interoperable-europe-support-centre,European Interoperability Framework (EIF),https://academy.europa.eu/courses/european-interoperability-framework-eif-online-training
https://interoperable-europe.ec.europa.eu/interoperable-europe-support-centre,Interoperable Europe Act: Introduction,https://academy.europa.eu/courses/the-interoperable-europe-act-introduction
https://interoperable-europe.ec.europa.eu/interoperable-europe-support-centre,Read more about Over 50 free eLearning courses,https://interoperable-europe.ec.europa.eu/collection/interoperable-europe-academy/courses
https://interoperable-europe.ec.europa.eu/interoperable-europe-support-centre,Read more about Webinars and events,https://interoperable-europe.ec.europa.eu/upcoming-events
https://interoperable-europe.ec.europa.eu/interoperable-europe-support-centre,Read more about Landscape of EU digital regulations,https://interoperable-europe.ec.europa.eu/eu-digital-regulations
https://interoperable-europe.ec.europa.eu/interoperable-europe-support-centre,contact us,https://interoperable-europe.ec.europa.eu/contact?destination=/home
https://interoperable-europe.ec.europa.eu/interoperable-europe-support-centre,Digital-ready Policymaking,https://interoperable-europe.ec.europa.eu/collection/digital-ready-policymaking
https://interoperable-europe.ec.europa.eu/interoperable-europe-support-centre,Interoperability Assessments,https://interoperable-europe.ec.europa.eu/collection/assessments
https://interoperable-europe.ec.europa.eu/interoperable-europe-support-centre,View and consult the assessment guidelines,https://interoperable-europe.ec.europa.eu/collection/assessments 
https://interoperable-europe.ec.europa.eu/interoperable-europe-support-centre,Create a new interoperability assessment,https://interoperable-europe.ec.europa.eu/collection/assessments/online-tool-assessments 
https://interoperable-europe.ec.europa.eu/interoperable-europe-support-centre,Automate your assessment,https://interoperable-europe.ec.europa.eu/collection/assessments/assessments-api 
https://interoperable-europe.ec.europa.eu/interoperable-europe-support-centre,Consult existing assessment reports,https://interoperable-europe.ec.europa.eu/collection/assessments/report/repository 
https://interoperable-europe.ec.europa.eu/interoperable-europe-support-centre,Request to initiate or participate in an existing regulatory sandbox,https://interoperable-europe.ec.europa.eu/collection/interoperability-regulatory-sandboxes/get-involved
https://interoperable-europe.ec.europa.eu/interoperable-europe-support-centre,EU Interoperability Solutions Catalogue,https://interoperable-europe.ec.europa.eu/interoperability-solutions-catalogue
https://interoperable-europe.ec.europa.eu/interoperable-europe-support-centre,Interoperable Europe Solutions,https://interoperable-europe.ec.europa.eu/interoperable-europe-solutions
https://interoperable-europe.ec.europa.eu/interoperable-europe-support-centre,Publish your interoperability solution,https://interoperable-europe.ec.europa.eu/collection/portal-support/document/how-create-solutions-portal
https://interoperable-europe.ec.europa.eu/interoperable-europe-support-centre,EU Open Source Solutions Catalogue,https://interoperable-europe.ec.europa.eu/eu-oss-catalogue
https://interoperable-europe.ec.europa.eu/interoperable-europe-support-centre,Open Source Observatory,https://interoperable-europe.ec.europa.eu/collection/open-source-observatory-osor
https://interoperable-europe.ec.europa.eu/interoperable-europe-support-centre,Consult the open-source knowledge base,https://interoperable-europe.ec.europa.eu/collection/open-source-observatory-osor/knowledge-centre
https://interoperable-europe.ec.europa.eu/interoperable-europe-support-centre,Consult guidelines and use cases on the reuse of IT solutions:,https://interoperable-europe.ec.europa.eu/collection/guidelines-sharing-interoperability-solutions
https://interoperable-europe.ec.europa.eu/interoperable-europe-support-centre,Interoperability Architecture Solutions,https://interoperable-europe.ec.europa.eu/collection/interoperability-architecture-solutions
https://interoperable-europe.ec.europa.eu/interoperable-europe-support-centre,Test your digital public service with TestBed,https://interoperable-europe.ec.europa.eu/collection/interoperability-test-bed-repository/solution/interoperability-test-bed 
https://interoperable-europe.ec.europa.eu/interoperable-europe-support-centre,Evaluate a specification with CAMMS,https://ec.europa.eu/eusurvey/runner/CAMSSaaS-Request-Form 
https://interoperable-europe.ec.europa.eu/interoperable-europe-support-centre,Initiate a digital public service reference architecture model with EIRA,https://interoperable-europe.ec.europa.eu/collection/interoperability-architecture-solutions/solution/eira
https://interoperable-europe.ec.europa.eu/interoperable-europe-support-centre,SEMIC Support Centre,https://interoperable-europe.ec.europa.eu/collection/semic-support-centre
https://interoperable-europe.ec.europa.eu/interoperable-europe-support-centre,Explore the European Data Catalogue,https://data.europa.eu/data/combined?locale=en
https://interoperable-europe.ec.europa.eu/interoperable-europe-support-centre,Develop an Application Profile,https://interoperable-europe.ec.europa.eu/collection/semic-support-centre/application-profiles-what-are-they-and-how-model-and-reuse-them-properly-look-through-dcat-ap
https://interoperable-europe.ec.europa.eu/interoperable-europe-support-centre,Explore the list of SEMIC Core Vocabularies and Application Profiles,https://interoperable-europe.ec.europa.eu/collection/semic-support-centre/specifications
https://interoperable-europe.ec.europa.eu/interoperable-europe-support-centre,Use the SEMIC validators,https://interoperable-europe.ec.europa.eu/collection/semic-support-centre/news/new-unified-semic-validator-community-usage-insights
https://interoperable-europe.ec.europa.eu/interoperable-europe-support-centre,Explore the list of semantic tools,https://interoperable-europe.ec.europa.eu/collection/semic-support-centre/toolkit
https://interoperable-europe.ec.europa.eu/interoperable-europe-support-centre,Public Sector Tech Watch,https://interoperable-europe.ec.europa.eu/collection/public-sector-tech-watch
https://interoperable-europe.ec.europa.eu/interoperable-europe-support-centre,EU GovTech,https://interoperable-europe.ec.europa.eu/collection/eugovtech
https://interoperable-europe.ec.europa.eu/interoperable-europe-support-centre,Explore the AI Toolbox,https://interoperable-europe.ec.europa.eu/collection/ai-public-sector/ai-toolbox-introduction
https://interoperable-europe.ec.europa.eu/interoperable-europe-support-centre,AI Act,https://digital-strategy.ec.europa.eu/en/policies/regulatory-framework-ai
https://interoperable-europe.ec.europa.eu/interoperable-europe-support-centre,Consult emerging technology use cases from public administrations,https://interoperable-europe.ec.europa.eu/collection/public-sector-tech-watch/cases-viewer-statistics
https://interoperable-europe.ec.europa.eu/interoperable-europe-support-centre,Submit your Public Sector Tech Watch case,https://interoperable-europe.ec.europa.eu/collection/public-sector-tech-watch/submit-your-case
https://interoperable-europe.ec.europa.eu/interoperable-europe-support-centre,Discover the latest GovTech initiatives,https://interoperable-europe.ec.europa.eu/collection/eugovtech/govtech-atlas
https://interoperable-europe.ec.europa.eu/interoperable-europe-support-centre,Submit your EU GovTech company,https://interoperable-europe.ec.europa.eu/collection/eugovtech/submit-your-eu-govtech-company
https://interoperable-europe.ec.europa.eu/interoperable-europe-support-centre,Interoperable Europe Monitoring,https://interoperable-europe.ec.europa.eu/collection/iopeu-monitoring
https://interoperable-europe.ec.europa.eu/interoperable-europe-support-centre,View,https://interoperable-europe.ec.europa.eu/collection/iopeu-monitoring/digital-public-administration-factsheets-2025
https://interoperable-europe.ec.europa.eu/interoperable-europe-support-centre,Request to organise a twinning exercise,https://interoperable-europe.ec.europa.eu/sites/default/files/custom-page/attachment/2025-06/twinning-exercise-introductory-slides.pdf
https://interoperable-europe.ec.europa.eu/interoperable-europe-support-centre,Request to organise a Roadshow:,https://interoperable-europe.ec.europa.eu/collection/iopeu-monitoring/news/discover-key-takeaways-latest-roadshows
https://interoperable-europe.ec.europa.eu/interoperable-europe-support-centre,Interoperable Europe Academy,https://interoperable-europe.ec.europa.eu/collection/interoperable-europe-academy
https://interoperable-europe.ec.europa.eu/interoperable-europe-support-centre,Engage in a learning path,https://interoperable-europe.ec.europa.eu/collection/interoperable-europe-academy/learning-paths
https://interoperable-europe.ec.europa.eu/interoperable-europe-support-centre,Evaluate your interoperability knowledge level,https://interoperable-europe.ec.europa.eu/collection/interoperable-europe-academy/interoperability-certification
https://interoperable-europe.ec.europa.eu/interoperable-europe-support-centre,About page,https://interoperable-europe.ec.europa.eu/eu-oss-catalogue/about
https://interoperable-europe.ec.europa.eu/interoperable-europe-support-centre,contact us,https://urldefense.com/v3/__https:/interoperable-europe.ec.europa.eu/contact?destination=*home__;Lw!!Kz4hg-9TIhMrN2chtpl6!nyRw0YY1FtIQbSbNi-yDCe-WTt2mBkNto_dWclgoIJQKOCR2tpYsscSWFf8BQqEstnWXzuPJ-f3V8N8gAKmoMQ6CJtoFhV35Vhg3hYS_kA6m$
https://interoperable-europe.ec.europa.eu/interoperable-europe-support-centre,this article,https://interoperable-europe.ec.europa.eu/collection/portal-support/document/how-engage-existing-content-portal
https://interoperable-europe.ec.europa.eu/interoperable-europe-support-centre,How to create content on the Portal?,https://interoperable-europe.ec.europa.eu/collection/portal/document/how-create-content-portal
https://interoperable-europe.ec.europa.eu/interoperable-europe-support-centre,How to create Solutions on the Portal,https://interoperable-europe.ec.europa.eu/collection/portal/document/how-create-solutions-portal
https://interoperable-europe.ec.europa.eu/interoperable-europe-support-centre,How to engage with existing content on the Portal,https://interoperable-europe.ec.europa.eu/collection/portal/document/how-engage-existing-content-portal
https://interoperable-europe.ec.europa.eu/interoperable-europe-support-centre,contribution rules,https://interoperable-europe.ec.europa.eu/contribution-rules
https://interoperable-europe.ec.europa.eu/interoperable-europe-support-centre,",",https://interoperable-europe.ec.europa.eu/collection/public-sector-tech-watch/cases-viewer-statistics%C3%B9
https://interoperable-europe.ec.europa.eu/interoperable-europe-support-centre,user guide,https://interoperable-europe.ec.europa.eu/collection/portal/portals-user-reference-guide
https://interoperable-europe.ec.europa.eu/interoperable-europe-support-centre,frequently asked questions,https://interoperable-europe.ec.europa.eu/collection/portal-support/faq
https://interoperable-europe.ec.europa.eu/interoperable-europe-support-centre,how-to documents,https://interoperable-europe.ec.europa.eu/collection/portal/how-articles
https://interoperable-europe.ec.europa.eu/interoperable-europe-support-centre,Discover more,https://interoperable-europe.ec.europa.eu/collection/portal-support
https://interoperable-europe.ec.europa.eu/interoperable-europe-support-centre,Report abusive content,https://interoperable-europe.ec.europa.eu/contact?category=report&uri=/interoperable-europe-support-centre&destination=interoperable-europe-support-centre
https://interoperable-europe.ec.europa.eu/collection/portal-support,News,https://interoperable-europe.ec.europa.eu/collection/portal/portals-news
https://interoperable-europe.ec.europa.eu/collection/portal-support,Events,https://interoperable-europe.ec.europa.eu/collection/portal/portals-events
https://interoperable-europe.ec.europa.eu/collection/portal-support,How to contribute,https://interoperable-europe.ec.europa.eu/collection/portal/welcome
https://interoperable-europe.ec.europa.eu/collection/portal-support,Contact us,https://interoperable-europe.ec.europa.eu/contact
https://interoperable-europe.ec.europa.eu/collection/portal-support,Read more about User Reference Guide,https://interoperable-europe.ec.europa.eu/collection/portal/portals-user-reference-guide
https://interoperable-europe.ec.europa.eu/collection/portal-support,Read more about How-To Articles,https://interoperable-europe.ec.europa.eu/collection/portal/how-articles
https://interoperable-europe.ec.europa.eu/collection/portal-support,Read more about Frequently Asked Questions,https://interoperable-europe.ec.europa.eu/collection/portal-support/faq
https://interoperable-europe.ec.europa.eu/collection/portal-support,Read more about Discussions,https://interoperable-europe.ec.europa.eu/collection/portal-support/discussions
https://interoperable-europe.ec.europa.eu/collection/portal-support,user,https://interoperable-europe.ec.europa.eu/collection/portal-support/glossary/term/user
https://interoperable-europe.ec.europa.eu/collection/portal-support,How-To,https://interoperable-europe.ec.europa.eu/collection/portal-support/glossary/term/how
https://interoperable-europe.ec.europa.eu/collection/portal-support,How to get started on the Portal,https://interoperable-europe.ec.europa.eu/collection/portal/document/how-get-started-portal-homepage
https://interoperable-europe.ec.europa.eu/collection/portal-support,Home Page,https://interoperable-europe.ec.europa.eu/
https://interoperable-europe.ec.europa.eu/collection/portal-support,Advanced Search,https://interoperable-europe.ec.europa.eu/search
https://interoperable-europe.ec.europa.eu/collection/portal-support,How to create content on the Portal,https://interoperable-europe.ec.europa.eu/collection/portal/document/how-create-content-portal
https://interoperable-europe.ec.europa.eu/collection/portal-support,follow,https://interoperable-europe.ec.europa.eu/collection/portal-support/glossary/term/follow
https://interoperable-europe.ec.europa.eu/collection/portal-support,contribution rules,https://interoperable-europe.ec.europa.eu/contribution-rules
https://interoperable-europe.ec.europa.eu/collection/portal-support,How to add an events calendar,https://interoperable-europe.ec.europa.eu/collection/portal/document/how-add-events-calendar-when-designing-content
https://interoperable-europe.ec.europa.eu/collection/portal-support,Interoperability Solutions Catalogue,https://interoperable-europe.ec.europa.eu/interoperable_solutions
https://interoperable-europe.ec.europa.eu/collection/portal-support,EU Open Source Software (OSS) Catalogue,https://interoperable-europe.ec.europa.eu/eu-oss-catalogue
https://interoperable-europe.ec.europa.eu/collection/portal-support,Interoperable Europe Board,https://interoperable-europe.ec.europa.eu/collection/governance-board
https://interoperable-europe.ec.europa.eu/collection/portal-support,Interoperable Europe Monitoring,https://interoperable-europe.ec.europa.eu/collection/iopeu-monitoring
https://interoperable-europe.ec.europa.eu/collection/portal-support,EU digital funding opportunities,https://interoperable-europe.ec.europa.eu/eu-digital-funding-opportunities
https://interoperable-europe.ec.europa.eu/collection/portal-support,interoperability,https://interoperable-europe.ec.europa.eu/collection/portal-support/glossary/term/interoperability
https://interoperable-europe.ec.europa.eu/collection/portal-support,Interoperable Europe Community,https://interoperable-europe.ec.europa.eu/collection/community
https://interoperable-europe.ec.europa.eu/collection/portal-support,"Recommend a solution for the label ""Interoperable Europe Solution""",https://interoperable-europe.ec.europa.eu/interoperable-europe-solutions
https://interoperable-europe.ec.europa.eu/collection/portal-support,Publish an interoperability solution,https://interoperable-europe.ec.europa.eu/collection/portal/document/how-create-solutions-portal
https://interoperable-europe.ec.europa.eu/collection/portal-support,Assessment Guidelines,https://interoperable-europe.ec.europa.eu/collection/assessments/assessment-guidelines
https://interoperable-europe.ec.europa.eu/collection/portal-support,Interoperability Assessment reports,https://interoperable-europe.ec.europa.eu/collection/assessments/assessment-reports
https://interoperable-europe.ec.europa.eu/collection/portal-support,discussion,https://interoperable-europe.ec.europa.eu/collection/portal-support/glossary/term/discussion
https://interoperable-europe.ec.europa.eu/collection/portal-support,Assessment forum,https://interoperable-europe.ec.europa.eu/collection/assessments/assessment-forum
https://interoperable-europe.ec.europa.eu/collection/portal-support,Submit your Interoperability Assessment,https://interoperable-europe.ec.europa.eu/collection/assessments/submission
https://interoperable-europe.ec.europa.eu/collection/portal-support,GovTech,https://interoperable-europe.ec.europa.eu/collection/portal-support/glossary/term/govtech
https://interoperable-europe.ec.europa.eu/collection/portal-support,EU GovTech,https://interoperable-europe.ec.europa.eu/collection/eugovtech
https://interoperable-europe.ec.europa.eu/collection/portal-support,Public Sector Tech Watch,https://interoperable-europe.ec.europa.eu/collection/public-sector-tech-watch
https://interoperable-europe.ec.europa.eu/collection/portal-support,regulatory sandboxes,https://interoperable-europe.ec.europa.eu/collection/interoperability-regulatory-sandboxes
https://interoperable-europe.ec.europa.eu/collection/portal-support,regulatory sandboxes,https://interoperable-europe.ec.europa.eu/collection/interoperability-regulatory-sandboxes/get-involved
https://interoperable-europe.ec.europa.eu/collection/portal-support,cases of emerging technologies,https://interoperable-europe.ec.europa.eu/collection/public-sector-tech-watch/submit-your-case
https://interoperable-europe.ec.europa.eu/collection/portal-support,learning paths,https://interoperable-europe.ec.europa.eu/collection/portal-support/glossary/term/learning-paths
https://interoperable-europe.ec.europa.eu/collection/portal-support,policy briefs,https://interoperable-europe.ec.europa.eu/collection/portal-support/glossary/term/policy-briefs
https://interoperable-europe.ec.europa.eu/collection/portal-support,git,https://interoperable-europe.ec.europa.eu/collection/portal-support/glossary/term/git
https://interoperable-europe.ec.europa.eu/collection/portal-support,IOPEU Academy,https://interoperable-europe.ec.europa.eu/collection/interoperable-europe-academy
https://interoperable-europe.ec.europa.eu/collection/portal-support,Reuse,https://interoperable-europe.ec.europa.eu/collection/portal-support/glossary/term/reuse
https://interoperable-europe.ec.europa.eu/collection/portal-support,IOPEU’s Academy,https://interoperable-europe.ec.europa.eu/collection/interoperable-europe-academy/courses-curriculum
https://interoperable-europe.ec.europa.eu/collection/portal-support,isa,https://interoperable-europe.ec.europa.eu/collection/portal-support/glossary/term/isa
https://interoperable-europe.ec.europa.eu/collection/portal-support,event,https://interoperable-europe.ec.europa.eu/collection/portal-support/glossary/term/event
https://interoperable-europe.ec.europa.eu/collection/portal-support,Interoperable Europe Act,https://eur-lex.europa.eu/legal-content/EN/TXT/HTML/?uri=OJ:L_202400903
https://interoperable-europe.ec.europa.eu/collection/portal-support,Academy,https://interoperable-europe.ec.europa.eu/collection/interoperable-europe-academy/welcome
https://interoperable-europe.ec.europa.eu/collection/portal-support,Interoperability Assessments,https://interoperable-europe.ec.europa.eu/collection/assessments
https://interoperable-europe.ec.europa.eu/collection/portal-support,Interoperability Regulatory Sandboxes,https://interoperable-europe.ec.europa.eu/interoperability-regulatory-sandboxes
https://interoperable-europe.ec.europa.eu/collection/portal-support,,https://interoperable-europe.ec.europa.eu/topic/digital-government/digital-government
https://interoperable-europe.ec.europa.eu/collection/portal-support,,https://interoperable-europe.ec.europa.eu/topic/ict/semantics
https://interoperable-europe.ec.europa.eu/collection/portal-support,,https://interoperable-europe.ec.europa.eu/topic/digital-government/digital-ready-policymaking
https://interoperable-europe.ec.europa.eu/collection/portal-support,,https://interoperable-europe.ec.europa.eu/topic/ict/open-source-software
https://interoperable-europe.ec.europa.eu/collection/portal-support,,https://interoperable-europe.ec.europa.eu/topic/digital-government/observatories
https://interoperable-europe.ec.europa.eu/collection/portal-support,,https://interoperable-europe.ec.europa.eu/topic/ict/reusable-software-components
https://interoperable-europe.ec.europa.eu/collection/portal-support,,https://interoperable-europe.ec.europa.eu/topic/innovation/digital-innovation
https://interoperable-europe.ec.europa.eu/collection/portal-support,,https://interoperable-europe.ec.europa.eu/topic/digital-government/smart-cities
https://interoperable-europe.ec.europa.eu/collection/portal-support,How to engage with existing content on the Portal,https://interoperable-europe.ec.europa.eu/collection/portal/document/how-engage-existing-content-portal
https://interoperable-europe.ec.europa.eu/collection/portal-support,Not sure where to start,https://interoperable-europe.ec.europa.eu/modal/anonymous/vote?destination=/collection/portal-support
https://interoperable-europe.ec.europa.eu/collection/portal-support,Report abusive content,https://interoperable-europe.ec.europa.eu/contact?category=report&uri=/collection/portal-support/welcome&destination=collection/portal-support/welcome
https://interoperable-europe.ec.europa.eu/collection/semic-support-centre,Interoperable Europe Act,https://ec.europa.eu/info/publications/interoperable-europe-act-proposal_en
https://interoperable-europe.ec.europa.eu/collection/semic-support-centre,the Interoperable Europe Community,https://interoperable-europe.ec.europa.eu/collection/community
https://interoperable-europe.ec.europa.eu/collection/semic-support-centre,,https://joinup.ec.europa.eu/collection/semic-support-centre/specifications
https://interoperable-europe.ec.europa.eu/collection/semic-support-centre,Learn more,https://interoperable-europe.ec.europa.eu/collection/semic-support-centre/specifications
https://interoperable-europe.ec.europa.eu/collection/semic-support-centre,,https://joinup.ec.europa.eu/collection/semic-support-centre/pilots
https://interoperable-europe.ec.europa.eu/collection/semic-support-centre,Learn more,https://interoperable-europe.ec.europa.eu/collection/semic-support-centre/pilots
https://interoperable-europe.ec.europa.eu/collection/semic-support-centre,,https://joinup.ec.europa.eu/collection/semic-support-centre/toolkit
https://interoperable-europe.ec.europa.eu/collection/semic-support-centre,Learn more,https://interoperable-europe.ec.europa.eu/collection/semic-support-centre/toolkit
https://interoperable-europe.ec.europa.eu/collection/semic-support-centre,,https://joinup.ec.europa.eu/collection/semic-support-centre/knowledge-hub
https://interoperable-europe.ec.europa.eu/collection/semic-support-centre,Learn more,https://interoperable-europe.ec.europa.eu/collection/semic-support-centre/knowledge-hub
https://interoperable-europe.ec.europa.eu/collection/semic-support-centre,,https://joinup.ec.europa.eu/collection/semic-support-centre/base-registries
https://interoperable-europe.ec.europa.eu/collection/semic-support-centre,Learn more,https://interoperable-europe.ec.europa.eu/collection/semic-support-centre/base-registries
https://interoperable-europe.ec.europa.eu/collection/semic-support-centre,,https://joinup.ec.europa.eu/collection/semic-support-centre/catalogue-services
https://interoperable-europe.ec.europa.eu/collection/semic-support-centre,Learn more,https://interoperable-europe.ec.europa.eu/collection/semic-support-centre/catalogue-services
https://interoperable-europe.ec.europa.eu/collection/semic-support-centre,,https://joinup.ec.europa.eu/collection/semic-support-centre/data-spaces
https://interoperable-europe.ec.europa.eu/collection/semic-support-centre,Learn more,https://interoperable-europe.ec.europa.eu/collection/semic-support-centre/data-spaces
https://interoperable-europe.ec.europa.eu/collection/semic-support-centre,,https://interoperable-europe.ec.europa.eu/collection/semic-support-centre/successful-implementation-dcat-ap-epos-foster-interoperability
https://interoperable-europe.ec.europa.eu/collection/semic-support-centre,Sign in or register to like this content 0,https://interoperable-europe.ec.europa.eu/modal/anonymous/like?destination=/collection/semic-support-centre
https://interoperable-europe.ec.europa.eu/collection/semic-support-centre,,https://interoperable-europe.ec.europa.eu/collection/semic-support-centre/news/semic-assets-recognised-under-interoperable-europe-act
https://interoperable-europe.ec.europa.eu/collection/semic-support-centre,,https://interoperable-europe.ec.europa.eu/collection/semic-support-centre/reliable-cross-border-data-reuse-framework-german-federal-ministry-finance-free-hanseatic-city
https://interoperable-europe.ec.europa.eu/collection/semic-support-centre,,https://interoperable-europe.ec.europa.eu/collection/semic-support-centre/finlands-successful-implementation-eif-principles-interoperability-tools
https://interoperable-europe.ec.europa.eu/collection/semic-support-centre,,https://interoperable-europe.ec.europa.eu/collection/semic-support-centre/enhancing-transparency-and-efficiency-european-unions-unified-approach-short-term-accommodation
https://interoperable-europe.ec.europa.eu/collection/semic-support-centre,,https://interoperable-europe.ec.europa.eu/collection/semic-support-centre/slovakias-successful-implementation-semic-core-vocabularies
https://interoperable-europe.ec.europa.eu/collection/semic-support-centre,,https://interoperable-europe.ec.europa.eu/collection/semic-support-centre/empowering-green-transitions-dg-env-and-semic-collaboration
https://interoperable-europe.ec.europa.eu/collection/semic-support-centre,,https://interoperable-europe.ec.europa.eu/collection/semic-support-centre/commission-starts-tourism-data-journey
https://interoperable-europe.ec.europa.eu/collection/semic-support-centre,,https://interoperable-europe.ec.europa.eu/collection/semic-support-centre/semic-supported-european-union-agency-railways-explore-alert-change-based-ldes-technology-conducting
https://interoperable-europe.ec.europa.eu/collection/semic-support-centre,,https://interoperable-europe.ec.europa.eu/collection/semic-support-centre/flanders-leads-way-datavindplaats
https://interoperable-europe.ec.europa.eu/collection/semic-support-centre,,https://interoperable-europe.ec.europa.eu/collection/semic-support-centre/interoperable-europe-roadshow-greece
https://interoperable-europe.ec.europa.eu/collection/semic-support-centre,,https://interoperable-europe.ec.europa.eu/collection/semic-support-centre/news/interoperable-europe-roadshow-germany
https://interoperable-europe.ec.europa.eu/collection/semic-support-centre,,https://interoperable-europe.ec.europa.eu/collection/semic-support-centre/news/semic-2025-highlights
https://interoperable-europe.ec.europa.eu/collection/semic-support-centre,,https://interoperable-europe.ec.europa.eu/collection/semic-support-centre/news/semic-cnig-workshop-ai-and-geolocated-information
https://interoperable-europe.ec.europa.eu/collection/semic-support-centre,,https://interoperable-europe.ec.europa.eu/collection/semic-support-centre/news/call-public-review-geodcat-ap-310
https://interoperable-europe.ec.europa.eu/collection/semic-support-centre,,https://interoperable-europe.ec.europa.eu/collection/semic-support-centre/news/call-public-review-dcat-ap-reuse-guidelines-100
https://interoperable-europe.ec.europa.eu/collection/semic-support-centre,,https://interoperable-europe.ec.europa.eu/collection/semic-support-centre/participation-semic-team-endorse-conference
https://interoperable-europe.ec.europa.eu/collection/semic-support-centre,,https://interoperable-europe.ec.europa.eu/collection/semic-support-centre/news/roadshow-portugal
https://interoperable-europe.ec.europa.eu/collection/semic-support-centre,,https://interoperable-europe.ec.europa.eu/collection/semic-support-centre/news/analysis-abr-practices
https://interoperable-europe.ec.europa.eu/collection/semic-support-centre,,https://interoperable-europe.ec.europa.eu/collection/semic-support-centre/news/linked-data-event-streams-ldes-data-aggregation
https://interoperable-europe.ec.europa.eu/collection/semic-support-centre,,https://interoperable-europe.ec.europa.eu/collection/semic-support-centre/navigating-tooling-landscape-semantic-interoperability
https://interoperable-europe.ec.europa.eu/collection/semic-support-centre,,https://interoperable-europe.ec.europa.eu/collection/semic-support-centre/one-source-many-services-how-finland-streamlined-public-service-descriptions-cpsv-ap
https://interoperable-europe.ec.europa.eu/collection/semic-support-centre,,https://interoperable-europe.ec.europa.eu/collection/semic-support-centre/europeana-pilots-ldes-modernise-cultural-heritage-data-sharing-across-europe
https://interoperable-europe.ec.europa.eu/collection/semic-support-centre,,https://interoperable-europe.ec.europa.eu/collection/semic-support-centre/insights-applying-graphrag-semantic-interoperability
https://interoperable-europe.ec.europa.eu/collection/semic-support-centre,,https://interoperable-europe.ec.europa.eu/collection/semic-support-centre/harmonising-transport-data-critical-domain-mobilitydcat-ap
https://interoperable-europe.ec.europa.eu/collection/semic-support-centre,,https://interoperable-europe.ec.europa.eu/collection/semic-support-centre/news/new-unified-semic-validator-community-usage-insights
https://interoperable-europe.ec.europa.eu/collection/semic-support-centre,,https://interoperable-europe.ec.europa.eu/collection/semic-support-centre/dcat-ap-reuse-guidelines-building-profiles-right-way
https://interoperable-europe.ec.europa.eu/collection/semic-support-centre,,https://interoperable-europe.ec.europa.eu/collection/semic-support-centre/unlocking-interoperability-your-guide-semic-core-vocabularies-handbook
https://interoperable-europe.ec.europa.eu/collection/semic-support-centre,,https://interoperable-europe.ec.europa.eu/collection/semic-support-centre/driving-semantic-interoperability-convergence-semic-semantic-registry
https://interoperable-europe.ec.europa.eu/collection/semic-support-centre,,https://interoperable-europe.ec.europa.eu/collection/semic-support-centre/mldcat-ap-semantic-foundation-ai-act-transparency-and-compliance
https://interoperable-europe.ec.europa.eu/collection/semic-support-centre,Join the SEMIC mailing list,https://ec.europa.eu/eusurvey/runner/SEMICmailinglist
https://interoperable-europe.ec.europa.eu/collection/semic-support-centre,Issues,https://github.com/SEMICeu/Core-Location-Vocabulary/issues
https://interoperable-europe.ec.europa.eu/collection/semic-support-centre,"Confusion around the current ""serializations...",https://github.com/SEMICeu/Core-Location-Vocabulary/issues/45
https://interoperable-europe.ec.europa.eu/collection/semic-support-centre,Add an example of how to instanciate locn:Geometry,https://github.com/SEMICeu/Core-Location-Vocabulary/issues/44
https://interoperable-europe.ec.europa.eu/collection/semic-support-centre,Issues,https://github.com/SEMICeu/CPSV-AP/issues
https://interoperable-europe.ec.europa.eu/collection/semic-support-centre,Please include XMI and SVG versions of the...,https://github.com/SEMICeu/CPSV-AP/issues/147
https://interoperable-europe.ec.europa.eu/collection/semic-support-centre,Updated redirection for purl.org/vocab/cpsv#,https://github.com/SEMICeu/CPSV-AP/issues/146
https://interoperable-europe.ec.europa.eu/collection/semic-support-centre,Issues,https://github.com/SEMICeu/Core-Business-Vocabulary/issues
https://interoperable-europe.ec.europa.eu/collection/semic-support-centre,Versionless URL for the Core Vocabulary...,https://github.com/SEMICeu/Core-Business-Vocabulary/issues/64
https://interoperable-europe.ec.europa.eu/collection/semic-support-centre,Fix broken latestVersion URL in 2.2.0 index.html,https://github.com/SEMICeu/Core-Business-Vocabulary/pull/63
https://interoperable-europe.ec.europa.eu/collection/semic-support-centre,Issues,https://github.com/SEMICeu/Core-Public-Event-Vocabulary/issues
https://interoperable-europe.ec.europa.eu/collection/semic-support-centre,UML consistency,https://github.com/SEMICeu/Core-Public-Event-Vocabulary/issues/27
https://interoperable-europe.ec.europa.eu/collection/semic-support-centre,[RDF] Properties missing in the RDF representation,https://github.com/SEMICeu/Core-Public-Event-Vocabulary/issues/26
https://interoperable-europe.ec.europa.eu/collection/semic-support-centre,Issues,https://github.com/SEMICeu/DCAT-AP/issues
https://interoperable-europe.ec.europa.eu/collection/semic-support-centre,Uniqueness of format/media type for distribution,https://github.com/SEMICeu/DCAT-AP/issues/498
https://interoperable-europe.ec.europa.eu/collection/semic-support-centre,DCAT-AP-HVD 3.0.1: License Document properties,https://github.com/SEMICeu/DCAT-AP/issues/497
https://interoperable-europe.ec.europa.eu/collection/semic-support-centre,Issues,https://github.com/SEMICeu/ADMS/issues
https://interoperable-europe.ec.europa.eu/collection/semic-support-centre,Additional license types ?,https://github.com/SEMICeu/ADMS/issues/20
https://interoperable-europe.ec.europa.eu/collection/semic-support-centre,document the recommended usage for adms:Identifier,https://github.com/SEMICeu/ADMS/issues/19
https://interoperable-europe.ec.europa.eu/collection/semic-support-centre,Issues,https://github.com/SEMICeu/LinkedDataEventStreams/issues
https://interoperable-europe.ec.europa.eu/collection/semic-support-centre,Have separate client algorithms in different...,https://github.com/SEMICeu/LinkedDataEventStreams/issues/115
https://interoperable-europe.ec.europa.eu/collection/semic-support-centre,Jelly RDF support in LDES through RDF Messages,https://github.com/SEMICeu/LinkedDataEventStreams/issues/94
https://interoperable-europe.ec.europa.eu/collection/semic-support-centre,Issues,https://github.com/SEMICeu/BregDCAT-AP/issues
https://interoperable-europe.ec.europa.eu/collection/semic-support-centre,How to find all datasets implementing Core...,https://github.com/SEMICeu/BregDCAT-AP/issues/4
https://interoperable-europe.ec.europa.eu/collection/semic-support-centre,"Is ""Public Registry Service"" defined in BRegDCAT...",https://github.com/SEMICeu/BregDCAT-AP/issues/3
https://interoperable-europe.ec.europa.eu/collection/semic-support-centre,Issues,https://github.com/SEMICeu/CPOV/issues
https://interoperable-europe.ec.europa.eu/collection/semic-support-centre,Incompatible definition for ReferenceFramework a...,https://github.com/SEMICeu/CPOV/issues/36
https://interoperable-europe.ec.europa.eu/collection/semic-support-centre,m8g:hasFormalFramework is missing in the m8g ttl,https://github.com/SEMICeu/CPOV/issues/35
https://interoperable-europe.ec.europa.eu/collection/semic-support-centre,Report abusive content,https://interoperable-europe.ec.europa.eu/contact?category=report&uri=/collection/semic-support-centre/welcome&destination=collection/semic-support-centre/welcome
https://interoperable-europe.ec.europa.eu/collection/open-source-observatory-osor,,https://digital-strategy.ec.europa.eu/en/policies/open-source-strategy
https://interoperable-europe.ec.europa.eu/collection/open-source-observatory-osor,European Tech Sovereignty Package,https://digital-strategy.ec.europa.eu/en/library/communication-european-tech-sovereignty-accompanied-eu-open-source-strategy
https://interoperable-europe.ec.europa.eu/collection/open-source-observatory-osor,,https://joinup.ec.europa.eu/collection/open-source-observatory-osor/knowledge-centre
https://interoperable-europe.ec.europa.eu/collection/open-source-observatory-osor,,https://joinup.ec.europa.eu/collection/open-source-observatory-osor/ospos-oss-governance
https://interoperable-europe.ec.europa.eu/collection/open-source-observatory-osor,,https://joinup.ec.europa.eu/collection/open-source-observatory-osor/open-source-cities-and-regions
https://interoperable-europe.ec.europa.eu/collection/open-source-observatory-osor,,https://joinup.ec.europa.eu/collection/open-source-observatory-osor/interactive-resource-map
https://interoperable-europe.ec.europa.eu/collection/open-source-observatory-osor,,https://joinup.ec.europa.eu/collection/open-source-observatory-osor/osor-newsletters
https://interoperable-europe.ec.europa.eu/collection/open-source-observatory-osor,,https://interoperable-europe.ec.europa.eu/collection/open-source-observatory-osor/osor-events
https://interoperable-europe.ec.europa.eu/collection/open-source-observatory-osor,All news,https://joinup.ec.europa.eu/collection/open-source-observatory-osor/news-events
https://interoperable-europe.ec.europa.eu/collection/open-source-observatory-osor,,https://interoperable-europe.ec.europa.eu/collection/open-source-observatory-osor/news/ferrara-adopted-vision-transforms-data-common-good
https://interoperable-europe.ec.europa.eu/collection/open-source-observatory-osor,Sign in or register to like this content 0,https://interoperable-europe.ec.europa.eu/modal/anonymous/like?destination=/collection/open-source-observatory-osor
https://interoperable-europe.ec.europa.eu/collection/open-source-observatory-osor,,https://interoperable-europe.ec.europa.eu/collection/open-source-observatory-osor/news/special-edition-ioe-newsletter-open-source-september-2026
https://interoperable-europe.ec.europa.eu/collection/open-source-observatory-osor,,https://interoperable-europe.ec.europa.eu/collection/open-source-observatory-osor/news/switzerland-releases-updated-study-and-launches-new-programme
https://interoperable-europe.ec.europa.eu/collection/open-source-observatory-osor,,https://interoperable-europe.ec.europa.eu/collection/open-source-observatory-osor/news/cape-town-uses-open-source-software-improve-service-delivery
https://interoperable-europe.ec.europa.eu/collection/open-source-observatory-osor,,https://interoperable-europe.ec.europa.eu/collection/open-source-observatory-osor/news/public-code-observatory-launches-during-un-open-source-week
https://interoperable-europe.ec.europa.eu/collection/open-source-observatory-osor,,https://interoperable-europe.ec.europa.eu/collection/open-source-observatory-osor/news/switzerland-2026-country-report
https://interoperable-europe.ec.europa.eu/collection/open-source-observatory-osor,,https://interoperable-europe.ec.europa.eu/collection/ec-ospo/news/securing-corporate-iphones
https://interoperable-europe.ec.europa.eu/collection/open-source-observatory-osor,,https://interoperable-europe.ec.europa.eu/collection/open-source-observatory-osor/news/mecklenburg-vorpommern-transitions-open-source
https://interoperable-europe.ec.europa.eu/collection/open-source-observatory-osor,,https://interoperable-europe.ec.europa.eu/collection/open-source-observatory-osor/news/luxembourg-uses-open-source-test-ai-trustworthiness
https://interoperable-europe.ec.europa.eu/collection/open-source-observatory-osor,,https://interoperable-europe.ec.europa.eu/collection/open-source-observatory-osor/news/new-bulgarian-platform-detailing-public-procurement-contracts
https://interoperable-europe.ec.europa.eu/collection/open-source-observatory-osor,,https://interoperable-europe.ec.europa.eu/collection/open-source-observatory-osor/news/undp-and-github-help-ghana-assess-open-source-readiness
https://interoperable-europe.ec.europa.eu/collection/open-source-observatory-osor,,https://interoperable-europe.ec.europa.eu/collection/open-source-observatory-osor/news/special-edition-ioe-newsletter-open-source-july-2026
https://interoperable-europe.ec.europa.eu/collection/open-source-observatory-osor,All events,https://joinup.ec.europa.eu/collection/open-source-observatory-osor/news-events?f%5B0%5D=content_listing_type%3Aevent
https://interoperable-europe.ec.europa.eu/collection/open-source-observatory-osor,,https://interoperable-europe.ec.europa.eu/collection/open-source-observatory-osor/event/eu-open-source-policy-summit-2027
https://interoperable-europe.ec.europa.eu/collection/open-source-observatory-osor,,https://interoperable-europe.ec.europa.eu/collection/open-source-observatory-osor/event/fosscomm-2026
https://interoperable-europe.ec.europa.eu/collection/open-source-observatory-osor,,https://interoperable-europe.ec.europa.eu/collection/open-source-observatory-osor/event/open-open-2026
https://interoperable-europe.ec.europa.eu/collection/open-source-observatory-osor,,https://interoperable-europe.ec.europa.eu/collection/open-source-observatory-osor/event/open-source-observability-day-2026
https://interoperable-europe.ec.europa.eu/collection/open-source-observatory-osor,,https://interoperable-europe.ec.europa.eu/collection/open-source-observatory-osor/event/open-technology-research-otr-symposium-2026
https://interoperable-europe.ec.europa.eu/collection/open-source-observatory-osor,,https://interoperable-europe.ec.europa.eu/collection/open-source-observatory-osor/event/openfest-2026
https://interoperable-europe.ec.europa.eu/collection/open-source-observatory-osor,,https://interoperable-europe.ec.europa.eu/collection/open-source-observatory-osor/event/linux-foundation-open-source-summit-europe-2026
https://interoperable-europe.ec.europa.eu/collection/open-source-observatory-osor,,https://interoperable-europe.ec.europa.eu/collection/open-source-observatory-osor/event/mindtrek-conference-2026
https://interoperable-europe.ec.europa.eu/collection/open-source-observatory-osor,,https://interoperable-europe.ec.europa.eu/collection/open-source-observatory-osor/event/open-source-conference-luxembourg-2026
https://interoperable-europe.ec.europa.eu/collection/open-source-observatory-osor,,https://interoperable-europe.ec.europa.eu/collection/open-source-observatory-osor/event/join-osor-webinar-public-administrations-and-eu-open-source-strategy-24-september
https://interoperable-europe.ec.europa.eu/collection/open-source-observatory-osor,,https://interoperable-europe.ec.europa.eu/collection/open-source-observatory-osor/event/capital-series-ireland-open-source-and-european-union
https://interoperable-europe.ec.europa.eu/collection/open-source-observatory-osor,,https://interoperable-europe.ec.europa.eu/collection/open-source-observatory-osor/event/froscon-2026
https://interoperable-europe.ec.europa.eu/collection/open-source-observatory-osor,Report abusive content,https://interoperable-europe.ec.europa.eu/contact?category=report&uri=/collection/open-source-observatory-osor/about-osor&destination=collection/open-source-observatory-osor/about-osor
https://interoperable-europe.ec.europa.eu/collection/iopeu-monitoring/european-interoperability-framework-detail,,https://interoperable-europe.ec.europa.eu/node/701935
https://interoperable-europe.ec.europa.eu/collection/iopeu-monitoring/european-interoperability-framework-detail,European Interoperability Framework (EIF),https://ec.europa.eu/isa2/eif_en
https://interoperable-europe.ec.europa.eu/collection/iopeu-monitoring/european-interoperability-framework-detail,interoperability,https://interoperable-europe.ec.europa.eu/collection/iopeu-monitoring/glossary/term/interoperability
https://interoperable-europe.ec.europa.eu/collection/iopeu-monitoring/european-interoperability-framework-detail,European public service,https://interoperable-europe.ec.europa.eu/collection/iopeu-monitoring/glossary/term/european-public-service
https://interoperable-europe.ec.europa.eu/collection/iopeu-monitoring/european-interoperability-framework-detail,integrated public services,https://interoperable-europe.ec.europa.eu/collection/iopeu-monitoring/glossary/term/integrated-public-services
https://interoperable-europe.ec.europa.eu/collection/iopeu-monitoring/european-interoperability-framework-detail,1. Introduction,https://joinup.ec.europa.eu/collection/nifo-national-interoperability-framework-observatory/1-introduction
https://interoperable-europe.ec.europa.eu/collection/iopeu-monitoring/european-interoperability-framework-detail,1.1 Definitions,https://interoperable-europe.ec.europa.eu/collection/nifo-national-interoperability-framework-observatory/1-introduction
https://interoperable-europe.ec.europa.eu/collection/iopeu-monitoring/european-interoperability-framework-detail,2. Underlying principles of European public services,https://joinup.ec.europa.eu/collection/nifo-national-interoperability-framework-observatory/2-underlying-principles-european-public-services
https://interoperable-europe.ec.europa.eu/collection/iopeu-monitoring/european-interoperability-framework-detail,2.1 Introduction,https://interoperable-europe.ec.europa.eu/collection/nifo-national-interoperability-framework-observatory/2-underlying-principles-european-public-services
https://interoperable-europe.ec.europa.eu/collection/iopeu-monitoring/european-interoperability-framework-detail,3. Interoperability layers,https://joinup.ec.europa.eu/collection/nifo-national-interoperability-framework-observatory/3-interoperability-layers
https://interoperable-europe.ec.europa.eu/collection/iopeu-monitoring/european-interoperability-framework-detail,3.1 Interoperability governance,https://interoperable-europe.ec.europa.eu/collection/nifo-national-interoperability-framework-observatory/3-interoperability-layers
https://interoperable-europe.ec.europa.eu/collection/iopeu-monitoring/european-interoperability-framework-detail,4. The conceptual model for integrated public services provision,https://joinup.ec.europa.eu/collection/nifo-national-interoperability-framework-observatory/4-conceptual-model-integrated-public-services-provision
https://interoperable-europe.ec.europa.eu/collection/iopeu-monitoring/european-interoperability-framework-detail,4.1 Introduction,https://interoperable-europe.ec.europa.eu/collection/nifo-national-interoperability-framework-observatory/4-conceptual-model-integrated-public-services-provision
https://interoperable-europe.ec.europa.eu/collection/iopeu-monitoring/european-interoperability-framework-detail,5. Conclusion,https://joinup.ec.europa.eu/collection/nifo-national-interoperability-framework-observatory/5-conclusion
https://interoperable-europe.ec.europa.eu/collection/iopeu-monitoring/european-interoperability-framework-detail,6. Annex,https://joinup.ec.europa.eu/collection/nifo-national-interoperability-framework-observatory/6-annex
https://interoperable-europe.ec.europa.eu/collection/iopeu-monitoring/european-interoperability-framework-detail,6.1 Abbreviations,https://interoperable-europe.ec.europa.eu/collection/nifo-national-interoperability-framework-observatory/6-annex
https://interoperable-europe.ec.europa.eu/collection/iopeu-monitoring/european-interoperability-framework-detail,References,https://joinup.ec.europa.eu/collection/nifo-national-interoperability-framework-observatory/references
https://interoperable-europe.ec.europa.eu/collection/iopeu-monitoring/european-interoperability-framework-detail,Report abusive content,https://interoperable-europe.ec.europa.eu/contact?category=report&uri=/collection/iopeu-monitoring/european-interoperability-framework-detail&destination=collection/iopeu-monitoring/european-interoperability-framework-detail
https://interoperable-europe.ec.europa.eu/collection/iopeu-monitoring,2025 Digital Public Administration Factsheets,https://interoperable-europe.ec.europa.eu/collection/iopeu-monitoring/digital-public-administration-factsheets-2025
https://interoperable-europe.ec.europa.eu/collection/iopeu-monitoring,2025 Annual Report on Interoperability in the Union,https://interoperable-europe.ec.europa.eu/collection/iopeu-monitoring/eu-monitoring-reports
https://interoperable-europe.ec.europa.eu/collection/iopeu-monitoring,The European Interoperability Framework (EIF),https://interoperable-europe.ec.europa.eu/collection/iopeu-monitoring/european-interoperability-framework-detail
https://interoperable-europe.ec.europa.eu/collection/iopeu-monitoring,,https://interoperable-europe.ec.europa.eu/collection/iopeu-monitoring/policy-context-draft
https://interoperable-europe.ec.europa.eu/collection/iopeu-monitoring,,https://interoperable-europe.ec.europa.eu/collection/iopeu-monitoring/knowledge-centre-draft
https://interoperable-europe.ec.europa.eu/collection/iopeu-monitoring,,https://interoperable-europe.ec.europa.eu/collection/iopeu-monitoring/monitoring-toolbox-draft
https://interoperable-europe.ec.europa.eu/collection/iopeu-monitoring,Interoperable Europe Act,https://interoperable-europe.ec.europa.eu/interoperable-europe/interoperable-europe-act
https://interoperable-europe.ec.europa.eu/collection/iopeu-monitoring,European Interoperability Framework (EIF),https://interoperable-europe.ec.europa.eu/collection/iopeu-monitoring/european-interoperability-framework-eif-draft
https://interoperable-europe.ec.europa.eu/collection/iopeu-monitoring,monitoring proposal,https://publications.jrc.ec.europa.eu/repository/handle/JRC139188
https://interoperable-europe.ec.europa.eu/collection/iopeu-monitoring,,https://interoperable-europe.ec.europa.eu/interoperable-europe/news/commission-publishes-first-annual-report-interoperability
https://interoperable-europe.ec.europa.eu/collection/iopeu-monitoring,Sign in or register to like this content 1,https://interoperable-europe.ec.europa.eu/modal/anonymous/like?destination=/collection/iopeu-monitoring
https://interoperable-europe.ec.europa.eu/collection/iopeu-monitoring,,https://interoperable-europe.ec.europa.eu/collection/iopeu-monitoring/news/publication-2025-digital-public-administration-factsheets
https://interoperable-europe.ec.europa.eu/collection/iopeu-monitoring,,https://interoperable-europe.ec.europa.eu/collection/iopeu-monitoring/news/finland-and-portugal-best-practice-exchange-base-registries
https://interoperable-europe.ec.europa.eu/collection/iopeu-monitoring,,https://interoperable-europe.ec.europa.eu/collection/portal-support/news/julys-highlighted-content-and-updates-portal
https://interoperable-europe.ec.europa.eu/collection/iopeu-monitoring,,https://interoperable-europe.ec.europa.eu/collection/iopeu-monitoring/news/deep-dive-interoperable-europe-monitoring-mechanism
https://interoperable-europe.ec.europa.eu/collection/iopeu-monitoring,,https://interoperable-europe.ec.europa.eu/collection/iopeu-monitoring/document/interoperable-europe-act-proposed-monitoring-framework
https://interoperable-europe.ec.europa.eu/collection/iopeu-monitoring,,https://interoperable-europe.ec.europa.eu/collection/iopeu-monitoring/news/iopeu-roadshow-netherlands
https://interoperable-europe.ec.europa.eu/collection/iopeu-monitoring,,https://interoperable-europe.ec.europa.eu/collection/community/news/interoperable-europe-community-has-been-launched
https://interoperable-europe.ec.europa.eu/collection/iopeu-monitoring,,https://interoperable-europe.ec.europa.eu/collection/semic-support-centre/news/roadshow-portugal
https://interoperable-europe.ec.europa.eu/collection/iopeu-monitoring,,https://interoperable-europe.ec.europa.eu/collection/iopeu-monitoring/news/discover-key-takeaways-latest-roadshows
https://interoperable-europe.ec.europa.eu/collection/iopeu-monitoring,Report abusive content,https://interoperable-europe.ec.europa.eu/contact?category=report&uri=/collection/iopeu-monitoring/overview&destination=collection/iopeu-monitoring/overview
https://interoperable-europe.ec.europa.eu/collection/public-sector-tech-watch,,https://interoperable-europe.ec.europa.eu/collection/eugovtech
https://interoperable-europe.ec.europa.eu/collection/public-sector-tech-watch,Interoperability Regulatory Sandbox Hub,https://interoperable-europe.ec.europa.eu/collection/interoperability-regulatory-sandboxes
https://interoperable-europe.ec.europa.eu/collection/public-sector-tech-watch,PSTW webinar series,https://interoperable-europe.ec.europa.eu/collection/public-sector-tech-watch/pstw-webinar-series
https://interoperable-europe.ec.europa.eu/collection/public-sector-tech-watch,Apply AI Strategy,https://digital-strategy.ec.europa.eu/en/policies/apply-ai
https://interoperable-europe.ec.europa.eu/collection/public-sector-tech-watch,AI Toolbox,https://interoperable-europe.ec.europa.eu/collection/ai-public-sector/welcome
https://interoperable-europe.ec.europa.eu/collection/public-sector-tech-watch,AI Act Service Desk,https://ai-act-service-desk.ec.europa.eu/en
https://interoperable-europe.ec.europa.eu/collection/public-sector-tech-watch,Justice IT Toolbox,https://interoperable-europe.ec.europa.eu/collection/it-ai-justice-toolbox
https://interoperable-europe.ec.europa.eu/collection/public-sector-tech-watch,PSTW Cases Viewer,https://interoperable-europe.ec.europa.eu/collection/public-sector-tech-watch/cases-viewer-statistics
https://interoperable-europe.ec.europa.eu/collection/public-sector-tech-watch,GenAI4PA Dashboard,https://interoperable-europe.ec.europa.eu/collection/public-sector-tech-watch/genai4pa
https://interoperable-europe.ec.europa.eu/collection/public-sector-tech-watch,Knowledge centre,https://interoperable-europe.ec.europa.eu/collection/public-sector-tech-watch/knowledge-centre
https://interoperable-europe.ec.europa.eu/collection/public-sector-tech-watch,Success stories and experts' opinions,https://interoperable-europe.ec.europa.eu/collection/public-sector-tech-watch/expert-voices-and-stories
https://interoperable-europe.ec.europa.eu/collection/public-sector-tech-watch,News and events,https://interoperable-europe.ec.europa.eu/collection/public-sector-tech-watch/news-events
https://interoperable-europe.ec.europa.eu/collection/public-sector-tech-watch,Submit Your Case tool,https://interoperable-europe.ec.europa.eu/form/submit-your-case
https://interoperable-europe.ec.europa.eu/collection/public-sector-tech-watch,Best Cases Award 2026,https://interoperable-europe.ec.europa.eu/collection/public-sector-tech-watch/best-cases-award-2026-edition
https://interoperable-europe.ec.europa.eu/collection/public-sector-tech-watch,Contact Us,https://interoperable-europe.ec.europa.eu/collection/public-sector-tech-watch/contact
https://interoperable-europe.ec.europa.eu/collection/public-sector-tech-watch,Report abusive content,https://interoperable-europe.ec.europa.eu/contact?category=report&uri=/collection/public-sector-tech-watch/welcome-page&destination=collection/public-sector-tech-watch/welcome-page
https://interoperable-europe.ec.europa.eu/collection/eugovtech,,https://interoperable-europe.ec.europa.eu/collection/public-sector-tech-watch
https://interoperable-europe.ec.europa.eu/collection/eugovtech,PSTW webinar series,https://interoperable-europe.ec.europa.eu/collection/public-sector-tech-watch/pstw-webinar-series
https://interoperable-europe.ec.europa.eu/collection/eugovtech,,https://interoperable-europe.ec.europa.eu/form/submit-your-start-up
https://interoperable-europe.ec.europa.eu/collection/eugovtech,,https://interoperable-europe.ec.europa.eu/collection/eugovtech/govtech-atlas
https://interoperable-europe.ec.europa.eu/collection/eugovtech,GovTech Atlas,https://interoperable-europe.ec.europa.eu/collection/eugovtech/govtech-atlas-explore-initiatives-and-startups
https://interoperable-europe.ec.europa.eu/collection/eugovtech,Knowledge centre,https://interoperable-europe.ec.europa.eu/collection/eugovtech/knowledge-centre
https://interoperable-europe.ec.europa.eu/collection/eugovtech,,https://interoperable-europe.ec.europa.eu/collection/eugovtech/govtech4all
https://interoperable-europe.ec.europa.eu/collection/eugovtech,Submit your EU GovTech Company,https://interoperable-europe.ec.europa.eu/collection/eugovtech/submit-your-eu-govtech-company
https://interoperable-europe.ec.europa.eu/collection/eugovtech,,https://interoperable-europe.ec.europa.eu/collection/eugovtech/news-events
https://interoperable-europe.ec.europa.eu/collection/eugovtech,Report abusive content,https://interoperable-europe.ec.europa.eu/contact?category=report&uri=/collection/eugovtech/welcome-eu-govtech&destination=collection/eugovtech/welcome-eu-govtech
https://interoperable-europe.ec.europa.eu/collection/interoperability-architecture-solutions,,https://joinup.ec.europa.eu/interoperable-europe
https://interoperable-europe.ec.europa.eu/collection/interoperability-architecture-solutions,Interoperable Europe Act,https://eur-lex.europa.eu/eli/reg/2024/903/oj
https://interoperable-europe.ec.europa.eu/collection/interoperability-architecture-solutions,ISA²,http://ec.europa.eu/isa/actions/index_en.htm
https://interoperable-europe.ec.europa.eu/collection/interoperability-architecture-solutions,Digital Europe Programme (DEP),https://digital-strategy.ec.europa.eu/en/activities/digital-programme
https://interoperable-europe.ec.europa.eu/collection/interoperability-architecture-solutions,European Interoperability Framework (EIF),https://ec.europa.eu/isa2/eif_en/
https://interoperable-europe.ec.europa.eu/collection/interoperability-architecture-solutions,here,https://joinup.ec.europa.eu/collection/european-interoperability-reference-architecture-eira/solution/eira
https://interoperable-europe.ec.europa.eu/collection/interoperability-architecture-solutions,6.1.0,https://joinup.ec.europa.eu/collection/european-interoperability-reference-architecture-eira/solution/eira/release/610
https://interoperable-europe.ec.europa.eu/collection/interoperability-architecture-solutions,,https://interoperable-europe.ec.europa.eu/collection/european-interoperability-reference-architecture-eira/solution/eira
https://interoperable-europe.ec.europa.eu/collection/interoperability-architecture-solutions,,https://interoperable-europe.ec.europa.eu/collection/european-interoperability-reference-architecture-eira/solution/egovera/welcome
https://interoperable-europe.ec.europa.eu/collection/interoperability-architecture-solutions,6.1.0,https://interoperable-europe.ec.europa.eu/collection/european-interoperability-reference-architecture-eira/solution/egovera/release/610
https://interoperable-europe.ec.europa.eu/collection/interoperability-architecture-solutions,,https://interoperable-europe.ec.europa.eu/collection/common-assessment-method-standards-and-specifications-camss
https://interoperable-europe.ec.europa.eu/collection/interoperability-architecture-solutions,ELIS,https://interoperable-europe.ec.europa.eu/collection/common-assessment-method-standards-and-specifications-camss/solution/elis
https://interoperable-europe.ec.europa.eu/collection/interoperability-architecture-solutions,ELAP,https://interoperable-europe.ec.europa.eu/collection/common-assessment-method-standards-and-specifications-camss/solution/elap
https://interoperable-europe.ec.europa.eu/collection/interoperability-architecture-solutions,,https://interoperable-europe.ec.europa.eu/collection/interoperability-test-bed-repository/solution/interoperability-test-bed
https://interoperable-europe.ec.europa.eu/collection/interoperability-architecture-solutions,,https://interoperable-europe.ec.europa.eu/collection/interoperability-maturity-tools-imts-digital-public-services
https://interoperable-europe.ec.europa.eu/collection/interoperability-architecture-solutions,Solutions for Interoperability Architecture,https://joinup.ec.europa.eu/collection/european-interoperability-reference-architecture-eira/solutions-interoperability-architecture
https://interoperable-europe.ec.europa.eu/collection/interoperability-architecture-solutions,success stories,https://interoperable-europe.ec.europa.eu/collection/european-interoperability-reference-architecture-eira/successful-stories
https://interoperable-europe.ec.europa.eu/collection/interoperability-architecture-solutions,our courses,https://interoperable-europe.ec.europa.eu/collection/european-interoperability-reference-architecture-eira/learning-resources
https://interoperable-europe.ec.europa.eu/collection/interoperability-architecture-solutions,guidelines,https://interoperable-europe.ec.europa.eu/collection/european-interoperability-reference-architecture-eira/interoperability-architecture-guidelines
https://interoperable-europe.ec.europa.eu/collection/interoperability-architecture-solutions,Interoperable Europe initiative on X,https://twitter.com/interoperableeu?lang=es
https://interoperable-europe.ec.europa.eu/collection/interoperability-architecture-solutions,LinkedIn,https://www.linkedin.com/groups/12907049/
https://interoperable-europe.ec.europa.eu/collection/interoperability-architecture-solutions,,https://interoperable-europe.ec.europa.eu/collection/interoperability-architecture-solutions/news/explore-ioparch-suggestions-summer
https://interoperable-europe.ec.europa.eu/collection/interoperability-architecture-solutions,Sign in or register to like this content 0,https://interoperable-europe.ec.europa.eu/modal/anonymous/like?destination=/collection/interoperability-architecture-solutions
https://interoperable-europe.ec.europa.eu/collection/interoperability-architecture-solutions,,https://interoperable-europe.ec.europa.eu/collection/interoperability-architecture-solutions/news/explore-interoperability-architecture-solutions-success-stories
https://interoperable-europe.ec.europa.eu/collection/interoperability-architecture-solutions,,https://interoperable-europe.ec.europa.eu/collection/interoperability-architecture-solutions/news/dg-eac-and-digit-strengthen-interoperability-education
https://interoperable-europe.ec.europa.eu/collection/interoperability-architecture-solutions,,https://interoperable-europe.ec.europa.eu/collection/interoperability-architecture-solutions/news/dg-taxud-and-digit-strengthen-tax-systems-interoperability
https://interoperable-europe.ec.europa.eu/collection/interoperability-architecture-solutions,,https://interoperable-europe.ec.europa.eu/collection/interoperability-architecture-solutions/news/dg-taxud-and-digit-cooperating-interoperable-tax-systems
https://interoperable-europe.ec.europa.eu/collection/interoperability-architecture-solutions,,https://interoperable-europe.ec.europa.eu/collection/interoperability-architecture-solutions/solution/govstack
https://interoperable-europe.ec.europa.eu/collection/interoperability-architecture-solutions,,https://interoperable-europe.ec.europa.eu/collection/interoperability-architecture-solutions/solution/unified-service-management-usm-method
https://interoperable-europe.ec.europa.eu/collection/interoperability-architecture-solutions,,https://interoperable-europe.ec.europa.eu/collection/interoperability-architecture-solutions/news/digit-and-myhealthmyhands-cooperate-secure-health-management
https://interoperable-europe.ec.europa.eu/collection/interoperability-architecture-solutions,,https://interoperable-europe.ec.europa.eu/collection/interoperability-architecture-solutions/news/digit-and-myhealthmyhands-cooperating-health-data-exchange
https://interoperable-europe.ec.europa.eu/collection/interoperability-architecture-solutions,,https://interoperable-europe.ec.europa.eu/collection/digital-ready-policymaking/event/drpm-webinar-mosaico-portugals-model-designing-digital-public-services
https://interoperable-europe.ec.europa.eu/collection/interoperability-architecture-solutions,,https://interoperable-europe.ec.europa.eu/collection/interoperability-architecture-solutions/event/interoperable-europe-academy-seasonal-school-2026-join-interoperability-architecture-solutions-team
https://interoperable-europe.ec.europa.eu/collection/interoperability-architecture-solutions,,https://interoperable-europe.ec.europa.eu/collection/interoperability-architecture-solutions/news-and-events
https://interoperable-europe.ec.europa.eu/collection/interoperability-architecture-solutions,Report abusive content,https://interoperable-europe.ec.europa.eu/contact?category=report&uri=/collection/interoperability-architecture-solutions/welcome&destination=collection/interoperability-architecture-solutions/welcome
https://interoperable-europe.ec.europa.eu/collection/interoperability-regulatory-sandboxes,Interoperable Europe Act,https://eur-lex.europa.eu/eli/reg/2024/903/oj/eng
https://interoperable-europe.ec.europa.eu/collection/interoperability-regulatory-sandboxes,Read more about Explore IOP regulatory sandboxes,https://interoperable-europe.ec.europa.eu/collection/interoperability-regulatory-sandboxes/explore-iop-regulatory-sandboxes
https://interoperable-europe.ec.europa.eu/collection/interoperability-regulatory-sandboxes,Read more about Get involved,https://interoperable-europe.ec.europa.eu/collection/interoperability-regulatory-sandboxes/get-involved
https://interoperable-europe.ec.europa.eu/collection/interoperability-regulatory-sandboxes,Read more about Know more,https://interoperable-europe.ec.europa.eu/collection/interoperability-regulatory-sandboxes/know-more
https://interoperable-europe.ec.europa.eu/collection/interoperability-regulatory-sandboxes,Contact Us,https://interoperable-europe.ec.europa.eu/contact?destination=/collection/interoperability-regulatory-sandboxes/explore
https://interoperable-europe.ec.europa.eu/collection/interoperability-regulatory-sandboxes,Report abusive content,https://interoperable-europe.ec.europa.eu/contact?category=report&uri=/collection/interoperability-regulatory-sandboxes/welcome&destination=collection/interoperability-regulatory-sandboxes/welcome
https://interoperable-europe.ec.europa.eu/discussions,,https://interoperable-europe.ec.europa.eu/collection/eupl/discussion/what-are-your-thoughts-eupl-license
https://interoperable-europe.ec.europa.eu/discussions,Sign in or register to like this content 1,https://interoperable-europe.ec.europa.eu/modal/anonymous/like?destination=/discussions
https://interoperable-europe.ec.europa.eu/discussions,,https://interoperable-europe.ec.europa.eu/collection/eupl/discussion/who-using-eupl
https://interoperable-europe.ec.europa.eu/discussions,,https://interoperable-europe.ec.europa.eu/collection/eupl/discussion/clarifying-eupl-compatibility-clause
https://interoperable-europe.ec.europa.eu/discussions,,https://interoperable-europe.ec.europa.eu/collection/eupl/discussion/copyright-time-update-law-computer-program-protection
https://interoperable-europe.ec.europa.eu/discussions,,https://interoperable-europe.ec.europa.eu/collection/eugovtech/discussion/organizational-interoperability
https://interoperable-europe.ec.europa.eu/discussions,,https://interoperable-europe.ec.europa.eu/collection/justice-law-and-security/solution/leos-open-source-software-editing-legislation/discussion/share-your-perspective-ai-based-solutions-legislative-drafting-eu
https://interoperable-europe.ec.europa.eu/discussions,,https://interoperable-europe.ec.europa.eu/collection/education-culture-and-sport/solution/chamilo-lms/discussion/chamilo-lms-how-put-learner-center-training
https://interoperable-europe.ec.europa.eu/discussions,Go to advanced search,https://interoperable-europe.ec.europa.eu/search?f[0]=type%3Adiscussion
https://interoperable-europe.ec.europa.eu/governance,,https://interoperable-europe.ec.europa.eu/node/726450
https://interoperable-europe.ec.europa.eu/governance,Interoperable Europe Act,https://ec.europa.eu/commission/presscorner/detail/en/ip_24_1970
https://interoperable-europe.ec.europa.eu/governance,Read more about Board,https://interoperable-europe.ec.europa.eu/collection/governance-board
https://interoperable-europe.ec.europa.eu/governance,Read more about Community,https://interoperable-europe.ec.europa.eu/collection/community
https://interoperable-europe.ec.europa.eu/governance,Read more about Assessments,https://interoperable-europe.ec.europa.eu/collection/assessments
https://interoperable-europe.ec.europa.eu/governance,Read more about EU Digital Funding Opportunities,https://interoperable-europe.ec.europa.eu/eu-digital-funding-opportunities
https://interoperable-europe.ec.europa.eu/governance,Report abusive content,https://interoperable-europe.ec.europa.eu/contact?category=report&uri=/governance&destination=governance
https://interoperable-europe.ec.europa.eu/collection/governance-board,Interoperable Europe Act.,https://eur-lex.europa.eu/legal-content/EN/TXT/?uri=celex%3A52022PC0720
https://interoperable-europe.ec.europa.eu/collection/governance-board,Read more about More about the Board,https://interoperable-europe.ec.europa.eu/collection/governance-board/board
https://interoperable-europe.ec.europa.eu/collection/governance-board,Read more about Board documents,https://interoperable-europe.ec.europa.eu/collection/governance-board/documents
https://interoperable-europe.ec.europa.eu/collection/governance-board,,https://interoperable-europe.ec.europa.eu/interoperable-europe/news/key-outcomes-third-interoperable-europe-board-meeting
https://interoperable-europe.ec.europa.eu/collection/governance-board,Sign in or register to like this content 2,https://interoperable-europe.ec.europa.eu/modal/anonymous/like?destination=/collection/governance-board
https://interoperable-europe.ec.europa.eu/collection/governance-board,,https://interoperable-europe.ec.europa.eu/interoperable-europe/news/second-meeting-interoperable-europe-board
https://interoperable-europe.ec.europa.eu/collection/governance-board,,https://interoperable-europe.ec.europa.eu/interoperable-europe/news/interoperable-europe-board-holds-first-meeting
https://interoperable-europe.ec.europa.eu/collection/governance-board,,https://interoperable-europe.ec.europa.eu/interoperable-europe/news/interview-maria-leek-interoperable-europe-board
https://interoperable-europe.ec.europa.eu/collection/governance-board,Report abusive content,https://interoperable-europe.ec.europa.eu/contact?category=report&uri=/collection/governance-board/welcome&destination=collection/governance-board/welcome
https://interoperable-europe.ec.europa.eu/collection/community,Interoperable Europe Act,https://interoperable-europe.ec.europa.eu/interoperable-europe/interoperable-europe-act
https://interoperable-europe.ec.europa.eu/collection/community,Interoperable Europe Board,https://interoperable-europe.ec.europa.eu/collection/governance-board
https://interoperable-europe.ec.europa.eu/collection/community,About,https://interoperable-europe.ec.europa.eu/collection/community/about-copy
https://interoperable-europe.ec.europa.eu/collection/community,News,https://interoperable-europe.ec.europa.eu/collection/community/news-0
https://interoperable-europe.ec.europa.eu/collection/community,Interoperable Europe Agenda,https://interoperable-europe.ec.europa.eu/collection/community/interoperable-europe-agenda
https://interoperable-europe.ec.europa.eu/collection/community,Code of Conduct,https://interoperable-europe.ec.europa.eu/collection/community/code-conduct
https://interoperable-europe.ec.europa.eu/collection/community,Events,https://interoperable-europe.ec.europa.eu/collection/community/events
https://interoperable-europe.ec.europa.eu/collection/community,Interoperability Architecture Solutions,https://interoperable-europe.ec.europa.eu/collection/european-interoperability-reference-architecture-eira
https://interoperable-europe.ec.europa.eu/collection/community,Digital-ready Policymaking (DRPM),https://interoperable-europe.ec.europa.eu/collection/digital-ready-policymaking
https://interoperable-europe.ec.europa.eu/collection/community,SEMIC Support Centre,https://interoperable-europe.ec.europa.eu/collection/semic-support-centre
https://interoperable-europe.ec.europa.eu/collection/community,Interoperable Europe Act,https://ec.europa.eu/info/publications/interoperable-europe-act-proposal_en
https://interoperable-europe.ec.europa.eu/collection/community,Interoperable Europe Academy,https://interoperable-europe.ec.europa.eu/collection/interoperable-europe-academy
https://interoperable-europe.ec.europa.eu/collection/community,Interoperable Europe Monitoring,https://interoperable-europe.ec.europa.eu/collection/iopeu-monitoring
https://interoperable-europe.ec.europa.eu/collection/community,Public Sector Tech Watch (PSTW),https://interoperable-europe.ec.europa.eu/collection/public-sector-tech-watch
https://interoperable-europe.ec.europa.eu/collection/community,Open Source Observatory (OSOR),https://interoperable-europe.ec.europa.eu/collection/open-source-observatory-osor
https://interoperable-europe.ec.europa.eu/collection/community,CAMSS,https://interoperable-europe.ec.europa.eu/collection/common-assessment-method-standards-and-specifications-camss
https://interoperable-europe.ec.europa.eu/collection/community,Digital Skills in the Public Sector,https://interoperable-europe.ec.europa.eu/collection/digital-skills-public-sector
https://interoperable-europe.ec.europa.eu/collection/community,Interoperability assessments space,https://interoperable-europe.ec.europa.eu/collection/assessments
https://interoperable-europe.ec.europa.eu/collection/community,TESTA,https://interoperable-europe.ec.europa.eu/collection/egovernment/solution/testa
https://interoperable-europe.ec.europa.eu/collection/community,PM² Methodologies,https://interoperable-europe.ec.europa.eu/collection/pm2-methodologies
https://interoperable-europe.ec.europa.eu/collection/community,Report abusive content,https://interoperable-europe.ec.europa.eu/contact?category=report&uri=/collection/community/welcome&destination=collection/community/welcome
https://interoperable-europe.ec.europa.eu/national-competent-authorities,,https://interoperable-europe.ec.europa.eu/node/726499
https://interoperable-europe.ec.europa.eu/national-competent-authorities,Report abusive content,https://interoperable-europe.ec.europa.eu/contact?category=report&uri=/national-competent-authorities&destination=national-competent-authorities
https://interoperable-europe.ec.europa.eu/collection/assessments,Read more about Guidelines for interoperability assessments,https://interoperable-europe.ec.europa.eu/collection/assessments/assessment-guidelines
https://interoperable-europe.ec.europa.eu/collection/assessments,Read more about Online tool,https://interoperable-europe.ec.europa.eu/collection/assessments/online-tool-assessments
https://interoperable-europe.ec.europa.eu/collection/assessments,Read more about Assessment reports repository,https://interoperable-europe.ec.europa.eu/collection/assessments/report/repository
https://interoperable-europe.ec.europa.eu/collection/assessments,Read more about Collaborative hub,https://interoperable-europe.ec.europa.eu/collection/assessments/collaborative-hub
https://interoperable-europe.ec.europa.eu/collection/assessments,Read more about Assessment Toolbox,https://interoperable-europe.ec.europa.eu/collection/assessments/assessment-toolbox
https://interoperable-europe.ec.europa.eu/collection/assessments,Read more about Online e-learning course,https://interoperable-europe.ec.europa.eu/collection/interoperable-europe-academy/solution/interoperability-assessments-introduction
https://interoperable-europe.ec.europa.eu/collection/assessments,Read more about Landscape of EU digital regulations,https://interoperable-europe.ec.europa.eu/eu-digital-regulations
https://interoperable-europe.ec.europa.eu/collection/assessments,Get in touch!,https://interoperable-europe.ec.europa.eu/contact?destination=/collection/assessments
https://interoperable-europe.ec.europa.eu/collection/assessments,Report abusive content,https://interoperable-europe.ec.europa.eu/contact?category=report&uri=/collection/assessments/welcome&destination=collection/assessments/welcome
https://interoperable-europe.ec.europa.eu/eu-digital-funding-opportunities,,https://interoperable-europe.ec.europa.eu/node/707954
https://interoperable-europe.ec.europa.eu/eu-digital-funding-opportunities,Digital Europe Programme (DEP),https://digital-strategy.ec.europa.eu/en/activities/digital-programme
https://interoperable-europe.ec.europa.eu/eu-digital-funding-opportunities,Multi-Country Project (MCP),https://digital-strategy.ec.europa.eu/en/policies/digital-decade-projects
https://interoperable-europe.ec.europa.eu/eu-digital-funding-opportunities,European Digital Infrastructure Consortium (EDIC),https://digital-strategy.ec.europa.eu/en/policies/edic?utm_source=chatgpt.com
https://interoperable-europe.ec.europa.eu/eu-digital-funding-opportunities,Horizon Europe,https://research-and-innovation.ec.europa.eu/funding/funding-opportunities/funding-programmes-and-open-calls/horizon-europe_en
https://interoperable-europe.ec.europa.eu/eu-digital-funding-opportunities,Interreg,https://www.interregeurope.eu/
https://interoperable-europe.ec.europa.eu/eu-digital-funding-opportunities,Interregional Innovation Investments (I3) Instrument,https://eismea.ec.europa.eu/programmes/interregional-innovation-investments-i3-instrument_en
https://interoperable-europe.ec.europa.eu/eu-digital-funding-opportunities,Technical Support Instrument (TSI),https://commission.europa.eu/funding-tenders/find-funding/eu-funding-programmes/technical-support-instrument/technical-support-instrument-tsi_en
https://interoperable-europe.ec.europa.eu/eu-digital-funding-opportunities,Connecting Europe Facility (CEF),https://cinea.ec.europa.eu/programmes/connecting-europe-facility_en
https://interoperable-europe.ec.europa.eu/eu-digital-funding-opportunities,EU funding & me,https://ec.europa.eu/info/funding-tenders/opportunities/portal/screen/support/mobile-eufame
https://interoperable-europe.ec.europa.eu/eu-digital-funding-opportunities,Google Play,https://play.google.com/store/apps/details?id=eu.europa.publications.eufame
https://interoperable-europe.ec.europa.eu/eu-digital-funding-opportunities,Apple App Store,https://apps.apple.com/us/app/eu-funding-me/id6733238007
https://interoperable-europe.ec.europa.eu/eu-digital-funding-opportunities,More information,https://ec.europa.eu/info/funding-tenders/opportunities/portal/screen/opportunities/projects-details/43152860/101123342/DIGITAL
https://interoperable-europe.ec.europa.eu/eu-digital-funding-opportunities,More information,https://ec.europa.eu/info/funding-tenders/opportunities/portal/screen/opportunities/topic-details/DIGITAL-2026-BESTUSE-MCP-10-HUB?order=DESC&pageNumber=1&pageSize=50&sortBy=startDate&isExactMatch=true&status=31094502&frameworkProgramme=43152860
https://interoperable-europe.ec.europa.eu/eu-digital-funding-opportunities,More information,https://ec.europa.eu/info/funding-tenders/opportunities/portal/screen/opportunities/topic-details/DIGITAL-2026-BESTUSE-RSF-10-AWARENESS?order=DESC&pageNumber=1&pageSize=50&sortBy=startDate&isExactMatch=true&status=31094502&frameworkProgramme=43152860
https://interoperable-europe.ec.europa.eu/eu-digital-funding-opportunities,More information,https://ec.europa.eu/info/funding-tenders/opportunities/portal/screen/opportunities/topic-details/DIGITAL-2026-AI-DATA-10-COMPLIANCE?order=DESC&pageNumber=1&pageSize=50&sortBy=startDate&isExactMatch=true&status=31094502&frameworkProgramme=43152860
https://interoperable-europe.ec.europa.eu/eu-digital-funding-opportunities,More information,https://ec.europa.eu/info/funding-tenders/opportunities/portal/screen/opportunities/topic-details/DIGITAL-2026-SUPPORT-10-DISSEMINATION?order=DESC&pageNumber=1&pageSize=50&sortBy=startDate&isExactMatch=true&status=31094502&frameworkProgramme=43152860
https://interoperable-europe.ec.europa.eu/eu-digital-funding-opportunities,More information,https://ec.europa.eu/info/funding-tenders/opportunities/portal/screen/opportunities/competitive-calls-cs/13381?order=DESC&pageNumber=1&pageSize=50&sortBy=startDate&isExactMatch=true&status=31094502&frameworkProgramme=43152860
https://interoperable-europe.ec.europa.eu/eu-digital-funding-opportunities,More information,https://ec.europa.eu/info/funding-tenders/opportunities/portal/screen/opportunities/topic-details/DIGITAL-JU-CHIPS-2026-AI1-SG?order=DESC&pageNumber=1&pageSize=50&sortBy=startDate&isExactMatch=true&status=31094502&frameworkProgramme=43152860
https://interoperable-europe.ec.europa.eu/eu-digital-funding-opportunities,More information,https://ec.europa.eu/info/funding-tenders/opportunities/portal/screen/opportunities/topic-details/DIGITAL-JU-CHIPS-2026-AI-GFP?order=DESC&pageNumber=1&pageSize=50&sortBy=startDate&isExactMatch=true&status=31094502&frameworkProgramme=43152860
https://interoperable-europe.ec.europa.eu/eu-digital-funding-opportunities,More information,https://ec.europa.eu/info/funding-tenders/opportunities/portal/screen/opportunities/topic-details/DIGITAL-JU-CHIPS-2026-SKILLS-HOE-SG?order=DESC&pageNumber=1&pageSize=50&sortBy=startDate&isExactMatch=true&status=31094502&frameworkProgramme=43152860
https://interoperable-europe.ec.europa.eu/eu-digital-funding-opportunities,More information,https://ec.europa.eu/info/funding-tenders/opportunities/portal/screen/opportunities/topic-details/HORIZON-EIC-2026-ACCELERATOR-01
https://interoperable-europe.ec.europa.eu/eu-digital-funding-opportunities,More information,https://ec.europa.eu/info/funding-tenders/opportunities/portal/screen/opportunities/competitive-calls-cs/14841?order=DESC&pageNumber=1&pageSize=50&sortBy=startDate&isExactMatch=true&status=31094502&frameworkProgramme=43108390
https://interoperable-europe.ec.europa.eu/eu-digital-funding-opportunities,More information,https://ec.europa.eu/info/funding-tenders/opportunities/portal/screen/opportunities/topic-details/HORIZON-EIC-2026-PATHFINDERCHALLENGES-01-03?order=DESC&pageNumber=1&pageSize=50&sortBy=startDate&isExactMatch=true&status=31094502&frameworkProgramme=43108390
https://interoperable-europe.ec.europa.eu/eu-digital-funding-opportunities,More information,https://ec.europa.eu/info/funding-tenders/opportunities/portal/screen/opportunities/competitive-calls-cs/15223?order=DESC&pageNumber=1&pageSize=50&sortBy=startDate&isExactMatch=true&status=31094502&frameworkProgramme=43108390
https://interoperable-europe.ec.europa.eu/eu-digital-funding-opportunities,More information,https://ec.europa.eu/info/funding-tenders/opportunities/portal/screen/opportunities/competitive-calls-cs/14488?order=DESC&pageNumber=1&pageSize=50&sortBy=startDate&isExactMatch=true&status=31094502&frameworkProgramme=43108390
https://interoperable-europe.ec.europa.eu/eu-digital-funding-opportunities,More information,https://ec.europa.eu/info/funding-tenders/opportunities/portal/screen/opportunities/competitive-calls-cs/14506?order=DESC&pageNumber=1&pageSize=50&sortBy=startDate&isExactMatch=true&status=31094502&frameworkProgramme=43108390
https://interoperable-europe.ec.europa.eu/eu-digital-funding-opportunities,More information,https://ec.europa.eu/info/funding-tenders/opportunities/portal/screen/opportunities/projects-details/43253706/101262488/TSI
https://interoperable-europe.ec.europa.eu/eu-digital-funding-opportunities,More information,https://ec.europa.eu/info/funding-tenders/opportunities/portal/screen/opportunities/projects-details/43253706/101262014/TSI
https://interoperable-europe.ec.europa.eu/eu-digital-funding-opportunities,More information,https://ec.europa.eu/info/funding-tenders/opportunities/portal/screen/opportunities/projects-details/43253706/101261782/TSI
https://interoperable-europe.ec.europa.eu/eu-digital-funding-opportunities,here,https://eismea.ec.europa.eu/news/launch-i3-support-facility-strengthen-interregional-innovation-investments-ecosystems-2025-01-08_en
https://interoperable-europe.ec.europa.eu/eu-digital-funding-opportunities,More information,https://ec.europa.eu/info/funding-tenders/opportunities/portal/screen/opportunities/projects-details/44416173/101161333/I3
https://interoperable-europe.ec.europa.eu/eu-digital-funding-opportunities,More information,https://ec.europa.eu/info/funding-tenders/opportunities/portal/screen/opportunities/projects-details/44416173/101115116/I3
https://interoperable-europe.ec.europa.eu/eu-digital-funding-opportunities,More information,https://ec.europa.eu/info/funding-tenders/opportunities/portal/screen/opportunities/projects-details/44416173/101160941/I3
https://interoperable-europe.ec.europa.eu/eu-digital-funding-opportunities,More information,https://ec.europa.eu/info/funding-tenders/opportunities/portal/screen/opportunities/projects-details/44416173/101228127/I3
https://interoperable-europe.ec.europa.eu/eu-digital-funding-opportunities,More information,https://ec.europa.eu/info/funding-tenders/opportunities/portal/screen/opportunities/projects-details/44416173/101180388/I3
https://interoperable-europe.ec.europa.eu/eu-digital-funding-opportunities,More information,https://ec.europa.eu/info/funding-tenders/opportunities/portal/screen/opportunities/projects-details/44416173/101180410/I3
https://interoperable-europe.ec.europa.eu/eu-digital-funding-opportunities,More information,https://ec.europa.eu/info/funding-tenders/opportunities/portal/screen/opportunities/topic-details/I3-2026-INV1?isExactMatch=true&status=31094502&frameworkProgramme=44416173&order=DESC&pageNumber=1&pageSize=50&sortBy=startDate
https://interoperable-europe.ec.europa.eu/eu-digital-funding-opportunities,More information,https://ec.europa.eu/info/funding-tenders/opportunities/portal/screen/opportunities/topic-details/I3-2026-INV2a?isExactMatch=true&status=31094502&frameworkProgramme=44416173&order=DESC&pageNumber=1&pageSize=50&sortBy=startDate
https://interoperable-europe.ec.europa.eu/eu-digital-funding-opportunities,https://eismea.ec.europa.eu/news/corrigendum-interregional-innovation-investment-i3-instrument-calls-proposals-2022-08-24_en,https://eismea.ec.europa.eu/news/corrigendum-interregional-innovation-investment-i3-instrument-calls-proposals-2022-08-24_en
https://interoperable-europe.ec.europa.eu/eu-digital-funding-opportunities,Connecting Europe Facility - Digital,https://hadea.ec.europa.eu/programmes/connecting-europe-facility_en
https://interoperable-europe.ec.europa.eu/eu-digital-funding-opportunities,Digital Decade Policy Programme 2030,https://digital-strategy.ec.europa.eu/en/library/digital-decade-policy-programme-2030
https://interoperable-europe.ec.europa.eu/eu-digital-funding-opportunities,IMPACTS EDIC,https://interoperable-europe.ec.europa.eu/interoperable-europe/news/commission-launches-impacts-edic
https://interoperable-europe.ec.europa.eu/eu-digital-funding-opportunities,Digital Commons,https://digital-strategy.ec.europa.eu/en/news/digital-commons-edic-launches-advance-europes-technological-sovereignty
https://interoperable-europe.ec.europa.eu/eu-digital-funding-opportunities,CitiVERSE,https://digital-strategy.ec.europa.eu/en/factpages/citiverse
https://interoperable-europe.ec.europa.eu/eu-digital-funding-opportunities,European Commission's PCP page,https://ec.europa.eu/info/funding-tenders/opportunities/portal/screen/home
https://interoperable-europe.ec.europa.eu/eu-digital-funding-opportunities,European Commission's TSI page,https://ec.europa.eu/info/funding-tenders/find-funding/eu-funding-programmes/technical-support-instrument_en
https://interoperable-europe.ec.europa.eu/eu-digital-funding-opportunities,Report abusive content,https://interoperable-europe.ec.europa.eu/contact?category=report&uri=/eu-digital-funding-opportunities&destination=eu-digital-funding-opportunities
https://interoperable-europe.ec.europa.eu/eu-digital-regulations,,https://interoperable-europe.ec.europa.eu/node/734343
https://interoperable-europe.ec.europa.eu/eu-digital-regulations,Data and information sharing,https://interoperable-europe.ec.europa.eu/eu-digital-regulations
https://interoperable-europe.ec.europa.eu/eu-digital-regulations,data protection law enforcement directive,http://data.europa.eu/eli/dir/2016/680/oj/eng
https://interoperable-europe.ec.europa.eu/eu-digital-regulations,summary,https://eur-lex.europa.eu/EN/legal-content/summary/protecting-personal-data-that-is-used-by-police-and-criminal-justice-authorities-from-2018.html
https://interoperable-europe.ec.europa.eu/eu-digital-regulations,European Union,https://eur-lex.europa.eu/EN/legal-content/glossary/european-union.html
https://interoperable-europe.ec.europa.eu/eu-digital-regulations,data protection reform,https://ec.europa.eu/justice/data-protection/reform/index_en.htm
https://interoperable-europe.ec.europa.eu/eu-digital-regulations,2018/1725,http://data.europa.eu/eli/reg/2018/1725/oj/eng
https://interoperable-europe.ec.europa.eu/eu-digital-regulations,see summary,https://eur-lex.europa.eu/EN/legal-content/summary/protection-of-individuals-with-regard-to-the-processing-of-personal-data-by-eu-institutions-bodies-offices-and-agencies.html
https://interoperable-europe.ec.europa.eu/eu-digital-regulations,right to be forgotten,https://eur-lex.europa.eu/EN/legal-content/summary/right-to-be-forgotten-on-the-internet.html
https://interoperable-europe.ec.europa.eu/eu-digital-regulations,data protection,https://eur-lex.europa.eu/EN/legal-content/glossary/data-protection.html
https://interoperable-europe.ec.europa.eu/eu-digital-regulations,https://commission.europa.eu/law/law-topic/data- protection_en,https://commission.europa.eu/law/law-topic/data-protection_en
https://interoperable-europe.ec.europa.eu/eu-digital-regulations,https://eur-lex.europa.eu/legal-content/EN/TXT/HTML/?uri=LEGISSUM:310401_2,https://eur-lex.europa.eu/legal-content/EN/TXT/HTML/?uri=LEGISSUM:310401_2
https://interoperable-europe.ec.europa.eu/eu-digital-regulations,Data Governance Act,https://digital-strategy.ec.europa.eu/en/policies/data-governance-act
https://interoperable-europe.ec.europa.eu/eu-digital-regulations,1,https://eur-lex.europa.eu/legal-content/EN/TXT/HTML/?uri=LEGISSUM:4604122&qid=1776777660087
https://interoperable-europe.ec.europa.eu/eu-digital-regulations,regulation,https://eur-lex.europa.eu/EN/legal-content/glossary/regulation.html
https://interoperable-europe.ec.europa.eu/eu-digital-regulations,Data Act,https://digital-strategy.ec.europa.eu/en/policies/data-act
https://interoperable-europe.ec.europa.eu/eu-digital-regulations,https://digital-strategy.ec.europa.eu/en/policies/data-governance-act-explained,https://digital-strategy.ec.europa.eu/en/policies/data-governance-act-explained
https://interoperable-europe.ec.europa.eu/eu-digital-regulations,2,https://eur-lex.europa.eu/legal-content/EN/TXT/HTML/?uri=LEGISSUM:4723374&qid=1776777423741
https://interoperable-europe.ec.europa.eu/eu-digital-regulations,96/9/EC,http://data.europa.eu/eli/dir/1996/9/2019-06-06/eng
https://interoperable-europe.ec.europa.eu/eu-digital-regulations,common European data spaces,https://digital-strategy.ec.europa.eu/en/policies/data-spaces
https://interoperable-europe.ec.europa.eu/eu-digital-regulations,5,https://eur-lex.europa.eu/legal-content/EN/TXT/HTML/?uri=LEGISSUM:4405374&qid=1776771526073
https://interoperable-europe.ec.europa.eu/eu-digital-regulations,1,https://eur-lex.europa.eu/legal-content/en/LSU/?uri=CELEX:32019L1024&qid=1776771526073
https://interoperable-europe.ec.europa.eu/eu-digital-regulations,small and medium-sized enterprises,https://eur-lex.europa.eu/EN/legal-content/glossary/small-and-medium-sized-enterprises.html
https://interoperable-europe.ec.europa.eu/eu-digital-regulations,recasts,https://eur-lex.europa.eu/EN/legal-content/glossary/recasting-of-legislation.html
https://interoperable-europe.ec.europa.eu/eu-digital-regulations,2003/98/EC,http://data.europa.eu/eli/dir/2003/98/oj/eng
https://interoperable-europe.ec.europa.eu/eu-digital-regulations,2013/37/EU,http://data.europa.eu/eli/dir/2013/37/oj/eng
https://interoperable-europe.ec.europa.eu/eu-digital-regulations,Member States,https://eur-lex.europa.eu/EN/legal-content/glossary/member-states.html
https://interoperable-europe.ec.europa.eu/eu-digital-regulations,https://digital-strategy.ec.europa.eu/en/policies/legislation-open-data,https://digital-strategy.ec.europa.eu/en/policies/legislation-open-data
https://interoperable-europe.ec.europa.eu/eu-digital-regulations,protect consumers,https://eur-lex.europa.eu/EN/legal-content/glossary/consumer-protection.html
https://interoperable-europe.ec.europa.eu/eu-digital-regulations,fundamental rights,https://eur-lex.europa.eu/EN/legal-content/glossary/fundamental-rights.html
https://interoperable-europe.ec.europa.eu/eu-digital-regulations,internal market,https://eur-lex.europa.eu/EN/legal-content/glossary/internal-market.html
https://interoperable-europe.ec.europa.eu/eu-digital-regulations,Digital Markets Act,https://digital-markets-act.ec.europa.eu/about-dma_en
https://interoperable-europe.ec.europa.eu/eu-digital-regulations,https://digital-strategy.ec.europa.eu/en/policies/digital-services-act#ecl-inpage-what-is-the-digital-services-act,https://digital-strategy.ec.europa.eu/en/policies/digital-services-act
https://interoperable-europe.ec.europa.eu/eu-digital-regulations,https://eur-lex.europa.eu/legal-content/EN/TXT/HTML/?uri=LEGISSUM:4625430,https://eur-lex.europa.eu/legal-content/EN/TXT/HTML/?uri=LEGISSUM:4625430
https://interoperable-europe.ec.europa.eu/eu-digital-regulations,https://eur-lex.europa.eu/legal-content/EN/TXT/HTML/?uri=LEGISSUM:4622237,https://eur-lex.europa.eu/legal-content/EN/TXT/HTML/?uri=LEGISSUM:4622237
https://interoperable-europe.ec.europa.eu/eu-digital-regulations,AI Act,https://eur-lex.europa.eu/legal-content/EN/TXT/?uri=CELEX%3A32024R1689
https://interoperable-europe.ec.europa.eu/eu-digital-regulations,AI Act Single Information platform,https://ai-act-service-desk.ec.europa.eu/en
https://interoperable-europe.ec.europa.eu/eu-digital-regulations,AI Continent Action Plan,https://digital-strategy.ec.europa.eu/en/factpages/ai-continent-action-plan
https://interoperable-europe.ec.europa.eu/eu-digital-regulations,AI Innovation Package,https://ec.europa.eu/commission/presscorner/detail/en/ip_24_383
https://interoperable-europe.ec.europa.eu/eu-digital-regulations,AI Factories,https://digital-strategy.ec.europa.eu/en/policies/ai-factories
https://interoperable-europe.ec.europa.eu/eu-digital-regulations,AI Pact,https://digital-strategy.ec.europa.eu/en/policies/ai-pact
https://interoperable-europe.ec.europa.eu/eu-digital-regulations,https://digital-strategy.ec.europa.eu/en/policies/regulatory-framework-ai,https://digital-strategy.ec.europa.eu/en/policies/regulatory-framework-ai
https://interoperable-europe.ec.europa.eu/eu-digital-regulations,https://eur-lex.europa.eu/legal-content/EN/TXT/HTML/?uri=LEGISSUM:4762484&qid=1776776519207,https://eur-lex.europa.eu/legal-content/EN/TXT/HTML/?uri=LEGISSUM:4762484&qid=1776776519207
https://interoperable-europe.ec.europa.eu/eu-digital-regulations,"Directive 2022/2555, also known as NIS2",https://eur-lex.europa.eu/legal-content/EN/TXT/?uri=CELEX:32022L2555
https://interoperable-europe.ec.europa.eu/eu-digital-regulations,Computer Security Incident Response Teams (CSIRTs),https://www.enisa.europa.eu/topics/eu-cyber-crisis-and-incident-management/csirts-network
https://interoperable-europe.ec.europa.eu/eu-digital-regulations,European cyber crisis liaison organisation network (EU-CyCLONe),https://www.enisa.europa.eu/topics/eu-cyber-crisis-and-incident-management/eu-cyclone
https://interoperable-europe.ec.europa.eu/eu-digital-regulations,NIS Cooperation Group,https://digital-strategy.ec.europa.eu/en/policies/nis-cooperation-group
https://interoperable-europe.ec.europa.eu/eu-digital-regulations,new cybersecurity package,https://digital-strategy.ec.europa.eu/en/news/commission-strengthens-eu-cybersecurity-resilience-and-capabilities
https://interoperable-europe.ec.europa.eu/eu-digital-regulations,targeted amendments,https://digital-strategy.ec.europa.eu/en/library/proposal-directive-regards-simplification-measures-and-alignment-cybersecurity-act
https://interoperable-europe.ec.europa.eu/eu-digital-regulations,https://digital-strategy.ec.europa.eu/en/policies/nis2-directive,https://digital-strategy.ec.europa.eu/en/policies/nis2-directive
https://interoperable-europe.ec.europa.eu/eu-digital-regulations,https://eur-lex.europa.eu/legal-content/EN/TXT/HTML/?uri=CELEX:02022L2555-20221227&qid=1776776242474,https://eur-lex.europa.eu/legal-content/EN/TXT/HTML/?uri=CELEX:02022L2555-20221227&qid=1776776242474
https://interoperable-europe.ec.europa.eu/eu-digital-regulations,Cyber Resilience Act (CRA),https://digital-strategy.ec.europa.eu/en/library/cyber-resilience-act
https://interoperable-europe.ec.europa.eu/eu-digital-regulations,EU Cybersecurity Strategy,https://digital-strategy.ec.europa.eu/en/policies/cybersecurity-strategy
https://interoperable-europe.ec.europa.eu/eu-digital-regulations,EU Security Union Strategy,https://eur-lex.europa.eu/legal-content/EN/TXT/PDF/?uri=CELEX:52020DC0605&from=EN
https://interoperable-europe.ec.europa.eu/eu-digital-regulations,NIS2 Directive,https://digital-strategy.ec.europa.eu/en/policies/nis-directive
https://interoperable-europe.ec.europa.eu/eu-digital-regulations,https://digital-strategy.ec.europa.eu/en/policies/cyber-resilience-act,https://digital-strategy.ec.europa.eu/en/policies/cyber-resilience-act
https://interoperable-europe.ec.europa.eu/eu-digital-regulations,https://eur-lex.europa.eu/legal-content/EN/TXT/HTML/?uri=LEGISSUM:4797302,https://eur-lex.europa.eu/legal-content/EN/TXT/HTML/?uri=LEGISSUM:4797302
https://interoperable-europe.ec.europa.eu/eu-digital-regulations,eIDAS solutions for citizens,https://ec.europa.eu/newsroom/dae/document.cfm?doc_id=54410
https://interoperable-europe.ec.europa.eu/eu-digital-regulations,eIDAS - for filing taxes,https://ec.europa.eu/newsroom/dae/document.cfm?doc_id=54415
https://interoperable-europe.ec.europa.eu/eu-digital-regulations,eIDAS - for the 'once only' principle,https://ec.europa.eu/newsroom/dae/document.cfm?doc_id=54414
https://interoperable-europe.ec.europa.eu/eu-digital-regulations,eIDAS - for student mobility,https://ec.europa.eu/newsroom/dae/document.cfm?doc_id=54411
https://interoperable-europe.ec.europa.eu/eu-digital-regulations,eIDAS - for opening bank accounts,https://ec.europa.eu/newsroom/dae/document.cfm?doc_id=54412
https://interoperable-europe.ec.europa.eu/eu-digital-regulations,eIDAS solutions for SMEs,https://ec.europa.eu/newsroom/dae/document.cfm?doc_id=53856
https://interoperable-europe.ec.europa.eu/eu-digital-regulations,eIDAS in professional services,https://ec.europa.eu/newsroom/dae/document.cfm?doc_id=53855
https://interoperable-europe.ec.europa.eu/eu-digital-regulations,eIDAS in the transport sector,https://ec.europa.eu/newsroom/dae/document.cfm?doc_id=53857
https://interoperable-europe.ec.europa.eu/eu-digital-regulations,eIDAS in online retail,https://ec.europa.eu/newsroom/dae/document.cfm?doc_id=53858
https://interoperable-europe.ec.europa.eu/eu-digital-regulations,eIDAS in financial services,https://ec.europa.eu/newsroom/dae/document.cfm?doc_id=53859
https://interoperable-europe.ec.europa.eu/eu-digital-regulations,eIDAS checklist for businesses,https://ec.europa.eu/newsroom/dae/document.cfm?doc_id=53854
https://interoperable-europe.ec.europa.eu/eu-digital-regulations,https://digital-strategy.ec.europa.eu/en/policies/eidas-regulation,https://digital-strategy.ec.europa.eu/en/policies/eidas-regulation
https://interoperable-europe.ec.europa.eu/eu-digital-regulations,https://eur-lex.europa.eu/legal-content/EN/TXT/HTML/?uri=CELEX:02014R0910-20241018&qid=1776859628848,https://eur-lex.europa.eu/legal-content/EN/TXT/HTML/?uri=CELEX:02014R0910-20241018&qid=1776859628848
https://interoperable-europe.ec.europa.eu/eu-digital-regulations,Interoperable Europe Act,https://eur-lex.europa.eu/legal-content/en/TXT/?uri=CELEX:32024R0903
https://interoperable-europe.ec.europa.eu/eu-digital-regulations,https://interoperable-europe.ec.europa.eu/interoperable-europe/interoperable-europe-act,https://interoperable-europe.ec.europa.eu/interoperable-europe/interoperable-europe-act
https://interoperable-europe.ec.europa.eu/eu-digital-regulations,https://commission.europa.eu/publications/interoperable-europe-act_en,https://commission.europa.eu/publications/interoperable-europe-act_en
https://interoperable-europe.ec.europa.eu/eu-digital-regulations,https://eur-lex.europa.eu/EN/legal-content/summary/interoperable-europe-act.html,https://eur-lex.europa.eu/EN/legal-content/summary/interoperable-europe-act.html
https://interoperable-europe.ec.europa.eu/eu-digital-regulations,European accessibility act,https://eur-lex.europa.eu/legal-content/EN/TXT/?uri=CELEX%3A32019L0882
https://interoperable-europe.ec.europa.eu/eu-digital-regulations,1,https://eur-lex.europa.eu/legal-content/EN/TXT/HTML/?uri=LEGISSUM:4403933
https://interoperable-europe.ec.europa.eu/eu-digital-regulations,public procurement,https://eur-lex.europa.eu/EN/legal-content/glossary/public-procurement.html
https://interoperable-europe.ec.europa.eu/eu-digital-regulations,structural funds,https://eur-lex.europa.eu/EN/legal-content/glossary/structural-and-investment-funds.html
https://interoperable-europe.ec.europa.eu/eu-digital-regulations,https://commission.europa.eu/strategy-and-policy/policies/justice-and-fundamental-rights/disability/european-accessibility-act-eaa_en,https://commission.europa.eu/strategy-and-policy/policies/justice-and-fundamental-rights/disability/european-accessibility-act-eaa_en
https://interoperable-europe.ec.europa.eu/eu-digital-regulations,Report abusive content,https://interoperable-europe.ec.europa.eu/contact?category=report&uri=/eu-digital-regulations&destination=eu-digital-regulations
https://interoperable-europe.ec.europa.eu/collection/interoperable-europe-academy/welcome,Read more about LEARNING PATHS,https://interoperable-europe.ec.europa.eu/collection/interoperable-europe-academy/learning-paths
https://interoperable-europe.ec.europa.eu/collection/interoperable-europe-academy/welcome,Read more about COURSES,https://interoperable-europe.ec.europa.eu/collection/interoperable-europe-academy/courses
https://interoperable-europe.ec.europa.eu/collection/interoperable-europe-academy/welcome,Read more about MULTILINGUAL COURSES,https://interoperable-europe.ec.europa.eu/collection/interoperable-europe-academy/translated-courses
https://interoperable-europe.ec.europa.eu/collection/interoperable-europe-academy/welcome,Read more about PEER-LEARNING POLICY BRIEFS,https://interoperable-europe.ec.europa.eu/collection/interoperable-europe-academy/peer-learning-policy-briefs
https://interoperable-europe.ec.europa.eu/collection/interoperable-europe-academy/welcome,Read more about ANNUAL SEASONAL SCHOOL,https://interoperable-europe.ec.europa.eu/collection/interoperable-europe-academy/seasonal-school-2026
https://interoperable-europe.ec.europa.eu/collection/interoperable-europe-academy/welcome,Read more about WEBINARS AND LECTURES,https://interoperable-europe.ec.europa.eu/collection/interoperable-europe-academy/news-events
https://interoperable-europe.ec.europa.eu/collection/interoperable-europe-academy/welcome,Read more about COURSES REUSE,https://interoperable-europe.ec.europa.eu/collection/interoperable-europe-academy/our-courses-and-curriculum
https://interoperable-europe.ec.europa.eu/collection/interoperable-europe-academy/welcome,Read more about COMMUNITY,https://interoperable-europe.ec.europa.eu/collection/interoperable-europe-academy
https://interoperable-europe.ec.europa.eu/collection/interoperable-europe-academy/welcome,Visit us on EU Academy,https://academy.europa.eu/local/euacademy/pages/course/community-overview.php?title=interoperable-europe-academy-community
https://interoperable-europe.ec.europa.eu/collection/interoperable-europe-academy/welcome,Report abusive content,https://interoperable-europe.ec.europa.eu/contact?category=report&uri=/collection/interoperable-europe-academy/welcome&destination=collection/interoperable-europe-academy/welcome
https://interoperable-europe.ec.europa.eu/collection/interoperable-europe-academy/learning-paths,,https://interoperable-europe.ec.europa.eu/node/722968
https://interoperable-europe.ec.europa.eu/collection/interoperable-europe-academy/learning-paths,iop-academy@ec.europa.eu,https://interoperable-europe.ec.europa.eu/collection/interoperable-europe-academy/contact
https://interoperable-europe.ec.europa.eu/collection/interoperable-europe-academy/learning-paths,Interoperability: An introductory course,https://academy.europa.eu/courses/interoperability-an-introductory-course
https://interoperable-europe.ec.europa.eu/collection/interoperable-europe-academy/learning-paths,European Interoperability Framework (EIF) Online Training,https://academy.europa.eu/courses/european-interoperability-framework-eif-online-training
https://interoperable-europe.ec.europa.eu/collection/interoperable-europe-academy/learning-paths,Interoperable Europe Act Introduction,https://academy.europa.eu/courses/the-interoperable-europe-act-introduction
https://interoperable-europe.ec.europa.eu/collection/interoperable-europe-academy/learning-paths,Introduction to DCAT-AP,https://academy.europa.eu/courses/introduction-to-dcat-ap
https://interoperable-europe.ec.europa.eu/collection/interoperable-europe-academy/learning-paths,DCAT-AP for Data Spaces,https://academy.europa.eu/courses/dcat-ap-for-data-spaces
https://interoperable-europe.ec.europa.eu/collection/interoperable-europe-academy/learning-paths,Publishing Data with Linked Data Event Streams: Why and How,https://academy.europa.eu/courses/publishing-data-with-linked-data-event-streams-why-and-how
https://interoperable-europe.ec.europa.eu/collection/interoperable-europe-academy/learning-paths,Linked Data Event Streams for Data aggregation,https://academy.europa.eu/courses/linked-data-event-streams-for-data-aggregation
https://interoperable-europe.ec.europa.eu/collection/interoperable-europe-academy/learning-paths,Access to Base Registries eLearning Course,https://academy.europa.eu/courses/access-to-base-registries-elearning-course
https://interoperable-europe.ec.europa.eu/collection/interoperable-europe-academy/learning-paths,Open Source Software for EU Public Administrations - Module 1,https://academy.europa.eu/courses/open-source-software-for-eu-public-administrations-module-1
https://interoperable-europe.ec.europa.eu/collection/interoperable-europe-academy/learning-paths,Open Source Software for EU Public Administrations - Module 2,https://academy.europa.eu/courses/open-source-software-for-eu-public-administrations-module-2
https://interoperable-europe.ec.europa.eu/collection/interoperable-europe-academy/learning-paths,Open Source Software for EU Public Administrations - Module 3,https://academy.europa.eu/courses/open-source-software-for-eu-public-administrations-module-3
https://interoperable-europe.ec.europa.eu/collection/interoperable-europe-academy/learning-paths,Introduction to Open Software Licensing,https://academy.europa.eu/courses/introduction-to-open-software-licensing
https://interoperable-europe.ec.europa.eu/collection/interoperable-europe-academy/learning-paths,The European Union Public License (EUPL),https://academy.europa.eu/courses/the-european-union-public-license-eupl
https://interoperable-europe.ec.europa.eu/collection/interoperable-europe-academy/learning-paths,Introduction to EIRA©,https://academy.europa.eu/courses/introduction-to-eira
https://interoperable-europe.ec.europa.eu/collection/interoperable-europe-academy/learning-paths,Introduction to eGovERA©,https://academy.europa.eu/courses/introduction-to-egovera
https://interoperable-europe.ec.europa.eu/collection/interoperable-europe-academy/learning-paths,EIRA© & eGovERA© in support to a Digital Public Service analysis,https://academy.europa.eu/courses/eira-egovera-in-support-to-a-digital-public-service-analysis
https://interoperable-europe.ec.europa.eu/collection/interoperable-europe-academy/learning-paths,EIRA© & eGovERA© in support to a Digital Public Service Design,https://academy.europa.eu/courses/eira-egovera-in-support-to-a-digital-public-service-design
https://interoperable-europe.ec.europa.eu/collection/interoperable-europe-academy/learning-paths,Design Thinking Methodology for Stakeholder Engagement in GovTech,https://academy.europa.eu/courses/design-thinking-methodology-for-stakeholder-engagement-in-govtech
https://interoperable-europe.ec.europa.eu/collection/interoperable-europe-academy/learning-paths,Interoperability regulatory sandbox: innovation support measure,https://academy.europa.eu/courses/interoperability-regulatory-sandbox-innovation-support-measure
https://interoperable-europe.ec.europa.eu/collection/interoperable-europe-academy/learning-paths,Introduction to GovTech and the GovTech Connect Community,https://academy.europa.eu/courses/introduction-to-govtech-and-the-govtech-connect-community
https://interoperable-europe.ec.europa.eu/collection/interoperable-europe-academy/learning-paths,"PM² Essentials, Project Management Methodology",https://academy.europa.eu/courses/pm-c1-pm-essentials-project-management-methodology
https://interoperable-europe.ec.europa.eu/collection/interoperable-europe-academy/learning-paths,Yes,https://interoperable-europe.ec.europa.eu/modal/anonymous/vote?destination=/collection/interoperable-europe-academy/learning-paths
https://interoperable-europe.ec.europa.eu/collection/interoperable-europe-academy/learning-paths,Report abusive content,https://interoperable-europe.ec.europa.eu/contact?category=report&uri=/collection/interoperable-europe-academy/learning-paths&destination=collection/interoperable-europe-academy/learning-paths
https://interoperable-europe.ec.europa.eu/collection/interoperable-europe-academy/courses,,https://interoperable-europe.ec.europa.eu/node/707518
https://interoperable-europe.ec.europa.eu/collection/interoperable-europe-academy/courses,Take the course here,https://academy.europa.eu/courses/interoperability-an-introductory-course
https://interoperable-europe.ec.europa.eu/collection/interoperable-europe-academy/courses,Learn more,https://interoperable-europe.ec.europa.eu/collection/interoperable-europe-academy/solution/interoperability-introductory-course-0
https://interoperable-europe.ec.europa.eu/collection/interoperable-europe-academy/courses,Take the course here,https://academy.europa.eu/courses/the-interoperable-europe-act-introduction
https://interoperable-europe.ec.europa.eu/collection/interoperable-europe-academy/courses,Learn more,https://interoperable-europe.ec.europa.eu/collection/interoperable-europe-academy/solution/interoperable-europe-act-introduction
https://interoperable-europe.ec.europa.eu/collection/interoperable-europe-academy/courses,Take the course here,https://academy.europa.eu/courses/what-is-regulatory-reporting-and-why-is-it-important
https://interoperable-europe.ec.europa.eu/collection/interoperable-europe-academy/courses,Learn more,https://interoperable-europe.ec.europa.eu/collection/interoperable-europe-academy/solution/what-regulatory-reporting-and-why-it-important
https://interoperable-europe.ec.europa.eu/collection/interoperable-europe-academy/courses,Take the course here,https://academy.europa.eu/courses/understanding-law-as-code
https://interoperable-europe.ec.europa.eu/collection/interoperable-europe-academy/courses,Learn more,https://interoperable-europe.ec.europa.eu/collection/interoperable-europe-academy/solution/understanding-law-code
https://interoperable-europe.ec.europa.eu/collection/interoperable-europe-academy/courses,Take the course here,https://academy.europa.eu/courses/what-is-semantic-interoperability
https://interoperable-europe.ec.europa.eu/collection/interoperable-europe-academy/courses,Learn more,https://interoperable-europe.ec.europa.eu/collection/interoperable-europe-academy/solution/what-semantic-interoperability
https://interoperable-europe.ec.europa.eu/collection/interoperable-europe-academy/courses,Take the course here,https://academy.europa.eu/courses/introduction-to-core-vocabularies
https://interoperable-europe.ec.europa.eu/collection/interoperable-europe-academy/courses,Learn more,https://interoperable-europe.ec.europa.eu/collection/interoperable-europe-academy/solution/introduction-core-vocabularies
https://interoperable-europe.ec.europa.eu/collection/interoperable-europe-academy/courses,Take the course here,https://academy.europa.eu/courses/introduction-to-dcat-ap
https://interoperable-europe.ec.europa.eu/collection/interoperable-europe-academy/courses,Learn more,https://interoperable-europe.ec.europa.eu/collection/interoperable-europe-academy/solution/introduction-dcat-ap
https://interoperable-europe.ec.europa.eu/collection/interoperable-europe-academy/courses,Take the course here,https://academy.europa.eu/courses/dcat-ap-and-its-variations
https://interoperable-europe.ec.europa.eu/collection/interoperable-europe-academy/courses,Learn more,https://interoperable-europe.ec.europa.eu/collection/interoperable-europe-academy/solution/dcat-ap-and-its-variations
https://interoperable-europe.ec.europa.eu/collection/interoperable-europe-academy/courses,Take the course here,https://academy.europa.eu/courses/dcat-ap-for-data-spaces
https://interoperable-europe.ec.europa.eu/collection/interoperable-europe-academy/courses,Learn more,https://interoperable-europe.ec.europa.eu/collection/interoperable-europe-academy/solution/dcat-ap-data-spaces
https://interoperable-europe.ec.europa.eu/collection/interoperable-europe-academy/courses,Take the course here,https://academy.europa.eu/courses/linked-data-event-streams-for-data-aggregation
https://interoperable-europe.ec.europa.eu/collection/interoperable-europe-academy/courses,Learn more,https://interoperable-europe.ec.europa.eu/collection/interoperable-europe-academy/solution/linked-data-event-streams-data-aggregation
https://interoperable-europe.ec.europa.eu/collection/interoperable-europe-academy/courses,Take the course here,https://academy.europa.eu/courses/publishing-data-with-linked-data-event-streams-why-and-how
https://interoperable-europe.ec.europa.eu/collection/interoperable-europe-academy/courses,Learn more,https://interoperable-europe.ec.europa.eu/collection/interoperable-europe-academy/solution/publishing-data-linked-data-event-streams-why-and-how
https://interoperable-europe.ec.europa.eu/collection/interoperable-europe-academy/courses,Take the course here,https://academy.europa.eu/courses/introduction-to-artificial-intelligence-for-public-service-interoperability
https://interoperable-europe.ec.europa.eu/collection/interoperable-europe-academy/courses,Learn more,https://interoperable-europe.ec.europa.eu/collection/interoperable-europe-academy/solution/introduction-artificial-intelligence-public-service-interoperability
https://interoperable-europe.ec.europa.eu/collection/interoperable-europe-academy/courses,Take the course here,https://academy.europa.eu/courses/introduction-to-the-core-public-service-vocabulary-application-profile-cpsv-ap
https://interoperable-europe.ec.europa.eu/collection/interoperable-europe-academy/courses,Learn more,https://interoperable-europe.ec.europa.eu/collection/interoperable-europe-academy/solution/introduction-core-public-service-vocabulary-application-profile-cpsv-ap
https://interoperable-europe.ec.europa.eu/collection/interoperable-europe-academy/courses,Take the course here,https://academy.europa.eu/courses/wikibase-and-semantic-mediawiki-for-data-driven-semantics
https://interoperable-europe.ec.europa.eu/collection/interoperable-europe-academy/courses,Learn more,https://interoperable-europe.ec.europa.eu/collection/interoperable-europe-academy/solution/wikibase-and-semantic-mediawiki-data-driven-semantics
https://interoperable-europe.ec.europa.eu/collection/interoperable-europe-academy/courses,Take the course here,https://academy.europa.eu/courses/enabling-the-twin-digital-and-green-transition-via-solid-and-internet-of-things
https://interoperable-europe.ec.europa.eu/collection/interoperable-europe-academy/courses,Learn more,https://interoperable-europe.ec.europa.eu/collection/interoperable-europe-academy/solution/enabling-twin-digital-and-green-transition-solid-and-internet-things
https://interoperable-europe.ec.europa.eu/collection/interoperable-europe-academy/courses,Take the course here,https://academy.europa.eu/courses/introduction-to-eira
https://interoperable-europe.ec.europa.eu/collection/interoperable-europe-academy/courses,Learn more,https://interoperable-europe.ec.europa.eu/collection/interoperable-europe-academy/solution/introduction-eirac
https://interoperable-europe.ec.europa.eu/collection/interoperable-europe-academy/courses,Take the course here,https://academy.europa.eu/courses/introduction-to-egovera
https://interoperable-europe.ec.europa.eu/collection/interoperable-europe-academy/courses,Learn more,https://interoperable-europe.ec.europa.eu/collection/interoperable-europe-academy/solution/introduction-egoverac
https://interoperable-europe.ec.europa.eu/collection/interoperable-europe-academy/courses,Take the course here,https://secure-web.cisco.com/1SRt-Acj1YObvVj5vvxQ1j-4NTJmgcARBWPvpfbnYMNALqQoDnHn-fje3kRL7YV8HZYf53ygH16WdSvRVkz41tdU8EeBdEwLnUq6quHFdaXWOATS9iM6DRF2mLTRFECraL0iAfZuVXPjpNGNvUqi9QzptYbHqfbSh7O1rPLDBZmyJmAzpGLSetl3vET8X5_prYed8Dp38gPyQQ1IenbLOt8HUv2_TJmxuKr2LrQE3VyXyOyvrARosIXeUPf8QSwT4giQ8L_aGmjqW9nBdzOf1mn9rgDI4OEjls7g2UzZIislP4HAcbfHGqQzJsbf52O3m/https%3A%2F%2Furldefense.com%2Fv3%2F__https%3A%2Fsecure-web.cisco.com%2F1exE6dgi29hu645DhmEOSUc6PbMyE-FIgPRfxBUdJjn2TzmbMsuYAn_x0VrjKtN_ZVtq7P2e_IzOtqP3OPDTeE76_2GN0HhcP1A9XiR9Eq4KOVgigigNesjpZY3HKCFimlBL2Poez6dJ2NuQERNu60m74BM5DNCe4m-HHoYBmK3atKQQ64jX7oeH60bmGRxSsXIxFw1q3Rmr-OEkea29I2BDTLUXlADVnyr5CAmDpuEcsBchuUFYx28qtJHIRx_iAbgEYz6ehSpdyIaOzivM46igxzM3TG2DrZbXQSareUgv7dDGMckgKSfOGZ7GY9d3T%2Fhttps%2A3A%2A2F%2A2Furldefense.com%2A2Fv3%2A2F__https%2A3A%2A2Facademy.europa.eu%2A2Fcourses%2A2Feira-egovera-in-support-to-a-digital-public-service-analysis__%2A3B%2A21%2A21EJ3n55FBLexp1rhr%2A2143I-Rjnc2HAt9sIm8BLGG0uWx4bVxzud8QJ_t698Rd6nQSVVdAmGsPz_vZ4me65Vs9K4jsckLNEe5gmdW62y4iYXJhPQpaU%2A24__%3BJSUlJSUlJSUlJSUlJSU%21%21EJ3n55FBLexp1rhr%219YE_dGfAdJ083It-OmktchCalCJDF6x7Sy163BHeC8giSafPnl8b4uDJbTg8gtTMdAOXlx4HSrXd-c4NzIXH0EwVODmIonw%24
https://interoperable-europe.ec.europa.eu/collection/interoperable-europe-academy/courses,Learn more,https://interoperable-europe.ec.europa.eu/collection/interoperable-europe-academy/solution/eirac-egoverac-support-digital-public-service-analysis
https://interoperable-europe.ec.europa.eu/collection/interoperable-europe-academy/courses,Take the course here,https://secure-web.cisco.com/1IpRA13iUS-f1JmGbhCoj-LuQIr10Ez1-9ldd_KA4nGgCW5vJLSbnMXaxwJSvUhItATiE0YU67qrtkFRRE1ZzcefNBJgCJu3DPA4Yk8F92Dj-eQpVUWkhRf9EhFR0amb7tLAYaKQqzy_fySvMtWCLB4pUmWJau4H_T6HhBSHEHS4oxcbH-8AdGo10GI0l1of9ukrx54yD5NN5NwcfBiDtqcHdXjLNQpU6zPPFBwD3sAiKrORPQAAPoq7in9gv2JaO033qCKM68wiJReDD-9dKYkl3plnplUVF7vA1lxB7REb77CvWW-GAlycqra_MPd25/https%3A%2F%2Furldefense.com%2Fv3%2F__https%3A%2Fsecure-web.cisco.com%2F1x0GhpMF0okkoYfY6NptFC35D4vMC667f8xWDaG-nnKSRUFMfu8imVulrkcunl8d1g7PY8-cav62YXv1wdzBjV4zHRkXbU7ZbvbzBLi9m1Jf3yS8UiDikeG3TvLSA2LhPzRTxgxANYU1-LKQJVRftapuKxk2kK-UJdBimgX5KTSoeHqH8sRNtW7h0E4XbabWATTrpgtURfuJ5UGiBDtoefQVBmNI2OtJz0aZi-YCX9f__m1LqlaO4OPLWnRf06Y6DqpQbTz1BDGZ5C78gfb4UY1znvQ-r4e36geCdr6lhgPMZlodUQLvRBI7_kLiVci6T%2Fhttps%2A3A%2A2F%2A2Furldefense.com%2A2Fv3%2A2F__https%2A3A%2A2Facademy.europa.eu%2A2Fcourses%2A2Feira-egovera-in-support-to-a-digital-public-service-design__%2A3B%2A21%2A21EJ3n55FBLexp1rhr%2A2143I-Rjnc2HAt9sIm8BLGG0uWx4bVxzud8QJ_t698Rd6nQSVVdAmGsPz_vZ4me65Vs9K4jsckLNEe5gmdW62y4iYXahu-wcc%2A24__%3BJSUlJSUlJSUlJSUlJSU%21%21EJ3n55FBLexp1rhr%219YE_dGfAdJ083It-OmktchCalCJDF6x7Sy163BHeC8giSafPnl8b4uDJbTg8gtTMdAOXlx4HSrXd-c4NzIXH0EwVgryjs3g%24
https://interoperable-europe.ec.europa.eu/collection/interoperable-europe-academy/courses,Learn more,https://interoperable-europe.ec.europa.eu/collection/interoperable-europe-academy/solution/eirac-egoverac-support-digital-public-service-design
https://interoperable-europe.ec.europa.eu/collection/interoperable-europe-academy/courses,Take the course here,https://academy.europa.eu/courses/introducing-the-common-assessment-method-for-standards-and-specifications-camss
https://interoperable-europe.ec.europa.eu/collection/interoperable-europe-academy/courses,Learn more,https://interoperable-europe.ec.europa.eu/collection/interoperable-europe-academy/solution/introducing-common-assessment-method-standards-and-specifications-camss
https://interoperable-europe.ec.europa.eu/collection/interoperable-europe-academy/courses,Take the course here,https://academy.europa.eu/courses/practical-modeling-of-digital-public-services-using-cartool
https://interoperable-europe.ec.europa.eu/collection/interoperable-europe-academy/courses,Learn more,https://interoperable-europe.ec.europa.eu/collection/interoperable-europe-academy/solution/practical-modeling-digital-public-services-using-cartoolc
https://interoperable-europe.ec.europa.eu/collection/interoperable-europe-academy/courses,Take the course here,https://academy.europa.eu/courses/european-interoperability-framework-eif-online-training
https://interoperable-europe.ec.europa.eu/collection/interoperable-europe-academy/courses,Learn more,https://interoperable-europe.ec.europa.eu/collection/interoperable-europe-academy/solution/european-interoperability-framework-eif-online-training
https://interoperable-europe.ec.europa.eu/collection/interoperable-europe-academy/courses,Take the course here,https://academy.europa.eu/courses/alignment-of-the-national-interoperability-frameworks-nifs-to-the-european-interoperability-framework-eif
https://interoperable-europe.ec.europa.eu/collection/interoperable-europe-academy/courses,Learn more,https://interoperable-europe.ec.europa.eu/collection/interoperable-europe-academy/solution/alignment-national-interoperability-frameworks-nifs-european-interoperability-framework-eif
https://interoperable-europe.ec.europa.eu/collection/interoperable-europe-academy/courses,Take the course here,https://academy.europa.eu/courses/the-eif-toolbox-support-and-guidance-for-the-implementation-of-the-eif
https://interoperable-europe.ec.europa.eu/collection/interoperable-europe-academy/courses,Learn more,https://interoperable-europe.ec.europa.eu/collection/interoperable-europe-academy/solution/eif-toolbox-support-and-guidance-implementation-eif
https://interoperable-europe.ec.europa.eu/collection/interoperable-europe-academy/courses,Take the course here,https://academy.europa.eu/courses/digital-ready-policymaking
https://interoperable-europe.ec.europa.eu/collection/interoperable-europe-academy/courses,Learn more,https://interoperable-europe.ec.europa.eu/collection/interoperable-europe-academy/solution/digital-ready-policymaking
https://interoperable-europe.ec.europa.eu/collection/interoperable-europe-academy/courses,Take the course here,https://academy.europa.eu/courses/introduction-to-digital-ready-policymaking-for-it-professionals
https://interoperable-europe.ec.europa.eu/collection/interoperable-europe-academy/courses,Learn more,https://interoperable-europe.ec.europa.eu/collection/interoperable-europe-academy/solution/introduction-digital-ready-policymaking-it-professionals
https://interoperable-europe.ec.europa.eu/collection/interoperable-europe-academy/courses,Take the course here,https://academy.europa.eu/courses/reform-support-for-member-states-technical-support-instrument
https://interoperable-europe.ec.europa.eu/collection/interoperable-europe-academy/courses,Learn more,https://interoperable-europe.ec.europa.eu/collection/interoperable-europe-academy/solution/reform-support-member-states-technical-support-instrument
https://interoperable-europe.ec.europa.eu/collection/interoperable-europe-academy/courses,Take the course here,https://academy.europa.eu/courses/introduction-to-govtech-and-the-govtech-connect-community
https://interoperable-europe.ec.europa.eu/collection/interoperable-europe-academy/courses,Learn more,https://interoperable-europe.ec.europa.eu/collection/interoperable-europe-academy/solution/introduction-govtech-and-govtech-connect-community
https://interoperable-europe.ec.europa.eu/collection/interoperable-europe-academy/courses,Take the course here,https://academy.europa.eu/courses/accessibility-essentials
https://interoperable-europe.ec.europa.eu/collection/interoperable-europe-academy/courses,Learn more,https://interoperable-europe.ec.europa.eu/collection/interoperable-europe-academy/solution/accessibility-essentials
https://interoperable-europe.ec.europa.eu/collection/interoperable-europe-academy/courses,Take the course here,https://academy.europa.eu/courses/accessibility-a-demo-series-on-assistive-technologies
https://interoperable-europe.ec.europa.eu/collection/interoperable-europe-academy/courses,Learn more,https://interoperable-europe.ec.europa.eu/collection/interoperable-europe-academy/solution/accessibility-demo-series-assistive-technologies
https://interoperable-europe.ec.europa.eu/collection/interoperable-europe-academy/courses,Take the course here,https://academy.europa.eu/courses/design-thinking-methodology-for-stakeholder-engagement-in-govtech
https://interoperable-europe.ec.europa.eu/collection/interoperable-europe-academy/courses,Learn more,https://interoperable-europe.ec.europa.eu/collection/interoperable-europe-academy/solution/design-thinking-methodology-stakeholder-engagement-govtech
https://interoperable-europe.ec.europa.eu/collection/interoperable-europe-academy/courses,Take the course here,https://academy.europa.eu/courses/introduction-to-imaps
https://interoperable-europe.ec.europa.eu/collection/interoperable-europe-academy/courses,Learn more,https://interoperable-europe.ec.europa.eu/collection/interoperable-europe-academy/solution/introduction-imaps
https://interoperable-europe.ec.europa.eu/collection/interoperable-europe-academy/courses,Take the course here,https://academy.europa.eu/courses/imaps-in-practice
https://interoperable-europe.ec.europa.eu/collection/interoperable-europe-academy/courses,Learn more,https://interoperable-europe.ec.europa.eu/collection/interoperable-europe-academy/solution/imaps-practice
https://interoperable-europe.ec.europa.eu/collection/interoperable-europe-academy/courses,Take the course here,https://academy.europa.eu/courses/pm-c1-pm-essentials-project-management-methodology
https://interoperable-europe.ec.europa.eu/collection/interoperable-europe-academy/courses,Learn more,https://interoperable-europe.ec.europa.eu/collection/interoperable-europe-academy/solution/pm-c1-pm2-essentials-project-management-methodology
https://interoperable-europe.ec.europa.eu/collection/interoperable-europe-academy/courses,Take the course here,https://academy.europa.eu/courses/pm-a1-pm-agile-essentials
https://interoperable-europe.ec.europa.eu/collection/interoperable-europe-academy/courses,Learn more,https://interoperable-europe.ec.europa.eu/collection/interoperable-europe-academy/solution/pm-a1-pm2-agile-essentials
https://interoperable-europe.ec.europa.eu/collection/interoperable-europe-academy/courses,Take the course here,https://academy.europa.eu/courses/interoperability-assessments-introduction
https://interoperable-europe.ec.europa.eu/collection/interoperable-europe-academy/courses,Learn more,https://interoperable-europe.ec.europa.eu/collection/interoperable-europe-academy/solution/interoperability-assessments-introduction
https://interoperable-europe.ec.europa.eu/collection/interoperable-europe-academy/courses,Take the course here,https://academy.europa.eu/courses/interoperability-for-smarter-public-services-an-introduction-to-mims-plus
https://interoperable-europe.ec.europa.eu/collection/interoperable-europe-academy/courses,Learn more,https://interoperable-europe.ec.europa.eu/collection/interoperable-europe-academy/solution/interoperability-smarter-public-services-introduction-mims-plus
https://interoperable-europe.ec.europa.eu/collection/interoperable-europe-academy/courses,Take the course here,https://academy.europa.eu/courses/interoperability-regulatory-sandbox-innovation-support-measure
https://interoperable-europe.ec.europa.eu/collection/interoperable-europe-academy/courses,Learn more,https://interoperable-europe.ec.europa.eu/collection/interoperable-europe-academy/solution/interoperability-regulatory-sandbox-innovation-support-measure
https://interoperable-europe.ec.europa.eu/collection/interoperable-europe-academy/courses,Take the course here,https://academy.europa.eu/courses/interoperability-test-bed-conformance-testing-for-managers
https://interoperable-europe.ec.europa.eu/collection/interoperable-europe-academy/courses,Learn more,https://interoperable-europe.ec.europa.eu/collection/interoperable-europe-academy/solution/interoperability-test-bed-conformance-testing-managers
https://interoperable-europe.ec.europa.eu/collection/interoperable-europe-academy/courses,Take the course here,https://academy.europa.eu/courses/getting-started-with-the-interoperability-test-bed
https://interoperable-europe.ec.europa.eu/collection/interoperable-europe-academy/courses,Learn more,https://interoperable-europe.ec.europa.eu/collection/interoperable-europe-academy/solution/getting-started-interoperability-test-bed
https://interoperable-europe.ec.europa.eu/collection/interoperable-europe-academy/courses,Take the course here,https://academy.europa.eu/courses/access-to-base-registries-elearning-course
https://interoperable-europe.ec.europa.eu/collection/interoperable-europe-academy/courses,Learn more,https://interoperable-europe.ec.europa.eu/collection/interoperable-europe-academy/solution/access-base-registries
https://interoperable-europe.ec.europa.eu/collection/interoperable-europe-academy/courses,Take the course here,https://academy.europa.eu/courses/big-data-test-infrastructure-bdti
https://interoperable-europe.ec.europa.eu/collection/interoperable-europe-academy/courses,Learn more,https://interoperable-europe.ec.europa.eu/collection/interoperable-europe-academy/solution/big-data-test-infrastructure-bdti
https://interoperable-europe.ec.europa.eu/collection/interoperable-europe-academy/courses,Take the course here,https://academy.europa.eu/courses/introduction-to-the-eu-open-source-solutions-catalogue
https://interoperable-europe.ec.europa.eu/collection/interoperable-europe-academy/courses,Learn more,https://interoperable-europe.ec.europa.eu/collection/interoperable-europe-academy/solution/introduction-eu-open-source-solutions-catalogue
https://interoperable-europe.ec.europa.eu/collection/interoperable-europe-academy/courses,Take the course here,https://academy.europa.eu/courses/introduction-to-publiccode-yml-metadata-for-public-sector-open-source-software-projects
https://interoperable-europe.ec.europa.eu/collection/interoperable-europe-academy/courses,Learn more,https://interoperable-europe.ec.europa.eu/collection/interoperable-europe-academy/solution/introduction-publiccodeyml-metadata-public-sector-open-source-software-projects
https://interoperable-europe.ec.europa.eu/collection/interoperable-europe-academy/courses,Module 1,https://secure-web.cisco.com/1_OT-RM4rL6ipYCoBompXKTFFrvrP0Nk3Gi4l-8yVtdd_8rYFUyIdwuABJX4QZOUshnReI1_PQYd9nFGiaMEt38R91KP1CcKdEBWNbeACDPR_MtPOQJ3xg3wORIjYGG0AS09DGicjBKw37KEt6O2Mgvuh4bguE1y79VBGcjeZoarWrHQPR2u04XHZgPO9n-xODyYm6bPxmx9GaM_eqOJAj_bY2Ai-xkBlLlMEuOksWjeQzwPhIe0QAvXPY8JYkChbpng_H3Ucrb014OL_NED9KAb5EMp9Z18izYdh_cPeY0CoLR1gbPsSfAb9dXBskui4/https%3A%2F%2Furldefense.com%2Fv3%2F__https%3A%2Facademy.europa.eu%2Fcourses%2Fopen-source-software-for-eu-public-administrations-module-1__%3B%21%21NEMsmePo_HYI%21df4ekwqCpiKVJnGsIh_jFGueoUvEuUvIdrPDgjeoYTs6NLouE1zOTyW6fl-aq-il_TYfOHMz3JnmT7gC4nV7ec2Pvg%24
https://interoperable-europe.ec.europa.eu/collection/interoperable-europe-academy/courses,Module 2,https://secure-web.cisco.com/1gmOgAjr9tL-jXHtpKbG5-KeXWiiNekyliuf6RfIrNcewABtzyGfWrdXZIEKU-I5-r28ngsKKw4KAJjQTalIS00_Ts-jUA5X0c9cfO4JY7dUYtxfcVV0xAxHLTA__Ycv-U0x2tZv6Xbb1OIoHyJEzFttoqDa1gkwSdlVAMnA2eo7UYng11lCsinQ2tTH0NwyOO4dVVdvUx-C5axsyvs7wZDXy-x_V1ZVCKSAP27I8ZQmKJNkV3MmoE5Qqy8DOwgXvijK7ZwZr7ZOaj6RstZuEJZ0GvOAU3EoQvprC7kNBt9NfqsqpLnc5kr64_lp_E9Iq/https%3A%2F%2Furldefense.com%2Fv3%2F__https%3A%2Facademy.europa.eu%2Fcourses%2Fopen-source-software-for-eu-public-administrations-module-2__%3B%21%21NEMsmePo_HYI%21df4ekwqCpiKVJnGsIh_jFGueoUvEuUvIdrPDgjeoYTs6NLouE1zOTyW6fl-aq-il_TYfOHMz3JnmT7gC4nVd2Sd1xg%24
https://interoperable-europe.ec.europa.eu/collection/interoperable-europe-academy/courses,Module 3,https://academy.europa.eu/courses/open-source-software-for-eu-public-administrations-module-3
https://interoperable-europe.ec.europa.eu/collection/interoperable-europe-academy/courses,Take the course here,https://academy.europa.eu/courses/open-source-software-for-eu-public-administrations-module-1
https://interoperable-europe.ec.europa.eu/collection/interoperable-europe-academy/courses,Learn more,https://interoperable-europe.ec.europa.eu/collection/interoperable-europe-academy/solution/open-source-software-eu-public-administrations-module-1
https://interoperable-europe.ec.europa.eu/collection/interoperable-europe-academy/courses,Take the course here,https://academy.europa.eu/courses/open-source-software-for-eu-public-administrations-module-2
https://interoperable-europe.ec.europa.eu/collection/interoperable-europe-academy/courses,Learn more,https://interoperable-europe.ec.europa.eu/collection/interoperable-europe-academy/solution/open-source-software-eu-public-administrations-module-2
https://interoperable-europe.ec.europa.eu/collection/interoperable-europe-academy/courses,Learn more,https://interoperable-europe.ec.europa.eu/collection/interoperable-europe-academy/solution/open-source-software-eu-public-administrations-module-3
https://interoperable-europe.ec.europa.eu/collection/interoperable-europe-academy/courses,Take the course here,https://academy.europa.eu/courses/introduction-to-open-software-licensing
https://interoperable-europe.ec.europa.eu/collection/interoperable-europe-academy/courses,Learn more,https://interoperable-europe.ec.europa.eu/collection/interoperable-europe-academy/solution/introduction-open-software-licensing
https://interoperable-europe.ec.europa.eu/collection/interoperable-europe-academy/courses,Take the course here,https://academy.europa.eu/courses/the-european-union-public-license-eupl
https://interoperable-europe.ec.europa.eu/collection/interoperable-europe-academy/courses,Learn more,https://interoperable-europe.ec.europa.eu/collection/interoperable-europe-academy/solution/european-union-public-license-eupl
https://interoperable-europe.ec.europa.eu/collection/interoperable-europe-academy/courses,Take the course here,https://academy.europa.eu/courses/licensing-assistant
https://interoperable-europe.ec.europa.eu/collection/interoperable-europe-academy/courses,Learn more,https://interoperable-europe.ec.europa.eu/collection/interoperable-europe-academy/solution/joinup-licensing-assistant-jla
https://interoperable-europe.ec.europa.eu/collection/interoperable-europe-academy/courses,Take the course here,https://academy.europa.eu/courses/overcoming-the-challenges-of-sharing-and-reusing-software-1783013865
https://interoperable-europe.ec.europa.eu/collection/interoperable-europe-academy/courses,Learn more,https://interoperable-europe.ec.europa.eu/collection/interoperable-europe-academy/solution/overcoming-challenges-sharing-and-reusing-software
https://interoperable-europe.ec.europa.eu/collection/interoperable-europe-academy/courses,Take the course here,https://academy.europa.eu/courses/the-once-only-technical-system
https://interoperable-europe.ec.europa.eu/collection/interoperable-europe-academy/courses,Learn more,https://interoperable-europe.ec.europa.eu/collection/interoperable-europe-academy/solution/once-only-technical-system
https://interoperable-europe.ec.europa.eu/collection/interoperable-europe-academy/courses,Report abusive content,https://interoperable-europe.ec.europa.eu/contact?category=report&uri=/collection/interoperable-europe-academy/courses&destination=collection/interoperable-europe-academy/courses
https://interoperable-europe.ec.europa.eu/collection/interoperable-europe-academy/policy-briefs,,https://interoperable-europe.ec.europa.eu/node/729263
https://interoperable-europe.ec.europa.eu/collection/interoperable-europe-academy/policy-briefs,Read more about Digital Counter - Revolutionising Public Service Delivery Through Innovation,https://interoperable-europe.ec.europa.eu/collection/interoperable-europe-academy/document/policy-brief-digital-counter-revolutionising-public-service-delivery-through-innovation
https://interoperable-europe.ec.europa.eu/collection/interoperable-europe-academy/policy-briefs,Read more about Getting started with setting up a smart city,https://interoperable-europe.ec.europa.eu/collection/interoperable-europe-academy/document/policy-brief-getting-started-setting-smart-city
https://interoperable-europe.ec.europa.eu/collection/interoperable-europe-academy/policy-briefs,Read more about How-To Guide for Implementing Local Digital Twins,https://interoperable-europe.ec.europa.eu/collection/interoperable-europe-academy/document/policy-brief-how-guide-implementing-local-digital-twins
https://interoperable-europe.ec.europa.eu/collection/interoperable-europe-academy/policy-briefs,Read more about EMi - A Digital Solution for Employment Services Transformation,https://interoperable-europe.ec.europa.eu/collection/interoperable-europe-academy/document/policy-brief-emi-digital-solution-employment-services-transformation
https://interoperable-europe.ec.europa.eu/collection/interoperable-europe-academy/policy-briefs,Read more about Stad Gent’s Public Processing Register: A Blueprint for Transparent Digital Governance,https://interoperable-europe.ec.europa.eu/collection/interoperable-europe-academy/document/policy-brief-stad-gents-public-processing-register-blueprint-transparent-digital-governance
https://interoperable-europe.ec.europa.eu/collection/interoperable-europe-academy/policy-briefs,Read more about Understanding the EU Once-Only Technical System (OOTS),https://interoperable-europe.ec.europa.eu/collection/interoperable-europe-academy/document/policy-brief-understanding-eu-once-only-technical-system-oots
https://interoperable-europe.ec.europa.eu/collection/interoperable-europe-academy/policy-briefs,Read more about Guiding AI Responsibly: Ireland’s Blueprint for the Public Service,https://interoperable-europe.ec.europa.eu/collection/interoperable-europe-academy/document/policy-brief-guiding-ai-responsibly-irelands-blueprint-public-service
https://interoperable-europe.ec.europa.eu/collection/interoperable-europe-academy/policy-briefs,Read more about Learning from Practice: Four Member States’ Journey Towards EU Interoperability Assessments,https://interoperable-europe.ec.europa.eu/collection/interoperable-europe-academy/document/policy-brief-learning-practice-four-member-states-journey-towards-eu-interoperability-assessments
https://interoperable-europe.ec.europa.eu/collection/interoperable-europe-academy/policy-briefs,Read more about Suomi.fi: Finland’s Unified Digital Platform for User-Centric Public Services,https://interoperable-europe.ec.europa.eu/collection/interoperable-europe-academy/document/policy-brief-suomifi-finlands-unified-digital-platform-user-centric-public-services
https://interoperable-europe.ec.europa.eu/collection/interoperable-europe-academy/policy-briefs,Read more about DCAT-AP: The Standard for EU Data Discoverability,https://interoperable-europe.ec.europa.eu/collection/interoperable-europe-academy/document/dcat-ap-standard-eu-data-discoverability
https://interoperable-europe.ec.europa.eu/collection/interoperable-europe-academy/policy-briefs,Read more about Tchap: France&#039;s sovereign messaging platform for government use,https://interoperable-europe.ec.europa.eu/collection/interoperable-europe-academy/document/tchap-frances-sovereign-messaging-platform-government-use
https://interoperable-europe.ec.europa.eu/collection/interoperable-europe-academy/policy-briefs,Read more about API Gateway Enablers: Ireland&#039;s Information Mediator and The Netherlands&#039; Federated Service Connectivity,https://interoperable-europe.ec.europa.eu/collection/interoperable-europe-academy/document/policy-brief-api-gateway-enablers-irelands-information-mediator-and-netherlands-federated-service
https://interoperable-europe.ec.europa.eu/collection/interoperable-europe-academy/policy-briefs,Read more about Interoperability Platform: Finland’s metadata service for the reuse of semantic resources,https://interoperable-europe.ec.europa.eu/collection/interoperable-europe-academy/document/policy-brief-interoperability-platform-finlands-metadata-service-reuse-semantic-resources
https://interoperable-europe.ec.europa.eu/collection/interoperable-europe-academy/policy-briefs,Read more about PDND: Italy’s national platform for API‑based exchanges,https://interoperable-europe.ec.europa.eu/collection/interoperable-europe-academy/document/policy-brief-pdnd-italys-national-platform-api-based-exchanges
https://interoperable-europe.ec.europa.eu/collection/interoperable-europe-academy/policy-briefs,Report abusive content,https://interoperable-europe.ec.europa.eu/contact?category=report&uri=/collection/interoperable-europe-academy/policy-briefs&destination=collection/interoperable-europe-academy/policy-briefs
https://interoperable-europe.ec.europa.eu/collection/interoperable-europe-academy/curriculum,,https://interoperable-europe.ec.europa.eu/node/722965
https://interoperable-europe.ec.europa.eu/collection/interoperable-europe-academy/curriculum,Europe’s Digital Decade,https://commission.europa.eu/strategy-and-policy/priorities-2019-2024/europe-fit-digital-age/europes-digital-decade-digital-targets-2030_en
https://interoperable-europe.ec.europa.eu/collection/interoperable-europe-academy/curriculum,Interoperable Europe Act,https://eur-lex.europa.eu/legal-content/EN/TXT/HTML/?uri=OJ:L_202400903
https://interoperable-europe.ec.europa.eu/collection/interoperable-europe-academy/curriculum,Click here and get to know our detailed curriculum,https://joinup.ec.europa.eu/collection/interoperable-europe-academy/solution/iopeu-academy-curriculum/our-curriculum
https://interoperable-europe.ec.europa.eu/collection/interoperable-europe-academy/curriculum,Interoperability: An introductory course,https://interoperable-europe.ec.europa.eu/collection/interoperable-europe-academy/solution/interoperability-introductory-course-0
https://interoperable-europe.ec.europa.eu/collection/interoperable-europe-academy/curriculum,The Interoperable Europe Act: Introduction,https://interoperable-europe.ec.europa.eu/collection/interoperable-europe-academy/solution/interoperable-europe-act-introduction
https://interoperable-europe.ec.europa.eu/collection/interoperable-europe-academy/curriculum,Interoperability: An introductory course,https://academy.europa.eu/courses/interoperability-an-introductory-course
https://interoperable-europe.ec.europa.eu/collection/interoperable-europe-academy/curriculum,The Interoperable Europe Act: Introduction,https://academy.europa.eu/courses/the-interoperable-europe-act-introduction
https://interoperable-europe.ec.europa.eu/collection/interoperable-europe-academy/curriculum,What is regulatory reporting and why is it important?,https://interoperable-europe.ec.europa.eu/collection/interoperable-europe-academy/solution/what-regulatory-reporting-and-why-it-important
https://interoperable-europe.ec.europa.eu/collection/interoperable-europe-academy/curriculum,Understanding Law as Code,https://interoperable-europe.ec.europa.eu/collection/interoperable-europe-academy/solution/understanding-law-code
https://interoperable-europe.ec.europa.eu/collection/interoperable-europe-academy/curriculum,What is regulatory reporting and why is it important?,https://academy.europa.eu/courses/what-is-regulatory-reporting-and-why-is-it-important
https://interoperable-europe.ec.europa.eu/collection/interoperable-europe-academy/curriculum,Understanding Law as Code,https://academy.europa.eu/courses/understanding-law-as-code
https://interoperable-europe.ec.europa.eu/collection/interoperable-europe-academy/curriculum,What is semantic interoperability?,https://interoperable-europe.ec.europa.eu/collection/interoperable-europe-academy/solution/what-semantic-interoperability
https://interoperable-europe.ec.europa.eu/collection/interoperable-europe-academy/curriculum,Introduction to core vocabularies,https://interoperable-europe.ec.europa.eu/collection/interoperable-europe-academy/solution/introduction-core-vocabularies
https://interoperable-europe.ec.europa.eu/collection/interoperable-europe-academy/curriculum,Introduction to DCAT-AP,https://interoperable-europe.ec.europa.eu/collection/interoperable-europe-academy/solution/introduction-dcat-ap
https://interoperable-europe.ec.europa.eu/collection/interoperable-europe-academy/curriculum,DCAT-AP and its variations,https://interoperable-europe.ec.europa.eu/collection/interoperable-europe-academy/solution/dcat-ap-and-its-variations
https://interoperable-europe.ec.europa.eu/collection/interoperable-europe-academy/curriculum,DCAT- AP for Data Spaces,https://interoperable-europe.ec.europa.eu/collection/interoperable-europe-academy/solution/dcat-ap-data-spaces
https://interoperable-europe.ec.europa.eu/collection/interoperable-europe-academy/curriculum,Linked Data Event Streams for Data Aggregation,https://interoperable-europe.ec.europa.eu/collection/interoperable-europe-academy/solution/linked-data-event-streams-data-aggregation
https://interoperable-europe.ec.europa.eu/collection/interoperable-europe-academy/curriculum,Publishing data with Linked Data Event Streams: why and how,https://interoperable-europe.ec.europa.eu/collection/interoperable-europe-academy/solution/publishing-data-linked-data-event-streams-why-and-how
https://interoperable-europe.ec.europa.eu/collection/interoperable-europe-academy/curriculum,Introduction to Artificial Intelligence for Public Service Interoperability,https://interoperable-europe.ec.europa.eu/collection/interoperable-europe-academy/solution/introduction-artificial-intelligence-public-service-interoperability
https://interoperable-europe.ec.europa.eu/collection/interoperable-europe-academy/curriculum,Introduction to the Core Public Service Vocabulary Application Profile (CPSV-AP),https://interoperable-europe.ec.europa.eu/collection/interoperable-europe-academy/solution/introduction-core-public-service-vocabulary-application-profile-cpsv-ap
https://interoperable-europe.ec.europa.eu/collection/interoperable-europe-academy/curriculum,Wikibase and Semantic MediaWiki for data-driven semantics,https://interoperable-europe.ec.europa.eu/collection/interoperable-europe-academy/solution/wikibase-and-semantic-mediawiki-data-driven-semantics
https://interoperable-europe.ec.europa.eu/collection/interoperable-europe-academy/curriculum,Enabling the Twin Digital and Green Transition via Solid and Internet of Things,https://interoperable-europe.ec.europa.eu/collection/interoperable-europe-academy/solution/enabling-twin-digital-and-green-transition-solid-and-internet-things
https://interoperable-europe.ec.europa.eu/collection/interoperable-europe-academy/curriculum,What is semantic interoperability?,https://academy.europa.eu/courses/what-is-semantic-interoperability
https://interoperable-europe.ec.europa.eu/collection/interoperable-europe-academy/curriculum,Introduction to core vocabularies,https://academy.europa.eu/courses/introduction-to-core-vocabularies
https://interoperable-europe.ec.europa.eu/collection/interoperable-europe-academy/curriculum,Introduction to DCAT-AP,https://academy.europa.eu/courses/introduction-to-dcat-ap
https://interoperable-europe.ec.europa.eu/collection/interoperable-europe-academy/curriculum,DCAT-AP and its variations,https://academy.europa.eu/courses/dcat-ap-and-its-variations
https://interoperable-europe.ec.europa.eu/collection/interoperable-europe-academy/curriculum,DCAT- AP for Data Spaces,https://academy.europa.eu/courses/dcat-ap-for-data-spaces
https://interoperable-europe.ec.europa.eu/collection/interoperable-europe-academy/curriculum,Linked Data Event Streams for Data aggregation,https://academy.europa.eu/courses/linked-data-event-streams-for-data-aggregation
https://interoperable-europe.ec.europa.eu/collection/interoperable-europe-academy/curriculum,Publishing data with Linked Data Event Streams: why and how,https://academy.europa.eu/courses/publishing-data-with-linked-data-event-streams-why-and-how
https://interoperable-europe.ec.europa.eu/collection/interoperable-europe-academy/curriculum,Introduction to Artificial Intelligence for Public Service Interoperability,https://academy.europa.eu/courses/introduction-to-artificial-intelligence-for-public-service-interoperability
https://interoperable-europe.ec.europa.eu/collection/interoperable-europe-academy/curriculum,Introduction to the Core Public Service Vocabulary Application Profile (CPSV-AP),https://academy.europa.eu/courses/introduction-to-the-core-public-service-vocabulary-application-profile-cpsv-ap
https://interoperable-europe.ec.europa.eu/collection/interoperable-europe-academy/curriculum,Wikibase and Semantic MediaWiki for data-driven semantics,https://academy.europa.eu/courses/wikibase-and-semantic-mediawiki-for-data-driven-semantics
https://interoperable-europe.ec.europa.eu/collection/interoperable-europe-academy/curriculum,Enabling the Twin Digital and Green Transition via Solid and Internet of Things,https://academy.europa.eu/courses/enabling-the-twin-digital-and-green-transition-via-solid-and-internet-of-things
https://interoperable-europe.ec.europa.eu/collection/interoperable-europe-academy/curriculum,Introduction to EIRA©,https://interoperable-europe.ec.europa.eu/collection/interoperable-europe-academy/solution/introduction-eirac
https://interoperable-europe.ec.europa.eu/collection/interoperable-europe-academy/curriculum,Introduction to eGovERA ©,https://interoperable-europe.ec.europa.eu/collection/interoperable-europe-academy/solution/introduction-egoverac
https://interoperable-europe.ec.europa.eu/collection/interoperable-europe-academy/curriculum,EIRA© & eGovERA© in support to a Digital Public Service Analysis,https://interoperable-europe.ec.europa.eu/collection/interoperable-europe-academy/solution/eirac-egoverac-support-digital-public-service-analysis
https://interoperable-europe.ec.europa.eu/collection/interoperable-europe-academy/curriculum,EIRA© & eGovERA© in support to a Digital Public Service Design,https://interoperable-europe.ec.europa.eu/collection/interoperable-europe-academy/solution/eirac-egoverac-support-digital-public-service-design
https://interoperable-europe.ec.europa.eu/collection/interoperable-europe-academy/curriculum,Introducing the Common Assessment Method for Standards and Specifications (CAMSS),https://interoperable-europe.ec.europa.eu/collection/interoperable-europe-academy/solution/introducing-common-assessment-method-standards-and-specifications-camss
https://interoperable-europe.ec.europa.eu/collection/interoperable-europe-academy/curriculum,Practical Modelling of Digital Public Services Using CarTool©,https://interoperable-europe.ec.europa.eu/collection/interoperable-europe-academy/solution/practical-modeling-digital-public-services-using-cartoolc
https://interoperable-europe.ec.europa.eu/collection/interoperable-europe-academy/curriculum,Introduction to EIRA ©,https://academy.europa.eu/courses/introduction-to-eira
https://interoperable-europe.ec.europa.eu/collection/interoperable-europe-academy/curriculum,Introduction to eGovERA©,https://academy.europa.eu/courses/introduction-to-egovera
https://interoperable-europe.ec.europa.eu/collection/interoperable-europe-academy/curriculum,EIRA© & eGovERA© in support to a Digital Public Service Analysis,https://secure-web.cisco.com/1SRt-Acj1YObvVj5vvxQ1j-4NTJmgcARBWPvpfbnYMNALqQoDnHn-fje3kRL7YV8HZYf53ygH16WdSvRVkz41tdU8EeBdEwLnUq6quHFdaXWOATS9iM6DRF2mLTRFECraL0iAfZuVXPjpNGNvUqi9QzptYbHqfbSh7O1rPLDBZmyJmAzpGLSetl3vET8X5_prYed8Dp38gPyQQ1IenbLOt8HUv2_TJmxuKr2LrQE3VyXyOyvrARosIXeUPf8QSwT4giQ8L_aGmjqW9nBdzOf1mn9rgDI4OEjls7g2UzZIislP4HAcbfHGqQzJsbf52O3m/https%3A%2F%2Furldefense.com%2Fv3%2F__https%3A%2Fsecure-web.cisco.com%2F1exE6dgi29hu645DhmEOSUc6PbMyE-FIgPRfxBUdJjn2TzmbMsuYAn_x0VrjKtN_ZVtq7P2e_IzOtqP3OPDTeE76_2GN0HhcP1A9XiR9Eq4KOVgigigNesjpZY3HKCFimlBL2Poez6dJ2NuQERNu60m74BM5DNCe4m-HHoYBmK3atKQQ64jX7oeH60bmGRxSsXIxFw1q3Rmr-OEkea29I2BDTLUXlADVnyr5CAmDpuEcsBchuUFYx28qtJHIRx_iAbgEYz6ehSpdyIaOzivM46igxzM3TG2DrZbXQSareUgv7dDGMckgKSfOGZ7GY9d3T%2Fhttps%2A3A%2A2F%2A2Furldefense.com%2A2Fv3%2A2F__https%2A3A%2A2Facademy.europa.eu%2A2Fcourses%2A2Feira-egovera-in-support-to-a-digital-public-service-analysis__%2A3B%2A21%2A21EJ3n55FBLexp1rhr%2A2143I-Rjnc2HAt9sIm8BLGG0uWx4bVxzud8QJ_t698Rd6nQSVVdAmGsPz_vZ4me65Vs9K4jsckLNEe5gmdW62y4iYXJhPQpaU%2A24__%3BJSUlJSUlJSUlJSUlJSU%21%21EJ3n55FBLexp1rhr%219YE_dGfAdJ083It-OmktchCalCJDF6x7Sy163BHeC8giSafPnl8b4uDJbTg8gtTMdAOXlx4HSrXd-c4NzIXH0EwVODmIonw%24
https://interoperable-europe.ec.europa.eu/collection/interoperable-europe-academy/curriculum,EIRA© & eGovERA© in support to a Digital Public Service Design,https://secure-web.cisco.com/1IpRA13iUS-f1JmGbhCoj-LuQIr10Ez1-9ldd_KA4nGgCW5vJLSbnMXaxwJSvUhItATiE0YU67qrtkFRRE1ZzcefNBJgCJu3DPA4Yk8F92Dj-eQpVUWkhRf9EhFR0amb7tLAYaKQqzy_fySvMtWCLB4pUmWJau4H_T6HhBSHEHS4oxcbH-8AdGo10GI0l1of9ukrx54yD5NN5NwcfBiDtqcHdXjLNQpU6zPPFBwD3sAiKrORPQAAPoq7in9gv2JaO033qCKM68wiJReDD-9dKYkl3plnplUVF7vA1lxB7REb77CvWW-GAlycqra_MPd25/https%3A%2F%2Furldefense.com%2Fv3%2F__https%3A%2Fsecure-web.cisco.com%2F1x0GhpMF0okkoYfY6NptFC35D4vMC667f8xWDaG-nnKSRUFMfu8imVulrkcunl8d1g7PY8-cav62YXv1wdzBjV4zHRkXbU7ZbvbzBLi9m1Jf3yS8UiDikeG3TvLSA2LhPzRTxgxANYU1-LKQJVRftapuKxk2kK-UJdBimgX5KTSoeHqH8sRNtW7h0E4XbabWATTrpgtURfuJ5UGiBDtoefQVBmNI2OtJz0aZi-YCX9f__m1LqlaO4OPLWnRf06Y6DqpQbTz1BDGZ5C78gfb4UY1znvQ-r4e36geCdr6lhgPMZlodUQLvRBI7_kLiVci6T%2Fhttps%2A3A%2A2F%2A2Furldefense.com%2A2Fv3%2A2F__https%2A3A%2A2Facademy.europa.eu%2A2Fcourses%2A2Feira-egovera-in-support-to-a-digital-public-service-design__%2A3B%2A21%2A21EJ3n55FBLexp1rhr%2A2143I-Rjnc2HAt9sIm8BLGG0uWx4bVxzud8QJ_t698Rd6nQSVVdAmGsPz_vZ4me65Vs9K4jsckLNEe5gmdW62y4iYXahu-wcc%2A24__%3BJSUlJSUlJSUlJSUlJSU%21%21EJ3n55FBLexp1rhr%219YE_dGfAdJ083It-OmktchCalCJDF6x7Sy163BHeC8giSafPnl8b4uDJbTg8gtTMdAOXlx4HSrXd-c4NzIXH0EwVgryjs3g%24
https://interoperable-europe.ec.europa.eu/collection/interoperable-europe-academy/curriculum,Introducing the Common Assessment Method for Standards and Specifications (CAMSS),https://academy.europa.eu/courses/introducing-the-common-assessment-method-for-standards-and-specifications-camss
https://interoperable-europe.ec.europa.eu/collection/interoperable-europe-academy/curriculum,Practical Modelling of Digital Public Services Using CarTool©,https://academy.europa.eu/courses/practical-modeling-of-digital-public-services-using-cartool
https://interoperable-europe.ec.europa.eu/collection/interoperable-europe-academy/curriculum,European Interoperability Framework (EIF) Online Training,https://interoperable-europe.ec.europa.eu/collection/interoperable-europe-academy/solution/european-interoperability-framework-eif-online-training
https://interoperable-europe.ec.europa.eu/collection/interoperable-europe-academy/curriculum,Alignment of the National Interoperability Frameworks (NIFs) to the European Interoperability Framework (EIF),https://interoperable-europe.ec.europa.eu/collection/interoperable-europe-academy/solution/alignment-national-interoperability-frameworks-nifs-european-interoperability-framework-eif
https://interoperable-europe.ec.europa.eu/collection/interoperable-europe-academy/curriculum,"The EIF Toolbox, support and guidance for the implementation of the EIF",https://interoperable-europe.ec.europa.eu/collection/interoperable-europe-academy/solution/eif-toolbox-support-and-guidance-implementation-eif
https://interoperable-europe.ec.europa.eu/collection/interoperable-europe-academy/curriculum,European Interoperability Framework (EIF) Online Training,https://academy.europa.eu/courses/european-interoperability-framework-eif-online-training
https://interoperable-europe.ec.europa.eu/collection/interoperable-europe-academy/curriculum,Alignment of the National Interoperability Frameworks (NIFs) to the European Interoperability Framework (EIF),https://academy.europa.eu/courses/alignment-of-the-national-interoperability-frameworks-nifs-to-the-european-interoperability-framework-eif
https://interoperable-europe.ec.europa.eu/collection/interoperable-europe-academy/curriculum,"The EIF Toolbox, support and guidance for the implementation of the EIF",https://academy.europa.eu/courses/the-eif-toolbox-support-and-guidance-for-the-implementation-of-the-eif
https://interoperable-europe.ec.europa.eu/collection/interoperable-europe-academy/curriculum,Digital-ready policymaking,https://interoperable-europe.ec.europa.eu/collection/interoperable-europe-academy/solution/digital-ready-policymaking
https://interoperable-europe.ec.europa.eu/collection/interoperable-europe-academy/curriculum,Introduction to Digital-ready Policymaking for IT Professionals,https://interoperable-europe.ec.europa.eu/collection/interoperable-europe-academy/solution/introduction-digital-ready-policymaking-it-professionals
https://interoperable-europe.ec.europa.eu/collection/interoperable-europe-academy/curriculum,Reform support for Member States - Technical Support Instrument,https://interoperable-europe.ec.europa.eu/collection/interoperable-europe-academy/solution/reform-support-member-states-technical-support-instrument
https://interoperable-europe.ec.europa.eu/collection/interoperable-europe-academy/curriculum,Introduction to GovTech and GovTech Connect Community,https://interoperable-europe.ec.europa.eu/collection/interoperable-europe-academy/solution/introduction-govtech-and-govtech-connect-community
https://interoperable-europe.ec.europa.eu/collection/interoperable-europe-academy/curriculum,Digital-ready policymaking,https://academy.europa.eu/courses/digital-ready-policymaking
https://interoperable-europe.ec.europa.eu/collection/interoperable-europe-academy/curriculum,Introduction to Digital-ready Policymaking for IT Professionals,https://academy.europa.eu/courses/introduction-to-digital-ready-policymaking-for-it-professionals
https://interoperable-europe.ec.europa.eu/collection/interoperable-europe-academy/curriculum,Reform support for Member States - Technical Support Instrument,https://academy.europa.eu/courses/reform-support-for-member-states-technical-support-instrument
https://interoperable-europe.ec.europa.eu/collection/interoperable-europe-academy/curriculum,Introduction to GovTech and GovTech Connect Community 🕮,https://academy.europa.eu/courses/introduction-to-govtech-and-the-govtech-connect-community
https://interoperable-europe.ec.europa.eu/collection/interoperable-europe-academy/curriculum,Accessibility essentials,https://interoperable-europe.ec.europa.eu/collection/interoperable-europe-academy/solution/accessibility-essentials
https://interoperable-europe.ec.europa.eu/collection/interoperable-europe-academy/curriculum,Accessibility: a demo series on Assistive technologies,https://interoperable-europe.ec.europa.eu/collection/interoperable-europe-academy/solution/accessibility-demo-series-assistive-technologies
https://interoperable-europe.ec.europa.eu/collection/interoperable-europe-academy/curriculum,Design Thinking Methodology in GovTech,https://interoperable-europe.ec.europa.eu/collection/interoperable-europe-academy/solution/design-thinking-methodology-stakeholder-engagement-govtech
https://interoperable-europe.ec.europa.eu/collection/interoperable-europe-academy/curriculum,Introduction to IMAPS,https://interoperable-europe.ec.europa.eu/collection/interoperable-europe-academy/solution/introduction-imaps
https://interoperable-europe.ec.europa.eu/collection/interoperable-europe-academy/curriculum,IMAPS in practice,https://interoperable-europe.ec.europa.eu/collection/interoperable-europe-academy/solution/imaps-practice
https://interoperable-europe.ec.europa.eu/collection/interoperable-europe-academy/curriculum,"PM C1 - PM² Essentials, Project Management Methodology",https://interoperable-europe.ec.europa.eu/collection/interoperable-europe-academy/solution/pm-c1-pm2-essentials-project-management-methodology
https://interoperable-europe.ec.europa.eu/collection/interoperable-europe-academy/curriculum,PM A1-PM²-Agile Essentials,https://interoperable-europe.ec.europa.eu/collection/interoperable-europe-academy/solution/pm-a1-pm2-agile-essentials
https://interoperable-europe.ec.europa.eu/collection/interoperable-europe-academy/curriculum,Interoperability Assessments Introduction,https://interoperable-europe.ec.europa.eu/collection/interoperable-europe-academy/solution/interoperability-assessments-introduction
https://interoperable-europe.ec.europa.eu/collection/interoperable-europe-academy/curriculum,Accessibility essentials,https://academy.europa.eu/courses/accessibility-essentials
https://interoperable-europe.ec.europa.eu/collection/interoperable-europe-academy/curriculum,Accessibility: a demo series on Assistive technologies,https://academy.europa.eu/courses/accessibility-a-demo-series-on-assistive-technologies
https://interoperable-europe.ec.europa.eu/collection/interoperable-europe-academy/curriculum,Design Thinking Methodology in GovTech,https://academy.europa.eu/courses/design-thinking-methodology-for-stakeholder-engagement-in-govtech
https://interoperable-europe.ec.europa.eu/collection/interoperable-europe-academy/curriculum,Introduction to IMAPS,https://academy.europa.eu/courses/introduction-to-imaps
https://interoperable-europe.ec.europa.eu/collection/interoperable-europe-academy/curriculum,IMAPS in practice,https://academy.europa.eu/courses/imaps-in-practice
https://interoperable-europe.ec.europa.eu/collection/interoperable-europe-academy/curriculum,"PM C1 - PM² Essentials, Project Management Methodology",https://academy.europa.eu/courses/pm-c1-pm-essentials-project-management-methodology
https://interoperable-europe.ec.europa.eu/collection/interoperable-europe-academy/curriculum,PM A1-PM²-Agile Essentials,https://academy.europa.eu/courses/pm-a1-pm-agile-essentials
https://interoperable-europe.ec.europa.eu/collection/interoperable-europe-academy/curriculum,Interoperability Assessments: Introduction,https://academy.europa.eu/courses/interoperability-assessments-introduction
https://interoperable-europe.ec.europa.eu/collection/interoperable-europe-academy/curriculum,Interoperability for Smarter Public Services: An Introduction to MIMs Plus,https://interoperable-europe.ec.europa.eu/collection/interoperable-europe-academy/solution/interoperability-smarter-public-services-introduction-mims-plus
https://interoperable-europe.ec.europa.eu/collection/interoperable-europe-academy/curriculum,Interoperability regulatory sandbox: innovation support measure,https://interoperable-europe.ec.europa.eu/collection/interoperable-europe-academy/solution/interoperability-regulatory-sandbox-innovation-support-measure
https://interoperable-europe.ec.europa.eu/collection/interoperable-europe-academy/curriculum,Interoperability Test Bed: conformance testing for managers,https://interoperable-europe.ec.europa.eu/collection/interoperable-europe-academy/solution/interoperability-test-bed-conformance-testing-managers
https://interoperable-europe.ec.europa.eu/collection/interoperable-europe-academy/curriculum,Getting started with the Interoperability Test Bed,https://interoperable-europe.ec.europa.eu/collection/interoperable-europe-academy/solution/getting-started-interoperability-test-bed
https://interoperable-europe.ec.europa.eu/collection/interoperable-europe-academy/curriculum,Access to Base Registries,https://interoperable-europe.ec.europa.eu/collection/interoperable-europe-academy/solution/access-base-registries
https://interoperable-europe.ec.europa.eu/collection/interoperable-europe-academy/curriculum,Big Data Test Infrastructure: Enabling a data-informed public sector,https://interoperable-europe.ec.europa.eu/collection/interoperable-europe-academy/solution/big-data-test-infrastructure-bdti
https://interoperable-europe.ec.europa.eu/collection/interoperable-europe-academy/curriculum,Interoperability for Smarter Public Services: An Introduction to MIMs Plus,https://academy.europa.eu/courses/interoperability-for-smarter-public-services-an-introduction-to-mims-plus
https://interoperable-europe.ec.europa.eu/collection/interoperable-europe-academy/curriculum,Interoperability regulatory sandbox: innovation support measure,https://academy.europa.eu/courses/interoperability-test-bed-conformance-testing-for-managers
https://interoperable-europe.ec.europa.eu/collection/interoperable-europe-academy/curriculum,Getting started with the Interoperability Test Bed,https://academy.europa.eu/courses/getting-started-with-the-interoperability-test-bed
https://interoperable-europe.ec.europa.eu/collection/interoperable-europe-academy/curriculum,Access to Base Registries eLearning course,https://academy.europa.eu/courses/access-to-base-registries-elearning-course
https://interoperable-europe.ec.europa.eu/collection/interoperable-europe-academy/curriculum,Big Data Test Infrastructure: Enabling a data-informed public sector,https://academy.europa.eu/courses/big-data-test-infrastructure-bdti
https://interoperable-europe.ec.europa.eu/collection/interoperable-europe-academy/curriculum,Introduction to the EU Open Source Solutions Catalogue,https://interoperable-europe.ec.europa.eu/collection/interoperable-europe-academy/solution/introduction-eu-open-source-solutions-catalogue
https://interoperable-europe.ec.europa.eu/collection/interoperable-europe-academy/curriculum,Introduction to publiccode.yml: Metadata for public sector open source software projects,https://interoperable-europe.ec.europa.eu/collection/interoperable-europe-academy/solution/introduction-publiccodeyml-metadata-public-sector-open-source-software-projects
https://interoperable-europe.ec.europa.eu/collection/interoperable-europe-academy/curriculum,Open Source Software for EU Public Administrations - Module 1,https://interoperable-europe.ec.europa.eu/collection/interoperable-europe-academy/solution/open-source-software-eu-public-administrations-module-1
https://interoperable-europe.ec.europa.eu/collection/interoperable-europe-academy/curriculum,Open Source Software for EU Public Administrations - Module 2,https://interoperable-europe.ec.europa.eu/collection/interoperable-europe-academy/solution/open-source-software-eu-public-administrations-module-2
https://interoperable-europe.ec.europa.eu/collection/interoperable-europe-academy/curriculum,Open Source Software for EU Public Administrations - Module 3,https://interoperable-europe.ec.europa.eu/collection/interoperable-europe-academy/solution/open-source-software-eu-public-administrations-module-3
https://interoperable-europe.ec.europa.eu/collection/interoperable-europe-academy/curriculum,Introduction to Open Software Licensing,https://interoperable-europe.ec.europa.eu/collection/interoperable-europe-academy/solution/introduction-open-software-licensing
https://interoperable-europe.ec.europa.eu/collection/interoperable-europe-academy/curriculum,The European Union Public License (EUPL),https://interoperable-europe.ec.europa.eu/collection/interoperable-europe-academy/solution/european-union-public-license-eupl
https://interoperable-europe.ec.europa.eu/collection/interoperable-europe-academy/curriculum,Licensing Assistant,https://interoperable-europe.ec.europa.eu/collection/interoperable-europe-academy/solution/joinup-licensing-assistant-jla
https://interoperable-europe.ec.europa.eu/collection/interoperable-europe-academy/curriculum,Overcoming the challenges of sharing and reusing software,https://interoperable-europe.ec.europa.eu/collection/interoperable-europe-academy/solution/overcoming-challenges-sharing-and-reusing-software
https://interoperable-europe.ec.europa.eu/collection/interoperable-europe-academy/curriculum,Introduction to the EU Open Source Solutions Catalogue,https://academy.europa.eu/courses/introduction-to-the-eu-open-source-solutions-catalogue
https://interoperable-europe.ec.europa.eu/collection/interoperable-europe-academy/curriculum,Introduction to publiccode.yml: Metadata for public sector open source software projects,https://academy.europa.eu/courses/introduction-to-publiccode-yml-metadata-for-public-sector-open-source-software-projects
https://interoperable-europe.ec.europa.eu/collection/interoperable-europe-academy/curriculum,Open Source Software for EU Public Administrations - Module 1,https://academy.europa.eu/courses/open-source-software-for-eu-public-administrations-module-1
https://interoperable-europe.ec.europa.eu/collection/interoperable-europe-academy/curriculum,Open Source Software for EU Public Administrations - Module 2,https://academy.europa.eu/courses/open-source-software-for-eu-public-administrations-module-2
https://interoperable-europe.ec.europa.eu/collection/interoperable-europe-academy/curriculum,Open Source Software for EU Public Administrations - Module 3,https://academy.europa.eu/courses/open-source-software-for-eu-public-administrations-module-3
https://interoperable-europe.ec.europa.eu/collection/interoperable-europe-academy/curriculum,Introduction to Open Software Licensing,https://academy.europa.eu/courses/introduction-to-open-software-licensing
https://interoperable-europe.ec.europa.eu/collection/interoperable-europe-academy/curriculum,The European Union Public License (EUPL),https://academy.europa.eu/courses/the-european-union-public-license-eupl
https://interoperable-europe.ec.europa.eu/collection/interoperable-europe-academy/curriculum,Licensing Assistant,https://academy.europa.eu/courses/licensing-assistant
https://interoperable-europe.ec.europa.eu/collection/interoperable-europe-academy/curriculum,Overcoming the challenges of sharing and reusing software,https://academy.europa.eu/courses/overcoming-the-challenges-of-sharing-and-reusing-software-1783013865
https://interoperable-europe.ec.europa.eu/collection/interoperable-europe-academy/curriculum,The Once Only Technical System,https://interoperable-europe.ec.europa.eu/collection/interoperable-europe-academy/solution/once-only-technical-system
https://interoperable-europe.ec.europa.eu/collection/interoperable-europe-academy/curriculum,The Once Only Technical System,https://academy.europa.eu/courses/the-once-only-technical-system
https://interoperable-europe.ec.europa.eu/collection/interoperable-europe-academy/curriculum,Yes,https://interoperable-europe.ec.europa.eu/modal/anonymous/vote?destination=/collection/interoperable-europe-academy/curriculum
https://interoperable-europe.ec.europa.eu/collection/interoperable-europe-academy/curriculum,Report abusive content,https://interoperable-europe.ec.europa.eu/contact?category=report&uri=/collection/interoperable-europe-academy/curriculum&destination=collection/interoperable-europe-academy/curriculum
https://interoperable-europe.ec.europa.eu/collection/interoperable-europe-academy/event/interoperable-europe-seasonal-school-2026,,https://interoperable-europe.ec.europa.eu/node/734145
https://interoperable-europe.ec.europa.eu/collection/interoperable-europe-academy/event/interoperable-europe-seasonal-school-2026,Portal Team,https://interoperable-europe.ec.europa.eu/user/714574
https://interoperable-europe.ec.europa.eu/collection/interoperable-europe-academy/event/interoperable-europe-seasonal-school-2026,,https://interoperable-europe.ec.europa.eu/form/registration-seasonal-school-20
https://interoperable-europe.ec.europa.eu/collection/interoperable-europe-academy/event/interoperable-europe-seasonal-school-2026,,https://interoperable-europe.ec.europa.eu/collection/interoperable-europe-academy/seasonal-school-2026-speakers-seasonal-school-2026
https://interoperable-europe.ec.europa.eu/collection/interoperable-europe-academy/event/interoperable-europe-seasonal-school-2026,Digital-ready policymaking: from theory to practice,https://interoperable-europe.ec.europa.eu/sites/default/files/inline-files/session-01-digital-ready-policymaking-from-theory-to-practice_1.pdf
https://interoperable-europe.ec.europa.eu/collection/interoperable-europe-academy/event/interoperable-europe-seasonal-school-2026,Get to know the Assessment Toolbox,https://interoperable-europe.ec.europa.eu/sites/default/files/inline-files/session-02-get-to-know-the-assessment-toolbox_1.pdf
https://interoperable-europe.ec.europa.eu/collection/interoperable-europe-academy/event/interoperable-europe-seasonal-school-2026,A practical walk-through of the Assessment Toolbox,https://interoperable-europe.ec.europa.eu/sites/default/files/inline-files/session-03-a-practical-walk-through-of-the-assessment-toolbox_1.pdf
https://interoperable-europe.ec.europa.eu/collection/interoperable-europe-academy/event/interoperable-europe-seasonal-school-2026,Explore interoperability solutions you can reuse in your project,https://interoperable-europe.ec.europa.eu/sites/default/files/inline-files/session-04-explore-interoperability-solutions-you-can-reuse-in-your-project_1.pdf
https://interoperable-europe.ec.europa.eu/collection/interoperable-europe-academy/event/interoperable-europe-seasonal-school-2026,From code to reuse: inside the EU Open Source Solutions Catalogue,https://interoperable-europe.ec.europa.eu/sites/default/files/inline-files/session-05-from-code-to-reuse-inside-the-eu-open-source-solutions-catalogue_1.pdf
https://interoperable-europe.ec.europa.eu/collection/interoperable-europe-academy/event/interoperable-europe-seasonal-school-2026,EIRA & eGovERA in practice: real-world applications in Digital Public Services,https://interoperable-europe.ec.europa.eu/sites/default/files/inline-files/session-06-eira-egovera-in-practice-real-world-applications-in-digital-public-services_1.pdf
https://interoperable-europe.ec.europa.eu/collection/interoperable-europe-academy/event/interoperable-europe-seasonal-school-2026,Organisational methodologies for Europe: the European Commission’s PM² Methodologies,https://interoperable-europe.ec.europa.eu/sites/default/files/inline-files/session-07-organisational-methodologies-for-europe-the-european-commission-s-pm2-methodologies_1.pdf
https://interoperable-europe.ec.europa.eu/collection/interoperable-europe-academy/event/interoperable-europe-seasonal-school-2026,Where collaboration meets interoperability: the Interoperable Europe Community,https://interoperable-europe.ec.europa.eu/sites/default/files/inline-files/session-08-where-collaboration-meets-interoperability-the-interoperable-europe-community_2.pdf
https://interoperable-europe.ec.europa.eu/collection/interoperable-europe-academy/event/interoperable-europe-seasonal-school-2026,Starting Digital Public Service development from the organisational perspective,https://interoperable-europe.ec.europa.eu/sites/default/files/inline-files/session-09-starting-digital-public-service-development-from-the-organisational-perspective_0.pdf
https://interoperable-europe.ec.europa.eu/collection/interoperable-europe-academy/event/interoperable-europe-seasonal-school-2026,Peer-learning policy briefs: a source of inspiration for public administrations,https://interoperable-europe.ec.europa.eu/sites/default/files/inline-files/session-10-peer-learning-policy-briefs-a-source-of-inspiration-for-public-administrations_0.pdf
https://interoperable-europe.ec.europa.eu/collection/interoperable-europe-academy/event/interoperable-europe-seasonal-school-2026,Interoperability: An introductory course,https://academy.europa.eu/courses/interoperability-an-introductory-course
https://interoperable-europe.ec.europa.eu/collection/interoperable-europe-academy/event/interoperable-europe-seasonal-school-2026,Interoperable Europe Act: Introduction,https://academy.europa.eu/courses/the-interoperable-europe-act-introduction
https://interoperable-europe.ec.europa.eu/collection/interoperable-europe-academy/event/interoperable-europe-seasonal-school-2026,Digital-ready policymaking,https://academy.europa.eu/courses/digital-ready-policymaking
https://interoperable-europe.ec.europa.eu/collection/interoperable-europe-academy/event/interoperable-europe-seasonal-school-2026,Interoperability Assessments: Introduction,https://academy.europa.eu/courses/interoperability-assessments-introduction
https://interoperable-europe.ec.europa.eu/collection/interoperable-europe-academy/event/interoperable-europe-seasonal-school-2026,Introduction to the EU Open Source Solutions Catalogue,https://academy.europa.eu/courses/introduction-to-the-eu-open-source-solutions-catalogue
https://interoperable-europe.ec.europa.eu/collection/interoperable-europe-academy/event/interoperable-europe-seasonal-school-2026,Introduction to EIRA,https://academy.europa.eu/courses/introduction-to-eira
https://interoperable-europe.ec.europa.eu/collection/interoperable-europe-academy/event/interoperable-europe-seasonal-school-2026,Introduction to eGovERA©,https://academy.europa.eu/courses/introduction-to-egovera
https://interoperable-europe.ec.europa.eu/collection/interoperable-europe-academy/event/interoperable-europe-seasonal-school-2026,"PM C1 - PM² Essentials, Project Management Methodology",https://academy.europa.eu/courses/pm-c1-pm-essentials-project-management-methodology
https://interoperable-europe.ec.europa.eu/collection/interoperable-europe-academy/event/interoperable-europe-seasonal-school-2026,Guidelines on Sharing Interoperability Solutions,https://interoperable-europe.ec.europa.eu/sites/default/files/inline-files/session-11-guidelines-on-sharing-interoperability-solutions_0.pdf
https://interoperable-europe.ec.europa.eu/collection/interoperable-europe-academy/event/interoperable-europe-seasonal-school-2026,Building Semantic Interoperability: the SEMIC Way,https://interoperable-europe.ec.europa.eu/sites/default/files/inline-files/session-12-building-semantic-interoperability-the-semic-way_0.pdf
https://interoperable-europe.ec.europa.eu/collection/interoperable-europe-academy/event/interoperable-europe-seasonal-school-2026,EIF Compliance Assessment with CAMSS – a practical introduction,https://interoperable-europe.ec.europa.eu/sites/default/files/inline-files/session-13-eif-compliance-assessment-with-camss-a-practical-introduction_0.pdf
https://interoperable-europe.ec.europa.eu/collection/interoperable-europe-academy/event/interoperable-europe-seasonal-school-2026,GovTech and innovation in the public sector,https://interoperable-europe.ec.europa.eu/sites/default/files/inline-files/session-14-govtech-and-innovation-in-the-public-sector_0.pdf
https://interoperable-europe.ec.europa.eu/collection/interoperable-europe-academy/event/interoperable-europe-seasonal-school-2026,Test your system with the Interoperability Test Bed – a hands-on introduction,https://interoperable-europe.ec.europa.eu/sites/default/files/inline-files/session-15-test-your-system-with-the-interoperability-test-bed-a-hands-on-introduction_0.pdf
https://interoperable-europe.ec.europa.eu/collection/interoperable-europe-academy/event/interoperable-europe-seasonal-school-2026,From Monitoring to Impact: Exploring the Interoperable Europe Portfolio,https://interoperable-europe.ec.europa.eu/sites/default/files/inline-files/session-16-from-monitoring-to-impact-exploring-the-interoperable-europe-portfolio_0.pdf
https://interoperable-europe.ec.europa.eu/collection/interoperable-europe-academy/event/interoperable-europe-seasonal-school-2026,Building skills: what does it take to implement an Interoperable Digital Public Service?,https://interoperable-europe.ec.europa.eu/sites/default/files/inline-files/session-17-building-skills-what-does-it-take-to-implement-an-interoperable-digital-public-service_0.pdf
https://interoperable-europe.ec.europa.eu/collection/interoperable-europe-academy/event/interoperable-europe-seasonal-school-2026,Getting started with the Interoperability Test Bed,https://academy.europa.eu/courses/getting-started-with-the-interoperability-test-bed
https://interoperable-europe.ec.europa.eu/collection/interoperable-europe-academy/event/interoperable-europe-seasonal-school-2026,Interoperability Test Bed: conformance testing for managers,https://academy.europa.eu/courses/interoperability-test-bed-conformance-testing-for-managers
https://interoperable-europe.ec.europa.eu/collection/interoperable-europe-academy/event/interoperable-europe-seasonal-school-2026,European Interoperability Framework (EIF) Online Training,https://academy.europa.eu/courses/european-interoperability-framework-eif-online-training
https://interoperable-europe.ec.europa.eu/collection/interoperable-europe-academy/event/interoperable-europe-seasonal-school-2026,What is semantic interoperability?,https://academy.europa.eu/courses/what-is-semantic-interoperability
https://interoperable-europe.ec.europa.eu/collection/interoperable-europe-academy/event/interoperable-europe-seasonal-school-2026,Introducing the Common Assessment Method for Standards and Specifications (CAMSS),https://academy.europa.eu/courses/introducing-the-common-assessment-method-for-standards-and-specifications-camss
https://interoperable-europe.ec.europa.eu/collection/interoperable-europe-academy/event/interoperable-europe-seasonal-school-2026,Introduction to GovTech and the GovTech Connect Community,https://academy.europa.eu/courses/introduction-to-govtech-and-the-govtech-connect-community
https://interoperable-europe.ec.europa.eu/collection/interoperable-europe-academy/event/interoperable-europe-seasonal-school-2026,Design Thinking Methodology for Stakeholder Engagement in GovTech,https://academy.europa.eu/courses/design-thinking-methodology-for-stakeholder-engagement-in-govtech
https://interoperable-europe.ec.europa.eu/collection/interoperable-europe-academy/event/interoperable-europe-seasonal-school-2026,Report abusive content,https://interoperable-europe.ec.europa.eu/contact?category=report&uri=/collection/interoperable-europe-academy/event/interoperable-europe-seasonal-school-2026&destination=collection/interoperable-europe-academy/event/interoperable-europe-seasonal-school-2026
https://interoperable-europe.ec.europa.eu/collection/interoperable-europe-academy/event/interoperable-europe-seasonal-school-2026,Maria Cruz Moran Marcos,https://interoperable-europe.ec.europa.eu/user/772307
https://interoperable-europe.ec.europa.eu/collection/interoperable-europe-academy/event/interoperable-europe-seasonal-school-2026,,https://interoperable-europe.ec.europa.eu/comment/504065
https://interoperable-europe.ec.europa.eu/collection/interoperable-europe-academy/event/interoperable-europe-seasonal-school-2026,Alina Maria BREBENEL,https://interoperable-europe.ec.europa.eu/user/757739
https://interoperable-europe.ec.europa.eu/collection/interoperable-europe-academy/event/interoperable-europe-seasonal-school-2026,,https://interoperable-europe.ec.europa.eu/comment/504066
https://interoperable-europe.ec.europa.eu/collection/interoperable-europe-academy/event/interoperable-europe-seasonal-school-2026,Sari Katariina Riippi,https://interoperable-europe.ec.europa.eu/user/771141
https://interoperable-europe.ec.europa.eu/collection/interoperable-europe-academy/event/interoperable-europe-seasonal-school-2026,,https://interoperable-europe.ec.europa.eu/comment/504067
https://interoperable-europe.ec.europa.eu/collection/interoperable-europe-academy/event/interoperable-europe-seasonal-school-2026,remy wehrung,https://interoperable-europe.ec.europa.eu/user/769433
https://interoperable-europe.ec.europa.eu/collection/interoperable-europe-academy/event/interoperable-europe-seasonal-school-2026,,https://interoperable-europe.ec.europa.eu/comment/504068
https://interoperable-europe.ec.europa.eu/collection/interoperable-europe-academy/event/interoperable-europe-seasonal-school-2026,Monica Coca,https://interoperable-europe.ec.europa.eu/user/771986
https://interoperable-europe.ec.europa.eu/collection/interoperable-europe-academy/event/interoperable-europe-seasonal-school-2026,,https://interoperable-europe.ec.europa.eu/comment/504069
https://interoperable-europe.ec.europa.eu/collection/interoperable-europe-academy/event/interoperable-europe-seasonal-school-2026,,https://interoperable-europe.ec.europa.eu/comment/504070
https://interoperable-europe.ec.europa.eu/collection/interoperable-europe-academy/event/interoperable-europe-seasonal-school-2026,,https://interoperable-europe.ec.europa.eu/comment/504071
https://interoperable-europe.ec.europa.eu/collection/interoperable-europe-academy/event/interoperable-europe-seasonal-school-2026,,https://interoperable-europe.ec.europa.eu/comment/504072
https://interoperable-europe.ec.europa.eu/collection/interoperable-europe-academy/event/interoperable-europe-seasonal-school-2026,,https://interoperable-europe.ec.europa.eu/comment/504073
https://interoperable-europe.ec.europa.eu/collection/interoperable-europe-academy/event/interoperable-europe-seasonal-school-2026,Chrisa Christodoulaki,https://interoperable-europe.ec.europa.eu/user/765005
https://interoperable-europe.ec.europa.eu/collection/interoperable-europe-academy/event/interoperable-europe-seasonal-school-2026,,https://interoperable-europe.ec.europa.eu/comment/504074
https://interoperable-europe.ec.europa.eu/collection/interoperable-europe-academy/event/interoperable-europe-seasonal-school-2026,Login,https://interoperable-europe.ec.europa.eu/eulogin
https://interoperable-europe.ec.europa.eu/collection/interoperable-europe-academy/event/interoperable-europe-seasonal-school-2026,create an account,https://interoperable-europe.ec.europa.eu/user/register
https://interoperable-europe.ec.europa.eu/collection/semic-conference,Register,https://register.event-works.europa.eu/dgscic/SEMIC_2026/e/lk/k/
https://interoperable-europe.ec.europa.eu/collection/semic-conference,,https://interoperable-europe.ec.europa.eu/sites/default/files/gallery/2026-06/semic_2025_day_2_part_1-02708-2-1.jpg
https://interoperable-europe.ec.europa.eu/collection/semic-conference,,https://interoperable-europe.ec.europa.eu/sites/default/files/gallery/2026-06/semic_2025_day_2_part_1-02868.jpg
https://interoperable-europe.ec.europa.eu/collection/semic-conference,,https://interoperable-europe.ec.europa.eu/sites/default/files/gallery/2026-06/semic_2025_day_2_part_1-02838-1.jpg
https://interoperable-europe.ec.europa.eu/collection/semic-conference,,https://interoperable-europe.ec.europa.eu/sites/default/files/gallery/2026-06/semic_2025_day_2_part_1-02803.jpg
https://interoperable-europe.ec.europa.eu/collection/semic-conference,,https://interoperable-europe.ec.europa.eu/sites/default/files/gallery/2026-06/semic_2025-50.jpg
https://interoperable-europe.ec.europa.eu/collection/semic-conference,,https://interoperable-europe.ec.europa.eu/sites/default/files/gallery/2026-06/semic_2025_day_2_part_1-02750.jpg
https://interoperable-europe.ec.europa.eu/collection/semic-conference,,https://interoperable-europe.ec.europa.eu/sites/default/files/gallery/2026-06/semic_2025_day_2_part_2-7306649.jpg
https://interoperable-europe.ec.europa.eu/collection/semic-conference,,https://interoperable-europe.ec.europa.eu/sites/default/files/gallery/2026-06/semic_2025-55.jpg
https://interoperable-europe.ec.europa.eu/collection/semic-conference,,https://interoperable-europe.ec.europa.eu/sites/default/files/gallery/2026-06/semic_2025_day_2_part_2-03004-1-2.jpg
https://interoperable-europe.ec.europa.eu/collection/semic-conference,,https://interoperable-europe.ec.europa.eu/sites/default/files/gallery/2026-06/semic_2025_day_2_part_1-02881.jpg
https://interoperable-europe.ec.europa.eu/collection/semic-conference,,https://interoperable-europe.ec.europa.eu/sites/default/files/gallery/2026-06/semic_2025_day_2_part_3-03191.jpg
https://interoperable-europe.ec.europa.eu/collection/semic-conference,,https://interoperable-europe.ec.europa.eu/sites/default/files/gallery/2026-06/semic_2025-39.jpg
https://interoperable-europe.ec.europa.eu/collection/semic-conference,,https://interoperable-europe.ec.europa.eu/sites/default/files/gallery/2026-06/semic_2025_day_2_part_3-03385_0.jpg
https://interoperable-europe.ec.europa.eu/collection/semic-conference,,https://interoperable-europe.ec.europa.eu/sites/default/files/gallery/2026-06/semic_2025_day_2_part_2-03008.jpg
https://interoperable-europe.ec.europa.eu/collection/semic-conference,,https://interoperable-europe.ec.europa.eu/sites/default/files/gallery/2026-06/semic_2025_day_2_part_2-03005.jpg
https://interoperable-europe.ec.europa.eu/collection/semic-conference,,https://interoperable-europe.ec.europa.eu/sites/default/files/gallery/2026-06/semic_2025_day_2_part_1-02882.jpg
https://interoperable-europe.ec.europa.eu/collection/semic-conference,,https://interoperable-europe.ec.europa.eu/sites/default/files/gallery/2026-06/semic_2025_day_2_part_4-03484-1_1.jpg
https://interoperable-europe.ec.europa.eu/collection/semic-conference,,https://interoperable-europe.ec.europa.eu/sites/default/files/gallery/2026-06/semic_2025_day_2_part_1-02682-1.jpg
https://interoperable-europe.ec.europa.eu/collection/semic-conference,,https://interoperable-europe.ec.europa.eu/sites/default/files/gallery/2026-06/semic_2025_day_2_part_1-02695.jpg
https://interoperable-europe.ec.europa.eu/collection/semic-conference,,https://interoperable-europe.ec.europa.eu/sites/default/files/gallery/2026-06/semic_2025-10.jpg
https://interoperable-europe.ec.europa.eu/collection/semic-conference,,https://interoperable-europe.ec.europa.eu/sites/default/files/gallery/2026-06/semic_2025-23.jpg
https://interoperable-europe.ec.europa.eu/collection/semic-conference,,https://interoperable-europe.ec.europa.eu/sites/default/files/gallery/2026-06/semic_2025-26-1.jpg
https://interoperable-europe.ec.europa.eu/collection/semic-conference,Watch the SEMIC 2025 recordings,https://www.youtube.com/watch?v=Hg4UzzvX5AY&list=PLTqrUzsdFBKZWwthyX5leexwKy1nylMhg&index=3
https://interoperable-europe.ec.europa.eu/collection/semic-conference,SEMIC Support Centre,https://interoperable-europe.ec.europa.eu/collection/semic-support-centre
https://interoperable-europe.ec.europa.eu/collection/semic-conference,,https://www.linkedin.com/groups/12907049/
https://interoperable-europe.ec.europa.eu/collection/semic-conference,,https://x.com/InteroperableEU
https://interoperable-europe.ec.europa.eu/collection/semic-conference,,https://www.youtube.com/c/interoperableeurope
https://interoperable-europe.ec.europa.eu/collection/semic-conference,Interoperable Europe Newsletter,https://ec.europa.eu/newsroom/informatics/user-subscriptions/1115/create
https://interoperable-europe.ec.europa.eu/collection/semic-conference,Report abusive content,https://interoperable-europe.ec.europa.eu/contact?category=report&uri=/collection/semic-conference/home&destination=collection/semic-conference/home
https://interoperable-europe.ec.europa.eu/eulogin,Skip to Main Content,https://ecas.ec.europa.eu/cas/login?loginRequestId=ECAS_LR-34573169-4so8KgJ4EoqcrgKTCGOFbsfdwq29l0sVAGhxyLKJeXeIhCc1aAI616q6Jq77VR245rJeOgzRMfvxKd2dw5AmZC-R2zIpfT8xjM5mJ4bj6EWvC-9d6GudDAPV3AvWWn7qhCzT7h2LihDOHyl1n82gmDq9oCQsvjMvW6XBc4FUiwkQAvQLueIWb8FRRj4SFMzmvDFa
https://interoperable-europe.ec.europa.eu/eulogin,Click here to learn more.,https://ecas.ec.europa.eu/cas/cookies.html;__Secure-ECAS_SESSIONID=XrzjH4rWm38thlFzNmCm_Sr1JEhrfW87fi9w7CCSGaVfWwl5CnXNBF9USQAoeN24tP8!-578912240?loginRequestId=ECAS_LR-34573169-4so8KgJ4EoqcrgKTCGOFbsfdwq29l0sVAGhxyLKJeXeIhCc1aAI616q6Jq77VR245rJeOgzRMfvxKd2dw5AmZC-R2zIpfT8xjM5mJ4bj6EWvC-9d6GudDAPV3AvWWn7qhCzT7h2LihDOHyl1n82gmDq9oCQsvjMvW6XBc4FUiwkQAvQLueIWb8FRRj4SFMzmvDFa
https://interoperable-europe.ec.europa.eu/eulogin,EU Login,https://ecas.ec.europa.eu/cas/login;__Secure-ECAS_SESSIONID=XrzjH4rWm38thlFzNmCm_Sr1JEhrfW87fi9w7CCSGaVfWwl5CnXNBF9USQAoeN24tP8!-578912240?loginRequestId=ECAS_LR-34573169-4so8KgJ4EoqcrgKTCGOFbsfdwq29l0sVAGhxyLKJeXeIhCc1aAI616q6Jq77VR245rJeOgzRMfvxKd2dw5AmZC-R2zIpfT8xjM5mJ4bj6EWvC-9d6GudDAPV3AvWWn7qhCzT7h2LihDOHyl1n82gmDq9oCQsvjMvW6XBc4FUiwkQAvQLueIWb8FRRj4SFMzmvDFa
https://interoperable-europe.ec.europa.eu/eulogin,,https://ecas.ec.europa.eu/cas/;__Secure-ECAS_SESSIONID=XrzjH4rWm38thlFzNmCm_Sr1JEhrfW87fi9w7CCSGaVfWwl5CnXNBF9USQAoeN24tP8!-578912240
https://interoperable-europe.ec.europa.eu/eulogin,Create an account,https://ecas.ec.europa.eu/cas/eim/external/register.cgi;__Secure-ECAS_SESSIONID=XrzjH4rWm38thlFzNmCm_Sr1JEhrfW87fi9w7CCSGaVfWwl5CnXNBF9USQAoeN24tP8!-578912240?loginRequestId=ECAS_LR-34573169-4so8KgJ4EoqcrgKTCGOFbsfdwq29l0sVAGhxyLKJeXeIhCc1aAI616q6Jq77VR245rJeOgzRMfvxKd2dw5AmZC-R2zIpfT8xjM5mJ4bj6EWvC-9d6GudDAPV3AvWWn7qhCzT7h2LihDOHyl1n82gmDq9oCQsvjMvW6XBc4FUiwkQAvQLueIWb8FRRj4SFMzmvDFa
https://interoperable-europe.ec.europa.eu/eulogin,Sign in with your eID,https://ecas.ec.europa.eu/cas/login;__Secure-ECAS_SESSIONID=XrzjH4rWm38thlFzNmCm_Sr1JEhrfW87fi9w7CCSGaVfWwl5CnXNBF9USQAoeN24tP8!-578912240?loginRequestId=ECAS_LR-34573169-4so8KgJ4EoqcrgKTCGOFbsfdwq29l0sVAGhxyLKJeXeIhCc1aAI616q6Jq77VR245rJeOgzRMfvxKd2dw5AmZC-R2zIpfT8xjM5mJ4bj6EWvC-9d6GudDAPV3AvWWn7qhCzT7h2LihDOHyl1n82gmDq9oCQsvjMvW6XBc4FUiwkQAvQLueIWb8FRRj4SFMzmvDFa&selectedStrength=EIDAS
https://interoperable-europe.ec.europa.eu/eulogin,,https://itunes.apple.com/be/app/ecas-mobile/id1056119441?mt=8
https://interoperable-europe.ec.europa.eu/eulogin,,https://play.google.com/store/apps/details?id=eu.europa.ec.ecas
https://interoperable-europe.ec.europa.eu/,Read more about Digital government,https://interoperable-europe.ec.europa.eu/topic/digital-government/digital-government
https://interoperable-europe.ec.europa.eu/,Read more about Digital-ready policymaking,https://interoperable-europe.ec.europa.eu/topic/digital-government/digital-ready-policymaking
https://interoperable-europe.ec.europa.eu/,Read more about Observatories,https://interoperable-europe.ec.europa.eu/topic/digital-government/observatories
https://interoperable-europe.ec.europa.eu/,Read more about Digital innovation,https://interoperable-europe.ec.europa.eu/topic/innovation/digital-innovation
https://interoperable-europe.ec.europa.eu/,Read more about Semantics,https://interoperable-europe.ec.europa.eu/topic/ict/semantics
https://interoperable-europe.ec.europa.eu/,Read more about Open Source Software,https://interoperable-europe.ec.europa.eu/topic/ict/open-source-software
https://interoperable-europe.ec.europa.eu/,Read more about Reusable Software Components,https://interoperable-europe.ec.europa.eu/topic/ict/reusable-software-components
https://interoperable-europe.ec.europa.eu/,Read more about Smart cities,https://interoperable-europe.ec.europa.eu/topic/digital-government/smart-cities
https://interoperable-europe.ec.europa.eu/,,https://interoperable-europe.ec.europa.eu/collection/public-sector-tech-watch/event/pstw-webinar-series-trust-matters-citizens-and-ai-public-sector
https://interoperable-europe.ec.europa.eu/,,https://interoperable-europe.ec.europa.eu/collection/open-source-observatory-osor/event/join-osor-webinar-public-administrations-and-eu-open-source-strategy-24-september
https://interoperable-europe.ec.europa.eu/,,https://interoperable-europe.ec.europa.eu/collection/community/event/interoperable-europe-community-talk-6-leos-and-edit-advancing-collaborative-and-interoperable
https://interoperable-europe.ec.europa.eu/,,https://interoperable-europe.ec.europa.eu/interoperable-europe/event/registration-semic-2026-now-open-join-europes-interoperability-community-dublin
https://interoperable-europe.ec.europa.eu/,More news,https://interoperable-europe.ec.europa.eu/news
https://interoperable-europe.ec.europa.eu/,,https://interoperable-europe.ec.europa.eu/collection/portal-support/news/user-comments-academy-badges-and-collection-subpages
https://interoperable-europe.ec.europa.eu/,Sign in or register to like this content 0,https://interoperable-europe.ec.europa.eu/modal/anonymous/like?destination=/home
https://interoperable-europe.ec.europa.eu/,More events,https://interoperable-europe.ec.europa.eu/upcoming-events
https://interoperable-europe.ec.europa.eu/,See more collections,https://interoperable-europe.ec.europa.eu/search?f%5B0%5D=type%3Acollection
https://interoperable-europe.ec.europa.eu/,Rolling Plan for ICT standardisation,https://interoperable-europe.ec.europa.eu/collection/rolling-plan-ict-standardisation
https://interoperable-europe.ec.europa.eu/,AI in the public sector,https://interoperable-europe.ec.europa.eu/collection/ai-public-sector
https://interoperable-europe.ec.europa.eu/,Guidelines on Sharing Interoperability…,https://interoperable-europe.ec.europa.eu/collection/guidelines-sharing-interoperability-solutions
https://interoperable-europe.ec.europa.eu/,Simplifying EU Industrial Permitting…,https://interoperable-europe.ec.europa.eu/collection/eu-industrial-permitting
https://interoperable-europe.ec.europa.eu/,Archived Solutions,https://interoperable-europe.ec.europa.eu/collection/archived-solutions
https://interoperable-europe.ec.europa.eu/,EU LDT Toolbox,https://interoperable-europe.ec.europa.eu/collection/ldttoolbox
https://interoperable-europe.ec.europa.eu/,ELI - European Legislation Identifier,https://interoperable-europe.ec.europa.eu/collection/eli-european-legislation-identifier
https://interoperable-europe.ec.europa.eu/,Eurostat,https://interoperable-europe.ec.europa.eu/collection/eurostat
https://interoperable-europe.ec.europa.eu/,eGovernment,https://interoperable-europe.ec.europa.eu/collection/egovernment
https://interoperable-europe.ec.europa.eu/,Public Sector Tech Watch,https://interoperable-europe.ec.europa.eu/collection/public-sector-tech-watch
https://interoperable-europe.ec.europa.eu/,"Education, culture and sport",https://interoperable-europe.ec.europa.eu/collection/education-culture-and-sport
https://interoperable-europe.ec.europa.eu/,Solutions mentioned in an assessment,https://interoperable-europe.ec.europa.eu/collection/solutions-mentioned-assessment
https://interoperable-europe.ec.europa.eu/,See more solutions,https://interoperable-europe.ec.europa.eu/search?f%5B0%5D=type%3Asolution
https://interoperable-europe.ec.europa.eu/,HubStudentsEurope - Cross-Border Student…,https://interoperable-europe.ec.europa.eu/collection/education-culture-and-sport/solution/hubstudentseurope-cross-border-student-mobility-public-services-procedural-roadmap
https://interoperable-europe.ec.europa.eu/,PICEE-PA - Governed AI Execution for Public…,https://interoperable-europe.ec.europa.eu/collection/egovernment/solution/picee-pa
https://interoperable-europe.ec.europa.eu/,Unified Service Management (USM) Method,https://interoperable-europe.ec.europa.eu/collection/interoperability-architecture-solutions/solution/unified-service-management-usm-method
https://interoperable-europe.ec.europa.eu/,Practical Modelling of Digital Public…,https://interoperable-europe.ec.europa.eu/collection/interoperable-europe-academy/solution/practical-modelling-digital-public-services-using-cartoolc
https://interoperable-europe.ec.europa.eu/,CAMSS Assessment of ePO- EIF Scenario,https://interoperable-europe.ec.europa.eu/collection/common-assessment-method-standards-and-specifications-camss/solution/camss-assessment-epo-eif-scenario
https://interoperable-europe.ec.europa.eu/,ERA Vocabulary (ERA Ontology),https://interoperable-europe.ec.europa.eu/collection/semic-support-centre/solution/era-vocabulary-era-ontology
https://interoperable-europe.ec.europa.eu/,GovWay,https://interoperable-europe.ec.europa.eu/collection/italia/solution/govway
https://interoperable-europe.ec.europa.eu/,A12 Enterprise AI Low Code Platform,https://interoperable-europe.ec.europa.eu/collection/sovereignty/solution/a12-enterprise-ai-low-code-platform
https://interoperable-europe.ec.europa.eu/,XML2RDF,https://interoperable-europe.ec.europa.eu/collection/semic-support-centre/solution/xml2rdf
https://interoperable-europe.ec.europa.eu/,Linked Data Event Streams (LDES),https://interoperable-europe.ec.europa.eu/collection/semic-support-centre/solution/linked-data-event-streams-ldes
https://interoperable-europe.ec.europa.eu/,National Digital Data Platform,https://interoperable-europe.ec.europa.eu/collection/italia/solution/national-digital-data-platform
https://interoperable-europe.ec.europa.eu/,Information Mediator,https://interoperable-europe.ec.europa.eu/collection/open-government/solution/information-mediator
https://interoperable-europe.ec.europa.eu/,Who is using EUPL?,https://interoperable-europe.ec.europa.eu/collection/eupl/discussion/who-using-eupl
https://interoperable-europe.ec.europa.eu/,See comment on Who is using EUPL?,https://interoperable-europe.ec.europa.eu/comment/504086
https://interoperable-europe.ec.europa.eu/,Clarifying the EUPL Compatibility Clause ?,https://interoperable-europe.ec.europa.eu/collection/eupl/discussion/clarifying-eupl-compatibility-clause
https://interoperable-europe.ec.europa.eu/,See comment on Clarifying the EUPL Compatibility Clause ?,https://interoperable-europe.ec.europa.eu/comment/504084
https://interoperable-europe.ec.europa.eu/,Synergies among pilots,https://interoperable-europe.ec.europa.eu/collection/eugovtech/news/synergies-among-pilots
https://interoperable-europe.ec.europa.eu/,See comment on Synergies among pilots,https://interoperable-europe.ec.europa.eu/comment/504082
https://interoperable-europe.ec.europa.eu/,Interoperability is the hidden key to GovTech…,https://interoperable-europe.ec.europa.eu/collection/eugovtech/news/interoperability-hidden-key-govtech-success
https://interoperable-europe.ec.europa.eu/,See comment on Interoperability is the hidden key to GovTech success,https://interoperable-europe.ec.europa.eu/comment/504076
https://interoperable-europe.ec.europa.eu/,Challenge info: Sundsvall Municipality,https://interoperable-europe.ec.europa.eu/collection/eugovtech/news/challenge-info-sundsvall-municipality
https://interoperable-europe.ec.europa.eu/,See comment on Challenge info: Sundsvall Municipality,https://interoperable-europe.ec.europa.eu/comment/504075
https://interoperable-europe.ec.europa.eu/,Interoperable Europe Seasonal School 2026,https://interoperable-europe.ec.europa.eu/collection/interoperable-europe-academy/event/interoperable-europe-seasonal-school-2026
https://interoperable-europe.ec.europa.eu/,See comment on Interoperable Europe Seasonal School 2026,https://interoperable-europe.ec.europa.eu/comment/504074
https://interoperable-europe.ec.europa.eu/,What are your thoughts on the EUPL License?,https://interoperable-europe.ec.europa.eu/collection/eupl/discussion/what-are-your-thoughts-eupl-license
https://interoperable-europe.ec.europa.eu/,See comment on What are your thoughts on the EUPL License?,https://interoperable-europe.ec.europa.eu/comment/504063
https://interoperable-europe.ec.europa.eu/,EU leads with landmark AI Act,https://interoperable-europe.ec.europa.eu/collection/eupl/news/eu-leads-landmark-ai-act
https://interoperable-europe.ec.europa.eu/,See comment on EU leads with landmark AI Act,https://interoperable-europe.ec.europa.eu/comment/504062
https://interoperable-europe.ec.europa.eu/,Securing the future of digital public…,https://interoperable-europe.ec.europa.eu/collection/eugovtech/news/securing-future-digital-public-services-europe
https://interoperable-europe.ec.europa.eu/,See comment on Securing the future of digital public services in Europe,https://interoperable-europe.ec.europa.eu/comment/504060
https://interoperable-europe.ec.europa.eu/,GovTech4All at SEMIC 2025,https://interoperable-europe.ec.europa.eu/collection/eugovtech/news/govtech4all-semic-2025
https://interoperable-europe.ec.europa.eu/,See comment on GovTech4All at SEMIC 2025,https://interoperable-europe.ec.europa.eu/comment/504059
https://interoperable-europe.ec.europa.eu/,SEMIC 2025 - The Highlights,https://interoperable-europe.ec.europa.eu/collection/semic-support-centre/news/semic-2025-highlights
https://interoperable-europe.ec.europa.eu/,See comment on SEMIC 2025 - The Highlights,https://interoperable-europe.ec.europa.eu/comment/504055
https://interoperable-europe.ec.europa.eu/,Germany launches opencode.de,https://interoperable-europe.ec.europa.eu/collection/open-source-observatory-osor/news/germany-launches-opencodede
https://interoperable-europe.ec.europa.eu/,See comment on Germany launches opencode.de,https://interoperable-europe.ec.europa.eu/comment/504054
https://interoperable-europe.ec.europa.eu/collection/iopeu-monitoring/european-interoperability-framework-eif,,https://interoperable-europe.ec.europa.eu/node/731036
https://interoperable-europe.ec.europa.eu/collection/iopeu-monitoring/european-interoperability-framework-eif,European Interoperability Framework (EIF),https://ec.europa.eu/isa2/sites/default/files/eif_brochure_final.pdf
https://interoperable-europe.ec.europa.eu/collection/iopeu-monitoring/european-interoperability-framework-eif,Go to Section 1,https://interoperable-europe.ec.europa.eu/collection/nifo-national-interoperability-framework-observatory/1-introduction-european-interoperability-framework
https://interoperable-europe.ec.europa.eu/collection/iopeu-monitoring/european-interoperability-framework-eif,Go to Section 2,https://interoperable-europe.ec.europa.eu/collection/nifo-national-interoperability-framework-observatory/2-underlying-principles-european-public-services
https://interoperable-europe.ec.europa.eu/collection/iopeu-monitoring/european-interoperability-framework-eif,Go to Section 3,https://interoperable-europe.ec.europa.eu/collection/nifo-national-interoperability-framework-observatory/3-interoperability-layers
https://interoperable-europe.ec.europa.eu/collection/iopeu-monitoring/european-interoperability-framework-eif,Go to Section 4,https://interoperable-europe.ec.europa.eu/collection/nifo-national-interoperability-framework-observatory/4-conceptual-model-integrated-public-services-provision
https://interoperable-europe.ec.europa.eu/collection/iopeu-monitoring/european-interoperability-framework-eif,Go to Section 5,https://interoperable-europe.ec.europa.eu/collection/nifo-national-interoperability-framework-observatory/5-conclusion
https://interoperable-europe.ec.europa.eu/collection/iopeu-monitoring/european-interoperability-framework-eif,EIF full text,https://interoperable-europe.ec.europa.eu/sites/default/files/custom-page/attachment/2025-06/EIF%20V3.0%20COM%20%281%29.pdf
https://interoperable-europe.ec.europa.eu/collection/iopeu-monitoring/european-interoperability-framework-eif,EIF Brochure,https://interoperable-europe.ec.europa.eu/sites/default/files/custom-page/attachment/2025-06/eif_brochure_final.pdf
https://interoperable-europe.ec.europa.eu/collection/iopeu-monitoring/european-interoperability-framework-eif,EIF leaflet,https://interoperable-europe.ec.europa.eu/sites/default/files/custom-page/attachment/2025-06/eif_leaflet_final.pdf
https://interoperable-europe.ec.europa.eu/collection/iopeu-monitoring/european-interoperability-framework-eif,here,https://interoperable-europe.ec.europa.eu/sites/default/files/inline-files/EIF%20v2_1.pdf
https://interoperable-europe.ec.europa.eu/collection/iopeu-monitoring/european-interoperability-framework-eif,here,https://interoperable-europe.ec.europa.eu/sites/default/files/inline-files/EIF%20V1.0.pdf
https://interoperable-europe.ec.europa.eu/collection/iopeu-monitoring/european-interoperability-framework-eif,More information and resources,https://interoperable-europe.ec.europa.eu/collection/nifo-national-interoperability-framework-observatory/interoperability-smart-cities
https://interoperable-europe.ec.europa.eu/collection/iopeu-monitoring/european-interoperability-framework-eif,More information and resources,https://op.europa.eu/en/web/eu-law-and-publications/publication-detail/-/publication/28ce74c4-44ab-11ef-865a-01aa75ed71a1
https://interoperable-europe.ec.europa.eu/collection/iopeu-monitoring/european-interoperability-framework-eif,Report abusive content,https://interoperable-europe.ec.europa.eu/contact?category=report&uri=/collection/iopeu-monitoring/european-interoperability-framework-eif&destination=collection/iopeu-monitoring/european-interoperability-framework-eif
https://interoperable-europe.ec.europa.eu/collection/assessments/assessment-toolbox,,https://interoperable-europe.ec.europa.eu/node/732628
https://interoperable-europe.ec.europa.eu/collection/assessments/assessment-toolbox,What is the Assessment Toolbox?,https://interoperable-europe.ec.europa.eu/collection/assessments/toolbox-copy
https://interoperable-europe.ec.europa.eu/collection/assessments/assessment-toolbox,Interoperable Europe Act,https://eur-lex.europa.eu/eli/reg/2024/903/oj
https://interoperable-europe.ec.europa.eu/collection/assessments/assessment-toolbox,Interoperability Assessments Guidelines,https://interoperable-europe.ec.europa.eu/collection/assessments/assessment-guidelines
https://interoperable-europe.ec.europa.eu/collection/assessments/assessment-toolbox,Read more about Online tool for interoperability assessments,https://interoperable-europe.ec.europa.eu/collection/assessments/online-tool-assessments
https://interoperable-europe.ec.europa.eu/collection/assessments/assessment-toolbox,Read more about Assessments repository,https://interoperable-europe.ec.europa.eu/collection/assessments/assessments-repository
https://interoperable-europe.ec.europa.eu/collection/assessments/assessment-toolbox,Read more about Interoperability Assessments Vocabulary,https://semiceu.github.io/IOPA/releases/1.0.0/
https://interoperable-europe.ec.europa.eu/collection/assessments/assessment-toolbox,Read more about Application-Programme Interface (API),https://interoperable-europe.ec.europa.eu/collection/assessments/assessments-api-usage-guidelines
https://interoperable-europe.ec.europa.eu/collection/assessments/assessment-toolbox,Read more about EIF checker for Policymakers,https://interoperable-europe.ec.europa.eu/collection/assessments/eif-checker
https://interoperable-europe.ec.europa.eu/collection/assessments/assessment-toolbox,Read more about AI for Digital-ready Policymaking (AI4DRPM),https://interoperable-europe.ec.europa.eu/collection/digital-ready-policymaking/ai4drpm
https://interoperable-europe.ec.europa.eu/collection/assessments/assessment-toolbox,here,https://interoperable-europe.ec.europa.eu/interoperable-europe-solutions
https://interoperable-europe.ec.europa.eu/collection/assessments/assessment-toolbox,,https://interoperable-europe.ec.europa.eu/collection/assessments/document/learn-doing-report-01
https://interoperable-europe.ec.europa.eu/collection/assessments/assessment-toolbox,Sign in or register to like this content 0,https://interoperable-europe.ec.europa.eu/modal/anonymous/like?destination=/collection/assessments/assessment-toolbox
https://interoperable-europe.ec.europa.eu/collection/assessments/assessment-toolbox,,https://interoperable-europe.ec.europa.eu/collection/assessments/document/learn-doing-report-02
https://interoperable-europe.ec.europa.eu/collection/assessments/assessment-toolbox,,https://interoperable-europe.ec.europa.eu/collection/assessments/document/learn-doing-report-03
https://interoperable-europe.ec.europa.eu/collection/assessments/assessment-toolbox,,https://interoperable-europe.ec.europa.eu/collection/assessments/document/learn-doing-report-04
https://interoperable-europe.ec.europa.eu/collection/assessments/assessment-toolbox,,https://interoperable-europe.ec.europa.eu/collection/digital-ready-policymaking/event/webinar-artificial-intelligence-digital-ready-policymaking-streamlining-interoperability-assessments
https://interoperable-europe.ec.europa.eu/collection/assessments/assessment-toolbox,,https://interoperable-europe.ec.europa.eu/collection/interoperable-europe-academy/solution/interoperability-assessments-introduction
https://interoperable-europe.ec.europa.eu/collection/assessments/assessment-toolbox,,https://interoperable-europe.ec.europa.eu/collection/assessments/document/interoperability-assessment-tool-user-manual
https://interoperable-europe.ec.europa.eu/collection/assessments/assessment-toolbox,👉 Visit the Collaborative Hub,https://interoperable-europe.ec.europa.eu/collection/assessments/collaborative-hub
https://interoperable-europe.ec.europa.eu/collection/assessments/assessment-toolbox,Contact us!,https://interoperable-europe.ec.europa.eu/contact?destination=/collection/assessments
https://interoperable-europe.ec.europa.eu/collection/assessments/assessment-toolbox,Report abusive content,https://interoperable-europe.ec.europa.eu/contact?category=report&uri=/collection/assessments/assessment-toolbox&destination=collection/assessments/assessment-toolbox
https://interoperable-europe.ec.europa.eu/collection/assessments/report/repository,Search assessments,https://interoperable-europe.ec.europa.eu/search?f%5B0%5D=type%3Areport
https://interoperable-europe.ec.europa.eu/collection/assessments/report/repository,,https://interoperable-europe.ec.europa.eu/collection/assessments/report/2803
https://interoperable-europe.ec.europa.eu/collection/assessments/report/repository,,https://interoperable-europe.ec.europa.eu/collection/assessments/report/2786
https://interoperable-europe.ec.europa.eu/collection/assessments/report/repository,,https://interoperable-europe.ec.europa.eu/collection/assessments/report/2783
https://interoperable-europe.ec.europa.eu/collection/assessments/report/repository,,https://interoperable-europe.ec.europa.eu/collection/assessments/report/2752
https://interoperable-europe.ec.europa.eu/collection/assessments/report/repository,,https://interoperable-europe.ec.europa.eu/collection/assessments/report/2739
https://interoperable-europe.ec.europa.eu/collection/assessments/report/repository,,https://interoperable-europe.ec.europa.eu/collection/assessments/report/2729
https://interoperable-europe.ec.europa.eu/collection/assessments/report/repository,,https://interoperable-europe.ec.europa.eu/collection/assessments/report/2722
https://interoperable-europe.ec.europa.eu/collection/assessments/report/repository,,https://interoperable-europe.ec.europa.eu/collection/assessments/report/2547
https://interoperable-europe.ec.europa.eu/collection/assessments/report/repository,,https://interoperable-europe.ec.europa.eu/collection/assessments/report/2372
https://interoperable-europe.ec.europa.eu/collection/assessments/report/repository,,https://interoperable-europe.ec.europa.eu/collection/assessments/report/2368
https://interoperable-europe.ec.europa.eu/collection/assessments/report/repository,,https://interoperable-europe.ec.europa.eu/collection/assessments/report/2340
https://interoperable-europe.ec.europa.eu/collection/assessments/report/repository,,https://interoperable-europe.ec.europa.eu/collection/assessments/report/2335
https://interoperable-europe.ec.europa.eu/collection/assessments/report/repository,,https://interoperable-europe.ec.europa.eu/collection/assessments/report/2328
https://interoperable-europe.ec.europa.eu/collection/assessments/report/repository,,https://interoperable-europe.ec.europa.eu/collection/assessments/report/2282
https://interoperable-europe.ec.europa.eu/collection/assessments/report/repository,,https://interoperable-europe.ec.europa.eu/collection/assessments/report/2253
https://interoperable-europe.ec.europa.eu/collection/assessments/report/repository,,https://interoperable-europe.ec.europa.eu/collection/assessments/report/2212
https://interoperable-europe.ec.europa.eu/collection/assessments/report/repository,,https://interoperable-europe.ec.europa.eu/collection/assessments/report/2199
https://interoperable-europe.ec.europa.eu/collection/assessments/report/repository,,https://interoperable-europe.ec.europa.eu/collection/assessments/report/2183
https://interoperable-europe.ec.europa.eu/collection/assessments/report/repository,,https://interoperable-europe.ec.europa.eu/collection/assessments/report/2127
https://interoperable-europe.ec.europa.eu/collection/assessments/report/repository,,https://interoperable-europe.ec.europa.eu/collection/assessments/report/2175
https://interoperable-europe.ec.europa.eu/collection/rolling-plan-ict-standardisation/electronic-identification-and-trust-services-including-e-signatures-rp-2026,,https://interoperable-europe.ec.europa.eu/node/733525
https://interoperable-europe.ec.europa.eu/collection/rolling-plan-ict-standardisation/electronic-identification-and-trust-services-including-e-signatures-rp-2026,Commission Decision C(2024)6132,https://ec.europa.eu/newsroom/dae/redirection/document/109838
https://interoperable-europe.ec.europa.eu/collection/rolling-plan-ict-standardisation/electronic-identification-and-trust-services-including-e-signatures-rp-2026,GitHub Repository,https://github.com/eu-digital-identity-wallet/eudi-doc-standards-and-technical-specifications
https://interoperable-europe.ec.europa.eu/collection/rolling-plan-ict-standardisation/electronic-identification-and-trust-services-including-e-signatures-rp-2026,Roadmap,https://github.com/orgs/eu-digital-identity-wallet/projects/29/views/1
https://interoperable-europe.ec.europa.eu/collection/rolling-plan-ict-standardisation/electronic-identification-and-trust-services-including-e-signatures-rp-2026,Regulation (EU) No. 910/2014,https://eur-lex.europa.eu/eli/reg/2014/910/oj
https://interoperable-europe.ec.europa.eu/collection/rolling-plan-ict-standardisation/electronic-identification-and-trust-services-including-e-signatures-rp-2026,Regulation (EU) 2024/1183,https://eur-lex.europa.eu/eli/reg/2024/1183/oj
https://interoperable-europe.ec.europa.eu/collection/rolling-plan-ict-standardisation/electronic-identification-and-trust-services-including-e-signatures-rp-2026,Directive (EU) 2022/2555,http://data.europa.eu/eli/dir/2022/2555/oj
https://interoperable-europe.ec.europa.eu/collection/rolling-plan-ict-standardisation/electronic-identification-and-trust-services-including-e-signatures-rp-2026,Commission Implementing,https://eur-lex.europa.eu/eli/reg_impl/2024/2690/oj/eng
https://interoperable-europe.ec.europa.eu/collection/rolling-plan-ict-standardisation/electronic-identification-and-trust-services-including-e-signatures-rp-2026,Consolidated text,http://data.europa.eu/eli/reg/2014/910/2024-10-18
https://interoperable-europe.ec.europa.eu/collection/rolling-plan-ict-standardisation/electronic-identification-and-trust-services-including-e-signatures-rp-2026,Implementing Acts,https://eur-lex.europa.eu/search.html?lang=en&SUBDOM_INIT=ALL_ALL&DTS_DOM=ALL&type=advanced&DTS_SUBDOM=LEGISLATION&qid=1756576657199&DB_IMPLEMENTING=32014R0910&sortOne=DD&sortOneOrder=desc
https://interoperable-europe.ec.europa.eu/collection/rolling-plan-ict-standardisation/electronic-identification-and-trust-services-including-e-signatures-rp-2026,Commission Recommendation C(2021) 2021/3968,https://eur-lex.europa.eu/legal-content/GA/TXT/?uri=CELEX:32021H0946
https://interoperable-europe.ec.europa.eu/collection/rolling-plan-ict-standardisation/electronic-identification-and-trust-services-including-e-signatures-rp-2026,The European Digital Identity Wallet Architecture and Reference Framework (ARF),https://github.com/eu-digital-identity-wallet/eudi-doc-architecture-and-reference-framework
https://interoperable-europe.ec.europa.eu/collection/rolling-plan-ict-standardisation/electronic-identification-and-trust-services-including-e-signatures-rp-2026,https://www.etsi.org/events/2353-cen-etsi-workshop#pane-5/,https://www.etsi.org/events/2353-cen-etsi-workshop
https://interoperable-europe.ec.europa.eu/collection/rolling-plan-ict-standardisation/electronic-identification-and-trust-services-including-e-signatures-rp-2026,https://standards.cencenelec.eu/dyn/www/f?p=205:105:0,https://standards.cencenelec.eu/dyn/www/f?p=205:105:0
https://interoperable-europe.ec.europa.eu/collection/rolling-plan-ict-standardisation/electronic-identification-and-trust-services-including-e-signatures-rp-2026,https://portal.etsi.org/tb.aspx?tbid=607&SubTB=607#/lt-50611-work-programme,https://portal.etsi.org/tb.aspx?tbid=607&SubTB=607
https://interoperable-europe.ec.europa.eu/collection/rolling-plan-ict-standardisation/electronic-identification-and-trust-services-including-e-signatures-rp-2026,https://www.gs1.org/standards/,https://www.gs1.org/standards/gs1-verifiable-credentials
https://interoperable-europe.ec.europa.eu/collection/rolling-plan-ict-standardisation/electronic-identification-and-trust-services-including-e-signatures-rp-2026,https://www.iso.org/committee/53186.html,https://www.iso.org/committee/53186.html
https://interoperable-europe.ec.europa.eu/collection/rolling-plan-ict-standardisation/electronic-identification-and-trust-services-including-e-signatures-rp-2026,https://www.iso.org/committee/7145156.html,https://www.iso.org/committee/7145156.html
https://interoperable-europe.ec.europa.eu/collection/rolling-plan-ict-standardisation/electronic-identification-and-trust-services-including-e-signatures-rp-2026,https://www.iso.org/committee/6266604.html,https://www.iso.org/committee/6266604.html
https://interoperable-europe.ec.europa.eu/collection/rolling-plan-ict-standardisation/electronic-identification-and-trust-services-including-e-signatures-rp-2026,https://www.iso.org/committee/313770.html,https://www.iso.org/committee/313770.html
https://interoperable-europe.ec.europa.eu/collection/rolling-plan-ict-standardisation/electronic-identification-and-trust-services-including-e-signatures-rp-2026,https://www.iso.org/committee/45144.html,https://www.iso.org/committee/45144.html
https://interoperable-europe.ec.europa.eu/collection/rolling-plan-ict-standardisation/electronic-identification-and-trust-services-including-e-signatures-rp-2026,Recommendation ITU-T D.1140/X.1261,https://www.itu.int/rec/T-REC-D.1140-202008-I
https://interoperable-europe.ec.europa.eu/collection/rolling-plan-ict-standardisation/electronic-identification-and-trust-services-including-e-signatures-rp-2026,Recommendation ITU-T D.1141,https://www.itu.int/ITU-T/recommendations/rec.aspx?rec=16036
https://interoperable-europe.ec.europa.eu/collection/rolling-plan-ict-standardisation/electronic-identification-and-trust-services-including-e-signatures-rp-2026,http://itu.int/ITU-T/go/tsg3,http://itu.int/ITU-T/go/sg3
https://interoperable-europe.ec.europa.eu/collection/rolling-plan-ict-standardisation/electronic-identification-and-trust-services-including-e-signatures-rp-2026,Q.TSCA,https://www.itu.int/ITU-T/workprog/wp_item.aspx?isn=18904
https://interoperable-europe.ec.europa.eu/collection/rolling-plan-ict-standardisation/electronic-identification-and-trust-services-including-e-signatures-rp-2026,https://itu.int/go/SIG-SECURITY,https://itu.int/go/SIG-SECURITY
https://interoperable-europe.ec.europa.eu/collection/rolling-plan-ict-standardisation/electronic-identification-and-trust-services-including-e-signatures-rp-2026,https://itu.int/go/CS-ICT,https://itu.int/go/CS-ICT
https://interoperable-europe.ec.europa.eu/collection/rolling-plan-ict-standardisation/electronic-identification-and-trust-services-including-e-signatures-rp-2026,SG17 Recommendations,http://www.itu.int/ITU-T/recommendations/index_sg.aspx?sg=17
https://interoperable-europe.ec.europa.eu/collection/rolling-plan-ict-standardisation/electronic-identification-and-trust-services-including-e-signatures-rp-2026,XSTR.gidi,https://www.itu.int/ITU-T/workprog/wp_item.aspx?isn=23764
https://interoperable-europe.ec.europa.eu/collection/rolling-plan-ict-standardisation/electronic-identification-and-trust-services-including-e-signatures-rp-2026,Xdpidm-aAI,https://www.itu.int/ITU-T/workprog/wp_item.aspx?isn=23767
https://interoperable-europe.ec.europa.eu/collection/rolling-plan-ict-standardisation/electronic-identification-and-trust-services-including-e-signatures-rp-2026,http://itu.int/ITU-T/go/tsg17,http://itu.int/ITU-T/go/sg17
https://interoperable-europe.ec.europa.eu/collection/rolling-plan-ict-standardisation/electronic-identification-and-trust-services-including-e-signatures-rp-2026,http,https://itu.int/go/tsg20
https://interoperable-europe.ec.europa.eu/collection/rolling-plan-ict-standardisation/electronic-identification-and-trust-services-including-e-signatures-rp-2026,"Security, Infrastructure and Trust Working Group",https://www.itu.int/en/ITU-T/extcoop/figisymposium/Pages/FIGISITWG.aspx
https://interoperable-europe.ec.europa.eu/collection/rolling-plan-ict-standardisation/electronic-identification-and-trust-services-including-e-signatures-rp-2026,https://www.itu.int/en/ITU-T/extcoop/figisymposium/Documents/ITU_SIT_WG_Implementation%20of%20Secure%20Authentication%20Technologies%20for%20DFS.pdf,https://www.itu.int/en/ITU-T/extcoop/figisymposium/Documents/ITU_SIT_WG_Implementation%20of%20Secure%20Authentication%20Technologies%20for%20DFS.pdf
https://interoperable-europe.ec.europa.eu/collection/rolling-plan-ict-standardisation/electronic-identification-and-trust-services-including-e-signatures-rp-2026,http://www.unece.org/fileadmin/DAM/cefact/recommendations/rec14/ECE_TRADE_C_CEFACT_2014_6E_Rec14.pdf,http://www.unece.org/fileadmin/DAM/cefact/recommendations/rec14/ECE_TRADE_C_CEFACT_2014_6E_Rec14.pdf
https://interoperable-europe.ec.europa.eu/collection/rolling-plan-ict-standardisation/electronic-identification-and-trust-services-including-e-signatures-rp-2026,http://www.unece.org/fileadmin/DAM/cefact/cf_plenary/2018_plenary/ECE_TRADE_C_CEFACT_2018_7E.pdf,http://www.unece.org/fileadmin/DAM/cefact/cf_plenary/2018_plenary/ECE_TRADE_C_CEFACT_2018_7E.pdf
https://interoperable-europe.ec.europa.eu/collection/rolling-plan-ict-standardisation/electronic-identification-and-trust-services-including-e-signatures-rp-2026,OASIS Security Services (SAML) TC,http://www.oasis-open.org/committees/security/
https://interoperable-europe.ec.europa.eu/collection/rolling-plan-ict-standardisation/electronic-identification-and-trust-services-including-e-signatures-rp-2026,A profile of SAML,https://ec.europa.eu/cefdigital/wiki/display/CEFDIGITAL/eIDAS+eID+Profile
https://interoperable-europe.ec.europa.eu/collection/rolling-plan-ict-standardisation/electronic-identification-and-trust-services-including-e-signatures-rp-2026,eID Building Block of the Connecting Europe Facility (CEF),https://ec.europa.eu/cefdigital/wiki/display/CEFDIGITAL/eID
https://interoperable-europe.ec.europa.eu/collection/rolling-plan-ict-standardisation/electronic-identification-and-trust-services-including-e-signatures-rp-2026,OASIS PKCS#11 committee,https://www.oasis-open.org/committees/pkcs11
https://interoperable-europe.ec.europa.eu/collection/rolling-plan-ict-standardisation/electronic-identification-and-trust-services-including-e-signatures-rp-2026,Lightweight Verifiable Credential Schema and Process,https://www.oasis-open.org/committees/lvcsp
https://interoperable-europe.ec.europa.eu/collection/rolling-plan-ict-standardisation/electronic-identification-and-trust-services-including-e-signatures-rp-2026,OASIS Trust Elevation TC,http://www.oasis-open.org/committees/trust-el/
https://interoperable-europe.ec.europa.eu/collection/rolling-plan-ict-standardisation/electronic-identification-and-trust-services-including-e-signatures-rp-2026,OASIS DSS-X TC,http://www.oasis-open.org/committees/dss-x/
https://interoperable-europe.ec.europa.eu/collection/rolling-plan-ict-standardisation/electronic-identification-and-trust-services-including-e-signatures-rp-2026,ETSI Electronic Signatures and Infrastructures (ESI) TC,https://www.etsi.org/committee/esi
https://interoperable-europe.ec.europa.eu/collection/rolling-plan-ict-standardisation/electronic-identification-and-trust-services-including-e-signatures-rp-2026,OASIS ebXML Message TC,https://www.oasis-open.org/committees/ebxml-msg/
https://interoperable-europe.ec.europa.eu/collection/rolling-plan-ict-standardisation/electronic-identification-and-trust-services-including-e-signatures-rp-2026,eDelivery Building Block,https://ec.europa.eu/cefdigital/wiki/display/CEFDIGITAL/eDelivery
https://interoperable-europe.ec.europa.eu/collection/rolling-plan-ict-standardisation/electronic-identification-and-trust-services-including-e-signatures-rp-2026,EESSI system for digitalisation in social security coordination,https://ec.europa.eu/social/main.jsp?catId=869
https://interoperable-europe.ec.europa.eu/collection/rolling-plan-ict-standardisation/electronic-identification-and-trust-services-including-e-signatures-rp-2026,OASIS Business Document Exchange TC,http://www.oasis-open.org/committees/bdxr/
https://interoperable-europe.ec.europa.eu/collection/rolling-plan-ict-standardisation/electronic-identification-and-trust-services-including-e-signatures-rp-2026,OASIS ebCore TC,https://www.oasis-open.org/committees/ebcore/
https://interoperable-europe.ec.europa.eu/collection/rolling-plan-ict-standardisation/electronic-identification-and-trust-services-including-e-signatures-rp-2026,version 3 of the CPPA specification,http://docs.oasis-open.org/ebcore/cppa/v3.0/cppa-v3.0.pdf
https://interoperable-europe.ec.europa.eu/collection/rolling-plan-ict-standardisation/electronic-identification-and-trust-services-including-e-signatures-rp-2026,AS4,https://www.iso.org/standard/79109.html
https://interoperable-europe.ec.europa.eu/collection/rolling-plan-ict-standardisation/electronic-identification-and-trust-services-including-e-signatures-rp-2026,http://openid.net/wg/,http://openid.net/wg/
https://interoperable-europe.ec.europa.eu/collection/rolling-plan-ict-standardisation/electronic-identification-and-trust-services-including-e-signatures-rp-2026,Web Authorization Protocol (OAUTH) WG,https://datatracker.ietf.org/wg/oauth/about/
https://interoperable-europe.ec.europa.eu/collection/rolling-plan-ict-standardisation/electronic-identification-and-trust-services-including-e-signatures-rp-2026,Public Notary Transparency (TRANS) WG,https://datatracker.ietf.org/wg/trans/about/
https://interoperable-europe.ec.europa.eu/collection/rolling-plan-ict-standardisation/electronic-identification-and-trust-services-including-e-signatures-rp-2026,Automated Certificate Management Environment (ACME) WG,https://datatracker.ietf.org/wg/acme/about/
https://interoperable-europe.ec.europa.eu/collection/rolling-plan-ict-standardisation/electronic-identification-and-trust-services-including-e-signatures-rp-2026,"Supply Chain Integrity, Tranparency, and Trust (SCITT) Working Group",https://datatracker.ietf.org/wg/scitt/about/
https://interoperable-europe.ec.europa.eu/collection/rolling-plan-ict-standardisation/electronic-identification-and-trust-services-including-e-signatures-rp-2026,Secure Patterns for Internet Credentials (spice),https://datatracker.ietf.org/wg/spice/about/
https://interoperable-europe.ec.europa.eu/collection/rolling-plan-ict-standardisation/electronic-identification-and-trust-services-including-e-signatures-rp-2026,Digital Emblems (diem),https://datatracker.ietf.org/wg/diem/about/
https://interoperable-europe.ec.europa.eu/collection/rolling-plan-ict-standardisation/electronic-identification-and-trust-services-including-e-signatures-rp-2026,https://wiki.ietf.org/en/group/iab/Multi-Stake-Holder-Platform#h-315-electronic-identification-and-trust-services-including-e-signatures,https://wiki.ietf.org/en/group/iab/Multi-Stake-Holder-Platform
https://interoperable-europe.ec.europa.eu/collection/rolling-plan-ict-standardisation/electronic-identification-and-trust-services-including-e-signatures-rp-2026,https://www.w3.org/TR/vc-data-model/,https://www.w3.org/TR/vc-data-model/
https://interoperable-europe.ec.europa.eu/collection/rolling-plan-ict-standardisation/electronic-identification-and-trust-services-including-e-signatures-rp-2026,https://www.w3.org/TR/vc-imp-guide/,https://www.w3.org/TR/vc-imp-guide/
https://interoperable-europe.ec.europa.eu/collection/rolling-plan-ict-standardisation/electronic-identification-and-trust-services-including-e-signatures-rp-2026,https://www.w3.org/TR/vc-use-cases/,https://www.w3.org/TR/vc-use-cases/
https://interoperable-europe.ec.europa.eu/collection/rolling-plan-ict-standardisation/electronic-identification-and-trust-services-including-e-signatures-rp-2026,https://www.w3.org/TR/did-core/,https://www.w3.org/TR/did-core/
https://interoperable-europe.ec.europa.eu/collection/rolling-plan-ict-standardisation/electronic-identification-and-trust-services-including-e-signatures-rp-2026,https://www.w3.org/TR/did-use-cases/,https://www.w3.org/TR/did-use-cases/
https://interoperable-europe.ec.europa.eu/collection/rolling-plan-ict-standardisation/electronic-identification-and-trust-services-including-e-signatures-rp-2026,https://www.w3.org/TR/did-imp-guide/,https://www.w3.org/TR/did-imp-guide/
https://interoperable-europe.ec.europa.eu/collection/rolling-plan-ict-standardisation/electronic-identification-and-trust-services-including-e-signatures-rp-2026,https://www.w3.org/TR/did-spec-registries/,https://www.w3.org/TR/did-spec-registries/
https://interoperable-europe.ec.europa.eu/collection/rolling-plan-ict-standardisation/electronic-identification-and-trust-services-including-e-signatures-rp-2026,https://www.w3.org/TR/did-rubric/,https://www.w3.org/TR/did-rubric/
https://interoperable-europe.ec.europa.eu/collection/rolling-plan-ict-standardisation/electronic-identification-and-trust-services-including-e-signatures-rp-2026,https://www.w3.org/TR/webauthn-3/,https://www.w3.org/TR/webauthn-3/
https://interoperable-europe.ec.europa.eu/collection/rolling-plan-ict-standardisation/electronic-identification-and-trust-services-including-e-signatures-rp-2026,https://www.w3.org/TR/secure-payment-confirmation/,https://www.w3.org/TR/secure-payment-confirmation/
https://interoperable-europe.ec.europa.eu/collection/rolling-plan-ict-standardisation/electronic-identification-and-trust-services-including-e-signatures-rp-2026,http://www.w3.org/TR/payment-request/,http://www.w3.org/TR/payment-request/
https://interoperable-europe.ec.europa.eu/collection/rolling-plan-ict-standardisation/electronic-identification-and-trust-services-including-e-signatures-rp-2026,http://www.w3.org/TR/payment-method-id/,http://www.w3.org/TR/payment-method-id/
https://interoperable-europe.ec.europa.eu/collection/rolling-plan-ict-standardisation/electronic-identification-and-trust-services-including-e-signatures-rp-2026,https://www.w3.org/TR/payment-handler/,https://www.w3.org/TR/payment-handler/
https://interoperable-europe.ec.europa.eu/collection/rolling-plan-ict-standardisation/electronic-identification-and-trust-services-including-e-signatures-rp-2026,https://www.w3.org/TR/payment-method-manifest/,https://www.w3.org/TR/payment-method-manifest/
https://interoperable-europe.ec.europa.eu/collection/rolling-plan-ict-standardisation/electronic-identification-and-trust-services-including-e-signatures-rp-2026,https://www.w3.org/TR/activitypub/,https://www.w3.org/TR/activitypub/
https://interoperable-europe.ec.europa.eu/collection/rolling-plan-ict-standardisation/electronic-identification-and-trust-services-including-e-signatures-rp-2026,https://www.w3.org/TR/social-web-protocols/,https://www.w3.org/TR/social-web-protocols/
https://interoperable-europe.ec.europa.eu/collection/rolling-plan-ict-standardisation/electronic-identification-and-trust-services-including-e-signatures-rp-2026,https://www.w3.org/TR/indieauth/,https://www.w3.org/TR/indieauth/
https://interoperable-europe.ec.europa.eu/collection/rolling-plan-ict-standardisation/electronic-identification-and-trust-services-including-e-signatures-rp-2026,https://www.w3.org/TR/WebCryptoAPI/,https://www.w3.org/TR/WebCryptoAPI/
https://interoperable-europe.ec.europa.eu/collection/rolling-plan-ict-standardisation/electronic-identification-and-trust-services-including-e-signatures-rp-2026,http://www.w3.org/TR/webcrypto-usecases/,http://www.w3.org/TR/webcrypto-usecases/
https://interoperable-europe.ec.europa.eu/collection/rolling-plan-ict-standardisation/electronic-identification-and-trust-services-including-e-signatures-rp-2026,https://www.w3.org/TR/webrtc-identity/,https://www.w3.org/TR/webrtc-identity/
https://interoperable-europe.ec.europa.eu/collection/rolling-plan-ict-standardisation/electronic-identification-and-trust-services-including-e-signatures-rp-2026,WCAG 2.2,https://www.w3.org/TR/2023/REC-WCAG22-20231005/
https://interoperable-europe.ec.europa.eu/collection/rolling-plan-ict-standardisation/electronic-identification-and-trust-services-including-e-signatures-rp-2026,IEEE P3210,https://standards.ieee.org/project/3210.html
https://interoperable-europe.ec.europa.eu/collection/rolling-plan-ict-standardisation/electronic-identification-and-trust-services-including-e-signatures-rp-2026,https://ieee-sa.imeetcentral.com/eurollingplan/,https://ieee-sa.imeetcentral.com/eurollingplan/
https://interoperable-europe.ec.europa.eu/collection/rolling-plan-ict-standardisation/electronic-identification-and-trust-services-including-e-signatures-rp-2026,https://ontochain.ngi.eu,https://ontochain.ngi.eu
https://interoperable-europe.ec.europa.eu/collection/rolling-plan-ict-standardisation/electronic-identification-and-trust-services-including-e-signatures-rp-2026,https://essif-lab.eu,https://essif-lab.eu
https://interoperable-europe.ec.europa.eu/collection/rolling-plan-ict-standardisation/electronic-identification-and-trust-services-including-e-signatures-rp-2026,https://www.amber-biometrics.eu,https://www.amber-biometrics.eu
https://interoperable-europe.ec.europa.eu/collection/rolling-plan-ict-standardisation/electronic-identification-and-trust-services-including-e-signatures-rp-2026,https://smowl.net/en/,https://smowl.net/en/
https://interoperable-europe.ec.europa.eu/collection/rolling-plan-ict-standardisation/electronic-identification-and-trust-services-including-e-signatures-rp-2026,https://web.archive.org/web/20201230011033/https://smart-trust.eu/,https://web.archive.org/web/20201230011033/https:/smart-trust.eu/
https://interoperable-europe.ec.europa.eu/collection/rolling-plan-ict-standardisation/electronic-identification-and-trust-services-including-e-signatures-rp-2026,https://decodeproject.eu,https://decodeproject.eu
https://interoperable-europe.ec.europa.eu/collection/rolling-plan-ict-standardisation/electronic-identification-and-trust-services-including-e-signatures-rp-2026,https://www.aries-project.eu/,https://www.aries-project.eu/
https://interoperable-europe.ec.europa.eu/collection/rolling-plan-ict-standardisation/electronic-identification-and-trust-services-including-e-signatures-rp-2026,https://www.safecrypto.eu,https://www.safecrypto.eu
https://interoperable-europe.ec.europa.eu/collection/rolling-plan-ict-standardisation/electronic-identification-and-trust-services-including-e-signatures-rp-2026,https://credential.eu,https://credential.eu
https://interoperable-europe.ec.europa.eu/collection/rolling-plan-ict-standardisation/electronic-identification-and-trust-services-including-e-signatures-rp-2026,http://www.recred.eu,http://www.recred.eu
https://interoperable-europe.ec.europa.eu/collection/rolling-plan-ict-standardisation/electronic-identification-and-trust-services-including-e-signatures-rp-2026,Report abusive content,https://interoperable-europe.ec.europa.eu/contact?category=report&uri=/collection/rolling-plan-ict-standardisation/electronic-identification-and-trust-services-including-e-signatures-rp-2026&destination=collection/rolling-plan-ict-standardisation/electronic-identification-and-trust-services-including-e-signatures-rp-2026
https://interoperable-europe.ec.europa.eu/collection/semic-support-centre/specifications,,https://interoperable-europe.ec.europa.eu/node/705742
https://interoperable-europe.ec.europa.eu/collection/semic-support-centre/specifications,Reusing our specification? Let us know!,https://interoperable-europe.ec.europa.eu/collection/semic-support-centre/specifications
https://interoperable-europe.ec.europa.eu/collection/semic-support-centre/specifications,this survey,https://ec.europa.eu/eusurvey/runner/SEMICSpecificationAdoption
https://interoperable-europe.ec.europa.eu/collection/semic-support-centre/specifications,Learn more,https://interoperable-europe.ec.europa.eu/collection/semic-support-centre/semic-style-guide-semantic-engineers
https://interoperable-europe.ec.europa.eu/collection/semic-support-centre/specifications,Access the latest release,https://semiceu.github.io/style-guide/1.0.0/index.html
https://interoperable-europe.ec.europa.eu/collection/semic-support-centre/specifications,Consult technical documentation in Github,https://github.com/SEMICeu/style-guide
https://interoperable-europe.ec.europa.eu/collection/semic-support-centre/specifications,Learn more,https://interoperable-europe.ec.europa.eu/collection/semic-support-centre/solution/dcat-ap-reuse-guidelines
https://interoperable-europe.ec.europa.eu/collection/semic-support-centre/specifications,Access the latest release,https://semiceu.github.io/DCAT-AP-reuse-guidelines/
https://interoperable-europe.ec.europa.eu/collection/semic-support-centre/specifications,Consult technical documentation in Github,https://github.com/SEMICeu/DCAT-AP-reuse-guidelines
https://interoperable-europe.ec.europa.eu/collection/semic-support-centre/specifications,this page,https://joinup.ec.europa.eu/collection/semantic-interoperability-community-semic/core-vocabularies
https://interoperable-europe.ec.europa.eu/collection/semic-support-centre/specifications,version 2.1.2,https://semiceu.github.io/Core-Person-Vocabulary/releases/2.1.2/
https://interoperable-europe.ec.europa.eu/collection/semic-support-centre/specifications,version 2.1.1,https://joinup.ec.europa.eu/collection/semic-support-centre/solution/core-public-service-vocabulary-application-profile/release/320
https://interoperable-europe.ec.europa.eu/collection/semic-support-centre/specifications,version 2.1.0,https://joinup.ec.europa.eu/collection/semic-support-centre/solution/core-person-vocabulary/release/210
https://interoperable-europe.ec.europa.eu/collection/semic-support-centre/specifications,version 2.0.0,https://joinup.ec.europa.eu/collection/semantic-interoperability-community-semic/solution/core-person-vocabulary/release/200
https://interoperable-europe.ec.europa.eu/collection/semic-support-centre/specifications,version 1.00,http://data.europa.eu/w21/8227687d-e25e-4ec5-ae6f-3e98ad8cd4ab
https://interoperable-europe.ec.europa.eu/collection/semic-support-centre/specifications,Core Business,https://joinup.ec.europa.eu/solution/registered-organization-vocabulary
https://interoperable-europe.ec.europa.eu/collection/semic-support-centre/specifications,Core Location,https://joinup.ec.europa.eu/solution/core-location-vocabulary
https://interoperable-europe.ec.europa.eu/collection/semic-support-centre/specifications,Core Person,https://joinup.ec.europa.eu/solution/core-person-vocabulary
https://interoperable-europe.ec.europa.eu/collection/semic-support-centre/specifications,Working Group,https://joinup.ec.europa.eu/document/core-vocabularies-working-group-members
https://interoperable-europe.ec.europa.eu/collection/semic-support-centre/specifications,Version 0.2,https://joinup.ec.europa.eu/collection/semantic-interoperability-community-semic/solution/core-person-vocabulary/release/02
https://interoperable-europe.ec.europa.eu/collection/semic-support-centre/specifications,Learn more,https://interoperable-europe.ec.europa.eu/collection/semic-support-centre/solution/core-person-vocabulary
https://interoperable-europe.ec.europa.eu/collection/semic-support-centre/specifications,Download the latest release,https://interoperable-europe.ec.europa.eu/collection/semic-support-centre/solution/core-person-vocabulary/releases
https://interoperable-europe.ec.europa.eu/collection/semic-support-centre/specifications,Consult technical documentation in Github,https://github.com/SEMICeu/Core-Person-Vocabulary
https://interoperable-europe.ec.europa.eu/collection/semic-support-centre/specifications,version 2.3.0,https://semiceu.github.io/Core-Business-Vocabulary/releases/2.3.0/
https://interoperable-europe.ec.europa.eu/collection/semic-support-centre/specifications,version 2.2.0,https://joinup.ec.europa.eu/collection/registered-organization-vocabulary/solution/core-business-vocabulary/release/220
https://interoperable-europe.ec.europa.eu/collection/semic-support-centre/specifications,version 2.1.0,https://github.com/SEMICeu/Core-Business-Vocabulary/tree/master/releases/2.1.0
https://interoperable-europe.ec.europa.eu/collection/semic-support-centre/specifications,version 2.0.0,https://joinup.ec.europa.eu/collection/registered-organization-vocabulary/solution/core-business-vocabulary/release/200
https://interoperable-europe.ec.europa.eu/collection/semic-support-centre/specifications,Version 0.2,https://joinup.ec.europa.eu/collection/registered-organization-vocabulary/solution/core-business-vocabulary/release
https://interoperable-europe.ec.europa.eu/collection/semic-support-centre/specifications,Learn more,https://interoperable-europe.ec.europa.eu/collection/registered-organization-vocabulary/solution/core-business-vocabulary
https://interoperable-europe.ec.europa.eu/collection/semic-support-centre/specifications,Download the latest release,https://interoperable-europe.ec.europa.eu/collection/registered-organization-vocabulary/solution/core-business-vocabulary/releases
https://interoperable-europe.ec.europa.eu/collection/semic-support-centre/specifications,Consult technical documentation in Github,https://github.com/SEMICeu/Core-Business-Vocabulary
https://interoperable-europe.ec.europa.eu/collection/semic-support-centre/specifications,version 2.1.1,https://semiceu.github.io/Core-Location-Vocabulary/releases/2.1.1/
https://interoperable-europe.ec.europa.eu/collection/semic-support-centre/specifications,version 2.1.0,https://joinup.ec.europa.eu/collection/semic-support-centre/solution/core-location-vocabulary/release/210
https://interoperable-europe.ec.europa.eu/collection/semic-support-centre/specifications,version 2.0.2,https://joinup.ec.europa.eu/collection/semic-support-centre/solution/core-location-vocabulary/release/202
https://interoperable-europe.ec.europa.eu/collection/semic-support-centre/specifications,version 2.0.0,https://joinup.ec.europa.eu/collection/semantic-interoperability-community-semic/solution/core-location-vocabulary/release/200
https://interoperable-europe.ec.europa.eu/collection/semic-support-centre/specifications,version 0.2,https://joinup.ec.europa.eu/collection/semantic-interoperability-community-semic/solution/core-location-vocabulary/release/02
https://interoperable-europe.ec.europa.eu/collection/semic-support-centre/specifications,Learn more,https://interoperable-europe.ec.europa.eu/collection/semic-support-centre/solution/core-location-vocabulary
https://interoperable-europe.ec.europa.eu/collection/semic-support-centre/specifications,Download the latest release,https://interoperable-europe.ec.europa.eu/collection/semic-support-centre/solution/core-location-vocabulary/releases
https://interoperable-europe.ec.europa.eu/collection/semic-support-centre/specifications,Consult technical documentation in Github,https://github.com/SEMICeu/Core-Location-Vocabulary
https://interoperable-europe.ec.europa.eu/collection/semic-support-centre/specifications,version 2.2.0,https://semiceu.github.io/CCCEV/releases/2.2.0/
https://interoperable-europe.ec.europa.eu/collection/semic-support-centre/specifications,version 2.1.0,https://joinup.ec.europa.eu/collection/semic-support-centre/solution/core-criterion-and-core-evidence-vocabulary/release/210
https://interoperable-europe.ec.europa.eu/collection/semic-support-centre/specifications,version 2.00,https://joinup.ec.europa.eu/collection/semantic-interoperability-community-semic/solution/core-criterion-and-core-evidence-vocabulary/release/200
https://interoperable-europe.ec.europa.eu/collection/semic-support-centre/specifications,version 1.00,https://joinup.ec.europa.eu/collection/semantic-interoperability-community-semic/solution/core-criterion-and-core-evidence-vocabulary/release/100
https://interoperable-europe.ec.europa.eu/collection/semic-support-centre/specifications,Learn more,https://interoperable-europe.ec.europa.eu/collection/semic-support-centre/solution/core-criterion-and-core-evidence-vocabulary
https://interoperable-europe.ec.europa.eu/collection/semic-support-centre/specifications,Download the latest release,https://interoperable-europe.ec.europa.eu/collection/semic-support-centre/solution/core-criterion-and-core-evidence-vocabulary/releases
https://interoperable-europe.ec.europa.eu/collection/semic-support-centre/specifications,Consult technical documentation in Github,https://github.com/SEMICeu/CCCEV
https://interoperable-europe.ec.europa.eu/collection/semic-support-centre/specifications,version 2.1.2,https://semiceu.github.io/CPOV/releases/2.1.2/
https://interoperable-europe.ec.europa.eu/collection/semic-support-centre/specifications,version 2.1.1,https://joinup.ec.europa.eu/collection/semic-support-centre/solution/core-public-organisation-vocabulary/release/211
https://interoperable-europe.ec.europa.eu/collection/semic-support-centre/specifications,version 2.1.0,https://github.com/SEMICeu/CPOV/tree/master/releases/2.1.0
https://interoperable-europe.ec.europa.eu/collection/semic-support-centre/specifications,version 2.0.0,https://joinup.ec.europa.eu/collection/semantic-interoperability-community-semic/solution/core-public-organisation-vocabulary/release/200
https://interoperable-europe.ec.europa.eu/collection/semic-support-centre/specifications,version 1.00,https://joinup.ec.europa.eu/solution/core-public-organisation-vocabulary/releases
https://interoperable-europe.ec.europa.eu/collection/semic-support-centre/specifications,Learn more,https://interoperable-europe.ec.europa.eu/collection/semic-support-centre/solution/core-public-organisation-vocabulary
https://interoperable-europe.ec.europa.eu/collection/semic-support-centre/specifications,Download the latest release,https://interoperable-europe.ec.europa.eu/collection/semic-support-centre/solution/core-public-organisation-vocabulary/releases
https://interoperable-europe.ec.europa.eu/collection/semic-support-centre/specifications,Consult technical documentation in Github,https://github.com/SEMICeu/CPOV
https://interoperable-europe.ec.europa.eu/collection/semic-support-centre/specifications,version 1.1.1,https://semiceu.github.io/Core-Public-Event-Vocabulary/releases/1.1.1/
https://interoperable-europe.ec.europa.eu/collection/semic-support-centre/specifications,version 1.1.0,https://joinup.ec.europa.eu/collection/semic-support-centre/solution/core-public-event-vocabulary/release/110
https://interoperable-europe.ec.europa.eu/collection/semic-support-centre/specifications,version 1.0,https://github.com/SEMICeu/Core-Public-Event-Vocabulary/tree/master/releases/1.0.0
https://interoperable-europe.ec.europa.eu/collection/semic-support-centre/specifications,first public draft,https://joinup.ec.europa.eu/collection/semantic-interoperability-community-semic/solution/core-public-event-vocabulary/release/004
https://interoperable-europe.ec.europa.eu/collection/semic-support-centre/specifications,Learn more,https://interoperable-europe.ec.europa.eu/collection/semic-support-centre/solution/core-public-event-vocabulary
https://interoperable-europe.ec.europa.eu/collection/semic-support-centre/specifications,Download the latest release,https://interoperable-europe.ec.europa.eu/collection/semic-support-centre/solution/core-public-event-vocabulary/releases
https://interoperable-europe.ec.europa.eu/collection/semic-support-centre/specifications,Consult technical documentation in Github,https://github.com/SEMICeu/Core-Public-Event-Vocabulary
https://interoperable-europe.ec.europa.eu/collection/semic-support-centre/specifications,use cases,https://joinup.ec.europa.eu/collection/semantic-interoperability-community-semic/solution/core-public-service-vocabulary/document/core-public-service-vocabulary-use-cases
https://interoperable-europe.ec.europa.eu/collection/semic-support-centre/specifications,Learn more,https://interoperable-europe.ec.europa.eu/collection/semic-support-centre/solution/core-public-service-vocabulary
https://interoperable-europe.ec.europa.eu/collection/semic-support-centre/specifications,Download the latest release,https://interoperable-europe.ec.europa.eu/collection/semic-support-centre/solution/core-public-service-vocabulary/releases
https://interoperable-europe.ec.europa.eu/collection/semic-support-centre/specifications,Consult technical documentation in Github,https://github.com/SEMICeu/CPSV
https://interoperable-europe.ec.europa.eu/collection/semic-support-centre/specifications,Learn more,https://interoperable-europe.ec.europa.eu/collection/common-assessment-method-standards-and-specifications-camss/solution/core-assessment-vocabulary-cav
https://interoperable-europe.ec.europa.eu/collection/semic-support-centre/specifications,Download the latest release,https://interoperable-europe.ec.europa.eu/collection/common-assessment-method-standards-and-specifications-camss/solution/core-assessment-vocabulary-cav/release/140
https://interoperable-europe.ec.europa.eu/collection/semic-support-centre/specifications,Consult technical documentation in Github,https://github.com/isa-camss/CAV
https://interoperable-europe.ec.europa.eu/collection/semic-support-centre/specifications,Learn more,https://joinup.ec.europa.eu/collection/common-assessment-method-standards-and-specifications-camss/solution/core-standards-and-specifications-vocabulary-cssv/about
https://interoperable-europe.ec.europa.eu/collection/semic-support-centre/specifications,Download the latest release,https://interoperable-europe.ec.europa.eu/collection/common-assessment-method-standards-and-specifications-camss/solution/core-standards-and-specifications-vocabulary-cssv/release/200
https://interoperable-europe.ec.europa.eu/collection/semic-support-centre/specifications,Consult technical documentation in Github,https://github.com/isa-camss/CSSV
https://interoperable-europe.ec.europa.eu/collection/semic-support-centre/specifications,,https://joinup.ec.europa.eu/collection/semantic-interoperability-community-semic/helpdesk-faq
https://interoperable-europe.ec.europa.eu/collection/semic-support-centre/specifications,Learn more,https://interoperable-europe.ec.europa.eu/collection/semic-support-centre/solution/dcat-application-profile-data-portals-europe
https://interoperable-europe.ec.europa.eu/collection/semic-support-centre/specifications,Download latest release,https://interoperable-europe.ec.europa.eu/collection/semic-support-centre/solution/dcat-application-profile-data-portals-europe/releases
https://interoperable-europe.ec.europa.eu/collection/semic-support-centre/specifications,Consult technical documentation in Github,https://github.com/SEMICeu/DCAT-AP
https://interoperable-europe.ec.europa.eu/collection/semic-support-centre/specifications,DCAT-AP for High-Value Datasets (HVD),https://semiceu.github.io/DCAT-AP/releases/2.2.0-hvd/
https://interoperable-europe.ec.europa.eu/collection/semic-support-centre/specifications,DCAT Application Profile,https://joinup.ec.europa.eu/collection/semic-support-centre/solution/dcat-application-profile-data-portals-europe/about
https://interoperable-europe.ec.europa.eu/collection/semic-support-centre/specifications,Data Catalogue Vocabulary (DCAT),http://www.w3.org/TR/vocab-dcat/
https://interoperable-europe.ec.europa.eu/collection/semic-support-centre/specifications,v.3.0.1,https://semiceu.github.io/DCAT-AP/drafts/3.0.1-hvd/
https://interoperable-europe.ec.europa.eu/collection/semic-support-centre/specifications,v.3.0.0,https://semiceu.github.io/DCAT-AP/releases/3.0.0-hvd
https://interoperable-europe.ec.europa.eu/collection/semic-support-centre/specifications,DCAT-AP 3.0.0,https://joinup.ec.europa.eu/collection/semic-support-centre/solution/dcat-application-profile-data-portals-europe/release/300
https://interoperable-europe.ec.europa.eu/collection/semic-support-centre/specifications,DCAT-AP 2.1.1,https://joinup.ec.europa.eu/collection/semantic-interoperability-community-semic/solution/dcat-application-profile-data-portals-europe/release/211
https://interoperable-europe.ec.europa.eu/collection/semic-support-centre/specifications,Learn more,https://interoperable-europe.ec.europa.eu/collection/semic-support-centre/solution/dcat-ap-hvd
https://interoperable-europe.ec.europa.eu/collection/semic-support-centre/specifications,Download latest release,https://interoperable-europe.ec.europa.eu/collection/semic-support-centre/solution/dcat-ap-hvd/releases
https://interoperable-europe.ec.europa.eu/collection/semic-support-centre/specifications,Learn more,https://interoperable-europe.ec.europa.eu/collection/semic-support-centre/solution/core-public-service-vocabulary-application-profile
https://interoperable-europe.ec.europa.eu/collection/semic-support-centre/specifications,Download latest release,https://interoperable-europe.ec.europa.eu/collection/semic-support-centre/solution/core-public-service-vocabulary-application-profile/releases
https://interoperable-europe.ec.europa.eu/collection/semic-support-centre/specifications,Consult technical documentation in Github,https://github.com/semiceu/CPSV-AP
https://interoperable-europe.ec.europa.eu/collection/semic-support-centre/specifications,Learn more,https://interoperable-europe.ec.europa.eu/collection/access-base-registries/solution/bregdcat-ap
https://interoperable-europe.ec.europa.eu/collection/semic-support-centre/specifications,Download latest release,https://interoperable-europe.ec.europa.eu/collection/access-base-registries/solution/bregdcat-ap/releases
https://interoperable-europe.ec.europa.eu/collection/semic-support-centre/specifications,Consult technical documentation in Github,https://github.com/SEMICeu/BregDCAT-AP
https://interoperable-europe.ec.europa.eu/collection/semic-support-centre/specifications,Asset Description Metadata Schema,https://interoperable-europe.ec.europa.eu/collection/semic-support-centre/solution/asset-description-metadata-schema-adms
https://interoperable-europe.ec.europa.eu/collection/semic-support-centre/specifications,European Interoperability Framework,http://ec.europa.eu/isa/documents/isa_annex_ii_eif_en.pdf
https://interoperable-europe.ec.europa.eu/collection/semic-support-centre/specifications,Learn more,https://interoperable-europe.ec.europa.eu/collection/semic-support-centre/solution/asset-description-metadata-schema-adms-revision
https://interoperable-europe.ec.europa.eu/collection/semic-support-centre/specifications,Download latest release,https://interoperable-europe.ec.europa.eu/collection/semic-support-centre/solution/asset-description-metadata-schema-adms/releases
https://interoperable-europe.ec.europa.eu/collection/semic-support-centre/specifications,Consult technical documentation in Github,https://github.com/SEMICeu/ADMS-AP
https://interoperable-europe.ec.europa.eu/collection/semic-support-centre/specifications,DCAT-AP,https://joinup.ec.europa.eu/solution/dcat-application-profile-data-portals-europe/about
https://interoperable-europe.ec.europa.eu/collection/semic-support-centre/specifications,Learn more,https://interoperable-europe.ec.europa.eu/collection/semic-support-centre/solution/geodcat-application-profile-data-portals-europe
https://interoperable-europe.ec.europa.eu/collection/semic-support-centre/specifications,Download latest release,https://interoperable-europe.ec.europa.eu/collection/semic-support-centre/solution/geodcat-application-profile-data-portals-europe/releases
https://interoperable-europe.ec.europa.eu/collection/semic-support-centre/specifications,Consult technical documentation in Github,https://github.com/SEMICeu/GeoDCAT-AP
https://interoperable-europe.ec.europa.eu/collection/semic-support-centre/specifications,Learn more,https://joinup.ec.europa.eu/collection/semantic-interoperability-community-semic/solution/statdcat-application-profile-data-portals-europe/about
https://interoperable-europe.ec.europa.eu/collection/semic-support-centre/specifications,Download latest release,https://joinup.ec.europa.eu/collection/semic-support-centre/solution/statdcat-application-profile-data-portals-europe/release/101
https://interoperable-europe.ec.europa.eu/collection/semic-support-centre/specifications,Consult technical documentation in Github,https://github.com/SEMICeu/StatDCAT-AP
https://interoperable-europe.ec.europa.eu/collection/semic-support-centre/specifications,OpenML,https://www.openml.org/
https://interoperable-europe.ec.europa.eu/collection/semic-support-centre/specifications,Learn more,https://interoperable-europe.ec.europa.eu/collection/semic-support-centre/solution/mldcat-ap
https://interoperable-europe.ec.europa.eu/collection/semic-support-centre/specifications,Download latest release,https://interoperable-europe.ec.europa.eu/collection/semic-support-centre/solution/mldcat-ap/releases
https://interoperable-europe.ec.europa.eu/collection/semic-support-centre/specifications,Consult technical documentation in Github,https://github.com/SEMICeu/MLDCAT-AP/tree/main
https://interoperable-europe.ec.europa.eu/collection/semic-support-centre/specifications,DCAT-AP Validator,https://www.itb.ec.europa.eu/shacl/dcat-ap/upload
https://interoperable-europe.ec.europa.eu/collection/semic-support-centre/specifications,MLDCAT-AP Validator,https://www.itb.ec.europa.eu/shacl/mldcat-ap/upload
https://interoperable-europe.ec.europa.eu/collection/semic-support-centre/specifications,MLDCAT-AP GitHub,https://github.com/SEMICeu/MLDCAT-AP
https://interoperable-europe.ec.europa.eu/collection/semic-support-centre/specifications,CPSV-AP Validator,https://www.itb.ec.europa.eu/shacl/cpsv-ap/upload
https://interoperable-europe.ec.europa.eu/collection/semic-support-centre/specifications,CPSV-AP GitHub,https://github.com/SEMICeu/CPSV-AP
https://interoperable-europe.ec.europa.eu/collection/semic-support-centre/specifications,BregDCAT-AP,https://joinup.ec.europa.eu/collection/access-base-registries/solution/abr-specification-registry-registries
https://interoperable-europe.ec.europa.eu/collection/semic-support-centre/specifications,DCAT-AP,https://joinup.ec.europa.eu/collection/semantic-interoperability-community-semic/solution/dcat-application-profile-data-portals-europe
https://interoperable-europe.ec.europa.eu/collection/semic-support-centre/specifications,REST,https://www.itb.ec.europa.eu/shacl/swagger-ui.html
https://interoperable-europe.ec.europa.eu/collection/semic-support-centre/specifications,SOAP,https://www.itb.ec.europa.eu/shacl/soap/bregdcat-ap/validation?wsdl
https://interoperable-europe.ec.europa.eu/collection/semic-support-centre/specifications,BregDCAT-AP Validator,https://www.itb.ec.europa.eu/shacl/bregdcat-ap/upload
https://interoperable-europe.ec.europa.eu/collection/semic-support-centre/specifications,SEMIC Style Guide,https://semiceu.github.io/style-guide/1.0.0/gc-conceptual-model-conventions.html
https://interoperable-europe.ec.europa.eu/collection/semic-support-centre/specifications,here,https://meaningfy-ws.github.io/semic-styleguide-rdf-validator/
https://interoperable-europe.ec.europa.eu/collection/semic-support-centre/specifications,SHACL Validator,https://www.itb.ec.europa.eu/shacl/semicstyleguide/upload
https://interoperable-europe.ec.europa.eu/collection/semic-support-centre/specifications,here,https://meaningfy-ws.github.io/model2owl-docs/public-review/checkers/model2owl-checkers.html
https://interoperable-europe.ec.europa.eu/collection/semic-support-centre/specifications,UML Validator,https://www.itb.ec.europa.eu/model2owl/upload
https://interoperable-europe.ec.europa.eu/collection/semic-support-centre/specifications,Learn more,https://joinup.ec.europa.eu/collection/support-centre/solution/asset-description-metadata-schema-adms/about
https://interoperable-europe.ec.europa.eu/collection/semic-support-centre/specifications,Download latest release,https://joinup.ec.europa.eu/collection/semic-support-centre/solution/asset-description-metadata-schema-adms/release/200
https://interoperable-europe.ec.europa.eu/collection/semic-support-centre/specifications,Consult technical documentation in Github,https://github.com/SEMICeu/ADMS
https://interoperable-europe.ec.europa.eu/collection/semic-support-centre/specifications,Single Digital Gateway Regulation,https://ec.europa.eu/growth/single-market/single-digital-gateway_en
https://interoperable-europe.ec.europa.eu/collection/semic-support-centre/specifications,procedure,https://eur-lex.europa.eu/legal-content/EN/TXT/HTML/?uri=CELEX:32018R1724&from=EN
https://interoperable-europe.ec.europa.eu/collection/semic-support-centre/specifications,Learn more,https://joinup.ec.europa.eu/collection/catalogue-services/open-specifications-cpsv-ap-and-sdg-services-model-describing-procedures
https://interoperable-europe.ec.europa.eu/collection/semic-support-centre/specifications,Consult technical documentation in Github,https://github.com/catalogue-of-services-isa/SDG-model
https://interoperable-europe.ec.europa.eu/collection/semic-support-centre/specifications,Learn more,https://interoperable-europe.ec.europa.eu/collection/semic-support-centre/linked-data-event-streams-ldes
https://interoperable-europe.ec.europa.eu/collection/semic-support-centre/specifications,Consult technical documentation in Github,https://github.com/SEMICeu/LinkedDataEventStreams
https://interoperable-europe.ec.europa.eu/collection/semic-support-centre/specifications,,https://github.com/SEMICeu
https://interoperable-europe.ec.europa.eu/collection/semic-support-centre/specifications,Report abusive content,https://interoperable-europe.ec.europa.eu/contact?category=report&uri=/collection/semic-support-centre/specifications&destination=collection/semic-support-centre/specifications
https://interoperable-europe.ec.europa.eu/collection/semic-support-centre/knowledge-hub,,https://interoperable-europe.ec.europa.eu/node/705740
https://interoperable-europe.ec.europa.eu/collection/semic-support-centre/knowledge-hub,,https://joinup.ec.europa.eu/collection/semic-support-centre/studies-and-guiding-materials
https://interoperable-europe.ec.europa.eu/collection/semic-support-centre/knowledge-hub,,https://joinup.ec.europa.eu/collection/semic-support-centre/online-trainings
https://interoperable-europe.ec.europa.eu/collection/semic-support-centre/knowledge-hub,,https://joinup.ec.europa.eu/collection/semic-support-centre/webinars-and-awareness-raising-sessions
https://interoperable-europe.ec.europa.eu/collection/semic-support-centre/knowledge-hub,,https://joinup.ec.europa.eu/collection/semic-support-centre/semic-tv
https://interoperable-europe.ec.europa.eu/collection/semic-support-centre/knowledge-hub,Back to top,https://interoperable-europe.ec.europa.eu/collection/semic-support-centre/knowledge-hub
https://interoperable-europe.ec.europa.eu/collection/semic-support-centre/knowledge-hub,Report abusive content,https://interoperable-europe.ec.europa.eu/contact?category=report&uri=/collection/semic-support-centre/knowledge-hub&destination=collection/semic-support-centre/knowledge-hub
