URL,HTTP,제목,오류,최종URL
https://interoperable-europe.ec.europa.eu/collection/semic-support-centre/mapping-graph-tree-data-structure-case-study-using-core-vocabularies,200,Mapping a graph to a tree data structure: a case study using the Core Vocabularies | Interoperable Europe Portal,,https://interoperable-europe.ec.europa.eu/collection/semic-support-centre/mapping-graph-tree-data-structure-case-study-using-core-vocabularies
https://semiceu.github.io/Core-Public-Event-Vocabulary/releases/1.1.1/,200,Core Public Event Vocabulary,,https://semiceu.github.io/Core-Public-Event-Vocabulary/releases/1.1.1/
https://interoperable-europe.ec.europa.eu/collection/rolling-plan-ict-standardisation/ict-environmental-impact-rp2024,200,ICT Environmental impact (RP2024) | Interoperable Europe Portal,,https://interoperable-europe.ec.europa.eu/collection/rolling-plan-ict-standardisation/ict-environmental-impact-rp2024
https://interoperable-europe.ec.europa.eu/collection/iopeu-monitoring/interoperable-europe-monitoring-results,200,Interoperable Europe Monitoring results | Interoperable Europe Portal,,https://interoperable-europe.ec.europa.eu/collection/iopeu-monitoring/interoperable-europe-monitoring-results
https://www.itb.ec.europa.eu/docs/itb-ta/latest/login/index.html,200,Log in — ITB User Guide,,https://www.itb.ec.europa.eu/docs/itb-ta/latest/login/index.html
https://interoperable-europe.ec.europa.eu/collection/rolling-plan-ict-standardisation/cloud-and-edge-computing-rp-2024,200,Cloud and edge computing (RP 2024) | Interoperable Europe Portal,,https://interoperable-europe.ec.europa.eu/collection/rolling-plan-ict-standardisation/cloud-and-edge-computing-rp-2024
https://interoperable-europe.ec.europa.eu/collection/assessments/assessment-toolbox,200,Assessment Toolbox | Interoperable Europe Portal,,https://interoperable-europe.ec.europa.eu/collection/assessments/assessment-toolbox
https://interoperable-europe.ec.europa.eu/collection/interoperability-regulatory-sandboxes/explore,200,Explore | Interoperable Europe Portal,,https://interoperable-europe.ec.europa.eu/collection/interoperability-regulatory-sandboxes/explore
https://interoperable-europe.ec.europa.eu/interoperable-europe-solutions,200,Interoperable Europe Solutions | Interoperable Europe Portal,,https://interoperable-europe.ec.europa.eu/interoperable-europe-solutions
https://www.itb.ec.europa.eu/docs/tdl/latest/expressions/index.html,200,Expressions — GITB TDL Documentation,,https://www.itb.ec.europa.eu/docs/tdl/latest/expressions/index.html
https://www.itb.ec.europa.eu/docs/guides/latest/installingTheTestBedProduction/,200,Guide: Installing the Test Bed for production use — ITB Guides,,https://www.itb.ec.europa.eu/docs/guides/latest/installingTheTestBedProduction/
https://interoperable-europe.ec.europa.eu/governance,200,Governance | Interoperable Europe Portal,,https://interoperable-europe.ec.europa.eu/governance
https://interoperable-europe.ec.europa.eu/interoperable-europe/events,200,Events | Interoperable Europe Portal,,https://interoperable-europe.ec.europa.eu/interoperable-europe/events
https://interoperable-europe.ec.europa.eu/collection/assessments/report/repository,200,Assessment reports | Interoperable Europe Portal,,https://interoperable-europe.ec.europa.eu/collection/assessments/report/repository
https://interoperable-europe.ec.europa.eu/collection/semic-support-centre/solution/common-structured-format-eu-legislative-documents/discover-akn4eu,0,,429 Client Error: Too Many Requests for url: https://interoperable-europe.ec.europa.eu/collection/semic-support-centre/solution/common-structured-format-eu-legislative-documents/discover-akn4eu,
https://interoperable-europe.ec.europa.eu/discussions,200,Forum | Interoperable Europe Portal,,https://interoperable-europe.ec.europa.eu/discussions
https://interoperable-europe.ec.europa.eu/collection/interoperability-architecture-solutions/solution/idpsio/welcome-old,200,Welcome (old) | Interoperable Europe Portal,,https://interoperable-europe.ec.europa.eu/collection/interoperability-architecture-solutions/solution/idpsio/welcome-old
https://interoperable-europe.ec.europa.eu/collection/open-source-observatory-osor/learning-hub,0,,429 Client Error: Too Many Requests for url: https://interoperable-europe.ec.europa.eu/collection/open-source-observatory-osor/learning-hub,
https://interoperable-europe.ec.europa.eu/collection/open-source-observatory-osor/osor-events,200,OSOR Events | Interoperable Europe Portal,,https://interoperable-europe.ec.europa.eu/collection/open-source-observatory-osor/osor-events
https://interoperable-europe.ec.europa.eu/collection/digital-ready-policymaking/regulatory-reporting,0,,429 Client Error: Too Many Requests for url: https://interoperable-europe.ec.europa.eu/collection/digital-ready-policymaking/regulatory-reporting,
https://interoperable-europe.ec.europa.eu/collection/interoperability-regulatory-sandboxes/get-involved,200,Get involved | Interoperable Europe Portal,,https://interoperable-europe.ec.europa.eu/collection/interoperability-regulatory-sandboxes/get-involved
https://interoperable-europe.ec.europa.eu/collection/semic-support-centre/towards-semantic-registry-collaborative-approach-semantic-models,200,Towards a Semantic Registry: A Collaborative Approach to Semantic Models | Interoperable Europe Portal,,https://interoperable-europe.ec.europa.eu/collection/semic-support-centre/towards-semantic-registry-collaborative-approach-semantic-models
https://www.itb.ec.europa.eu/docs/tdl/latest/handlers/index.html,200,Test step handlers — GITB TDL Documentation,,https://www.itb.ec.europa.eu/docs/tdl/latest/handlers/index.html
https://interoperable-europe.ec.europa.eu/collection/digital-ready-policymaking/best-practices,0,,429 Client Error: Too Many Requests for url: https://interoperable-europe.ec.europa.eu/collection/digital-ready-policymaking/best-practices,
https://interoperable-europe.ec.europa.eu/collection/iopeu-monitoring/poland,200,Poland | Interoperable Europe Portal,,https://interoperable-europe.ec.europa.eu/collection/iopeu-monitoring/poland
https://interoperable-europe.ec.europa.eu/collection/iopeu-monitoring/digital-public-administration-and-interoperability-national-level-albania,0,,429 Client Error: Too Many Requests for url: https://interoperable-europe.ec.europa.eu/collection/iopeu-monitoring/digital-public-administration-and-interoperability-national-level-albania,
https://interoperable-europe.ec.europa.eu/collection/rolling-plan-ict-standardisation/fintech-and-regtech-standardisation-rp2025,200,Fintech and Regtech Standardisation (RP2025) | Interoperable Europe Portal,,https://interoperable-europe.ec.europa.eu/collection/rolling-plan-ict-standardisation/fintech-and-regtech-standardisation-rp2025
https://interoperable-europe.ec.europa.eu/collection/interoperability-regulatory-sandboxes,200,Interoperability regulatory sandboxes | Interoperable Europe Portal,,https://interoperable-europe.ec.europa.eu/collection/interoperability-regulatory-sandboxes
https://interoperable-europe.ec.europa.eu/collection/assessments/eif-checker,0,,429 Client Error: Too Many Requests for url: https://interoperable-europe.ec.europa.eu/collection/assessments/eif-checker,
https://interoperable-europe.ec.europa.eu/collection/digital-ready-policymaking,200,Digital-ready Policymaking | Interoperable Europe Portal,,https://interoperable-europe.ec.europa.eu/collection/digital-ready-policymaking
https://interoperable-europe.ec.europa.eu/collection/assessments/collaborative-hub,200,Collaborative hub | Interoperable Europe Portal,,https://interoperable-europe.ec.europa.eu/collection/assessments/collaborative-hub
https://interoperable-europe.ec.europa.eu/collection/iopeu-monitoring/interoperability-initiatives-moldova,0,,429 Client Error: Too Many Requests for url: https://interoperable-europe.ec.europa.eu/collection/iopeu-monitoring/interoperability-initiatives-moldova,
https://interoperable-europe.ec.europa.eu/collection/iopeu-monitoring/portugal,200,Portugal | Interoperable Europe Portal,,https://interoperable-europe.ec.europa.eu/collection/iopeu-monitoring/portugal
https://interoperable-europe.ec.europa.eu/collection/rolling-plan-ict-standardisation/single-european-sky-rp2024,0,,429 Client Error: Too Many Requests for url: https://interoperable-europe.ec.europa.eu/collection/rolling-plan-ict-standardisation/single-european-sky-rp2024,
https://interoperable-europe.ec.europa.eu/collection/semic-support-centre/ai-interoperability,200,AI for Interoperability | Interoperable Europe Portal,,https://interoperable-europe.ec.europa.eu/collection/semic-support-centre/ai-interoperability
https://interoperable-europe.ec.europa.eu/collection/iopeu-monitoring/eu-monitoring-reports,200,EU Monitoring reports | Interoperable Europe Portal,,https://interoperable-europe.ec.europa.eu/collection/iopeu-monitoring/eu-monitoring-reports
https://interoperable-europe.ec.europa.eu/collection/rolling-plan-ict-standardisation/quantum-technologies-rp2024,200,Quantum Technologies (RP2024) | Interoperable Europe Portal,,https://interoperable-europe.ec.europa.eu/collection/rolling-plan-ict-standardisation/quantum-technologies-rp2024
https://interoperable-europe.ec.europa.eu/collection/digital-ready-policymaking/want-join-community,0,,429 Client Error: Too Many Requests for url: https://interoperable-europe.ec.europa.eu/collection/digital-ready-policymaking/want-join-community,
https://www.itb.ec.europa.eu/docs/itb-ta/latest/api/index.html,200,REST API — ITB User Guide,,https://www.itb.ec.europa.eu/docs/itb-ta/latest/api/index.html
https://interoperable-europe.ec.europa.eu/collection/governance-board/welcome-old,0,,429 Client Error: Too Many Requests for url: https://interoperable-europe.ec.europa.eu/collection/governance-board/welcome-old,
https://interoperable-europe.ec.europa.eu/collection/rolling-plan-ict-standardisation/fintech-and-regtech-standardisation-rp2024,200,Fintech and Regtech Standardisation (RP2024) | Interoperable Europe Portal,,https://interoperable-europe.ec.europa.eu/collection/rolling-plan-ict-standardisation/fintech-and-regtech-standardisation-rp2024
https://semiceu.github.io/style-guide/1.0.0/gc-conceptual-model-conventions.html,200,Conceptual model conventions (UML) :: SEMIC,,https://semiceu.github.io/style-guide/1.0.0/gc-conceptual-model-conventions.html
https://semiceu.github.io/DCAT-AP-reuse-guidelines/,200,How to create your DCAT-AP profile,,https://semiceu.github.io/DCAT-AP-reuse-guidelines/
https://interoperable-europe.ec.europa.eu/interoperable-europe,200,Interoperable Europe | Interoperable Europe Portal,,https://interoperable-europe.ec.europa.eu/interoperable-europe
https://interoperable-europe.ec.europa.eu/collection/iopeu-monitoring/czechia,0,,429 Client Error: Too Many Requests for url: https://interoperable-europe.ec.europa.eu/collection/iopeu-monitoring/czechia,
https://interoperable-europe.ec.europa.eu/collection/iopeu-monitoring/governance-kosovo,0,,429 Client Error: Too Many Requests for url: https://interoperable-europe.ec.europa.eu/collection/iopeu-monitoring/governance-kosovo,
https://www.itb.ec.europa.eu/docs/guides/latest/,200,Interoperability Test Bed Guides — ITB Guides,,https://www.itb.ec.europa.eu/docs/guides/latest/
https://semiceu.github.io/DCAT-AP/releases/3.0.0-hvd,200,DCAT-AP High Value Datasets,,https://semiceu.github.io/DCAT-AP/releases/3.0.0-hvd/
https://interoperable-europe.ec.europa.eu/collection/interoperability-architecture-solutions/solution/egovera-customs/welcome,0,,429 Client Error: Too Many Requests for url: https://interoperable-europe.ec.europa.eu/collection/interoperability-architecture-solutions/solution/egovera-customs/welcome,
https://interoperable-europe.ec.europa.eu/collection/rolling-plan-ict-standardisation/electronic-identification-and-trust-services-including-e-signatures-rp2024,200,Electronic identification and trust services including e-signatures (RP2024) | Interoperable Europe Portal,,https://interoperable-europe.ec.europa.eu/collection/rolling-plan-ict-standardisation/electronic-identification-and-trust-services-including-e-signatures-rp2024
https://interoperable-europe.ec.europa.eu/collection/digital-ready-policymaking/digital-ready-policymaking,0,,429 Client Error: Too Many Requests for url: https://interoperable-europe.ec.europa.eu/collection/digital-ready-policymaking/digital-ready-policymaking,
https://interoperable-europe.ec.europa.eu/collection/rolling-plan-ict-standardisation/robotics-and-autonomous-systems-rp-2025,200,Robotics and autonomous systems (RP 2025) | Interoperable Europe Portal,,https://interoperable-europe.ec.europa.eu/collection/rolling-plan-ict-standardisation/robotics-and-autonomous-systems-rp-2025
https://interoperable-europe.ec.europa.eu/collection/rolling-plan-ict-standardisation/safety-transparency-and-due-process-online-rp2024,0,,429 Client Error: Too Many Requests for url: https://interoperable-europe.ec.europa.eu/collection/rolling-plan-ict-standardisation/safety-transparency-and-due-process-online-rp2024,
https://interoperable-europe.ec.europa.eu/collection/interoperability-test-bed-repository/solution/mims-plus-certification/certification-process,0,,429 Client Error: Too Many Requests for url: https://interoperable-europe.ec.europa.eu/collection/interoperability-test-bed-repository/solution/mims-plus-certification/certification-process,
https://interoperable-europe.ec.europa.eu/collection/iopeu-monitoring/eu-digital-public-administration-factsheets,200,EU Digital Public Administration Factsheets | Interoperable Europe Portal,,https://interoperable-europe.ec.europa.eu/collection/iopeu-monitoring/eu-digital-public-administration-factsheets
https://interoperable-europe.ec.europa.eu/collection/interoperable-europe-academy/solution/getting-started-interoperability-test-bed/related-materials,0,,429 Client Error: Too Many Requests for url: https://interoperable-europe.ec.europa.eu/collection/interoperable-europe-academy/solution/getting-started-interoperability-test-bed/related-materials,
https://interoperable-europe.ec.europa.eu/collection/common-assessment-method-standards-and-specifications-camss/solution/camss-incompatibility-scenario/welcome,0,,429 Client Error: Too Many Requests for url: https://interoperable-europe.ec.europa.eu/collection/common-assessment-method-standards-and-specifications-camss/solution/camss-incompatibility-scenario/welcome,
https://interoperable-europe.ec.europa.eu/collection/interoperability-architecture-solutions/solution/egovera-business-agnostic/welcome,200,eGovERA Business Agnostic | Interoperable Europe Portal,,https://interoperable-europe.ec.europa.eu/collection/interoperability-architecture-solutions/solution/egovera-business-agnostic
https://interoperable-europe.ec.europa.eu/collection/iopeu-monitoring/liechtenstein,200,Liechtenstein | Interoperable Europe Portal,,https://interoperable-europe.ec.europa.eu/collection/iopeu-monitoring/liechtenstein
https://interoperable-europe.ec.europa.eu/eu-digital-regulations,200,Landscape of EU digital regulations | Interoperable Europe Portal,,https://interoperable-europe.ec.europa.eu/eu-digital-regulations
https://interoperable-europe.ec.europa.eu/collection/digital-ready-policymaking/welcome,200,Digital-ready Policymaking | Interoperable Europe Portal,,https://interoperable-europe.ec.europa.eu/collection/digital-ready-policymaking
https://www.itb.ec.europa.eu/docs/guides/latest/index.html,200,Interoperability Test Bed Guides — ITB Guides,,https://www.itb.ec.europa.eu/docs/guides/latest/index.html
https://interoperable-europe.ec.europa.eu/collection/assessments/assessment-forum,200,Assessment Forum | Interoperable Europe Portal,,https://interoperable-europe.ec.europa.eu/collection/assessments/assessment-forum
https://interoperable-europe.ec.europa.eu/collection/interoperability-architecture-solutions/solution/idpsio/welcome,0,,429 Client Error: Too Many Requests for url: https://interoperable-europe.ec.europa.eu/collection/interoperability-architecture-solutions/solution/idpsio/welcome,
https://interoperable-europe.ec.europa.eu/,200,Interoperable Europe Portal,,https://interoperable-europe.ec.europa.eu/
https://interoperable-europe.ec.europa.eu/collection/interoperability-architecture-solutions,200,Interoperability Architecture Solutions | Interoperable Europe Portal,,https://interoperable-europe.ec.europa.eu/collection/interoperability-architecture-solutions
https://interoperable-europe.ec.europa.eu/collection/rolling-plan-ict-standardisation/annex-ii-list-links-standards-bodies-web-sites-date-information-ongoing-work-rp2024,0,,429 Client Error: Too Many Requests for url: https://interoperable-europe.ec.europa.eu/collection/rolling-plan-ict-standardisation/annex-ii-list-links-standards-bodies-web-sites-date-information-ongoing-work-rp2024,
https://interoperable-europe.ec.europa.eu/collection/rolling-plan-ict-standardisation/accessibility-ict-products-and-services-rp2025,200,Accessibility of ICT products and services (RP2025) | Interoperable Europe Portal,,https://interoperable-europe.ec.europa.eu/collection/rolling-plan-ict-standardisation/accessibility-ict-products-and-services-rp2025
https://interoperable-europe.ec.europa.eu/collection/rolling-plan-ict-standardisation/horizontal-building-blocks-rp2024,0,,429 Client Error: Too Many Requests for url: https://interoperable-europe.ec.europa.eu/collection/rolling-plan-ict-standardisation/horizontal-building-blocks-rp2024,
https://interoperable-europe.ec.europa.eu/collection/rolling-plan-ict-standardisation/data-interoperability-rp-2024,200,Data Interoperability (RP 2024) | Interoperable Europe Portal,,https://interoperable-europe.ec.europa.eu/collection/rolling-plan-ict-standardisation/data-interoperability-rp-2024
https://interoperable-europe.ec.europa.eu/collection/iopeu-monitoring/digital-public-administration-factsheets-2024,0,,429 Client Error: Too Many Requests for url: https://interoperable-europe.ec.europa.eu/collection/iopeu-monitoring/digital-public-administration-factsheets-2024,
https://www.itb.ec.europa.eu/docs/tdl/latest/changelog/index.html,200,Release history — GITB TDL Documentation,,https://www.itb.ec.europa.eu/docs/tdl/latest/changelog/index.html
https://interoperable-europe.ec.europa.eu/collection/iopeu-monitoring/denmark,0,,429 Client Error: Too Many Requests for url: https://interoperable-europe.ec.europa.eu/collection/iopeu-monitoring/denmark,
https://interoperable-europe.ec.europa.eu/collection/rolling-plan-ict-standardisation/smart-and-sustainable-cities-and-communities-rp2024,200,Smart and sustainable cities and communities (RP2024) | Interoperable Europe Portal,,https://interoperable-europe.ec.europa.eu/collection/rolling-plan-ict-standardisation/smart-and-sustainable-cities-and-communities-rp2024
https://interoperable-europe.ec.europa.eu/collection/rolling-plan-ict-standardisation/electronic-identification-and-trust-services-including-e-signatures-rp-2026,200,Electronic identification and trust services including e-signatures (RP 2026) | Interoperable Europe Portal,,https://interoperable-europe.ec.europa.eu/collection/rolling-plan-ict-standardisation/electronic-identification-and-trust-services-including-e-signatures-rp-2026
https://www.itb.ec.europa.eu/docs/itb-ta/latest/,200,Interoperability Test Bed User Guide — ITB User Guide,,https://www.itb.ec.europa.eu/docs/itb-ta/latest/
https://interoperable-europe.ec.europa.eu/collection/rolling-plan-ict-standardisation/cybersecurity-network-and-information-security-rp-2025,200,Cybersecurity / network and information security (RP 2025) | Interoperable Europe Portal,,https://interoperable-europe.ec.europa.eu/collection/rolling-plan-ict-standardisation/cybersecurity-network-and-information-security-rp-2025
https://interoperable-europe.ec.europa.eu/collection/common-assessment-method-standards-and-specifications-camss/solution/elap/elap-310-online-documentation,200,ELAP 3.1.0 Online Documentation | Interoperable Europe Portal,,https://interoperable-europe.ec.europa.eu/collection/common-assessment-method-standards-and-specifications-camss/solution/elap/elap-310-online-documentation
https://interoperable-europe.ec.europa.eu/collection/iopeu-monitoring/governance-moldova,0,,429 Client Error: Too Many Requests for url: https://interoperable-europe.ec.europa.eu/collection/iopeu-monitoring/governance-moldova,
https://interoperable-europe.ec.europa.eu/collection/interoperable-europe-academy/solution/interoperability-test-bed-conformance-testing-managers/related-materials,0,,429 Client Error: Too Many Requests for url: https://interoperable-europe.ec.europa.eu/collection/interoperable-europe-academy/solution/interoperability-test-bed-conformance-testing-managers/related-materials,
https://interoperable-europe.ec.europa.eu/collection/digital-ready-policymaking/digital-ready-policymaking-course,0,,429 Client Error: Too Many Requests for url: https://interoperable-europe.ec.europa.eu/collection/digital-ready-policymaking/digital-ready-policymaking-course,
https://interoperable-europe.ec.europa.eu/collection/semic-support-centre/finlands-successful-implementation-eif-principles-interoperability-tools,200,Finland’s successful implementation of EIF principles in interoperability tools | Interoperable Europe Portal,,https://interoperable-europe.ec.europa.eu/collection/semic-support-centre/finlands-successful-implementation-eif-principles-interoperability-tools
https://interoperable-europe.ec.europa.eu/collection/governance-board/board,200,The Board | Interoperable Europe Portal,,https://interoperable-europe.ec.europa.eu/collection/governance-board/board
https://interoperable-europe.ec.europa.eu/collection/guidelines-sharing-interoperability-solutions,200,Guidelines on Sharing Interoperability Solutions | Interoperable Europe Portal,,https://interoperable-europe.ec.europa.eu/collection/guidelines-sharing-interoperability-solutions
https://interoperable-europe.ec.europa.eu/collection/rolling-plan-ict-standardisation/emergency-communications-and-public-warning-systems-rp2024,0,,429 Client Error: Too Many Requests for url: https://interoperable-europe.ec.europa.eu/collection/rolling-plan-ict-standardisation/emergency-communications-and-public-warning-systems-rp2024,
https://interoperable-europe.ec.europa.eu/collection/rolling-plan-ict-standardisation/smart-grids-and-smart-metering-rp2024,200,Smart grids and smart metering (RP2024) | Interoperable Europe Portal,,https://interoperable-europe.ec.europa.eu/collection/rolling-plan-ict-standardisation/smart-grids-and-smart-metering-rp2024
https://interoperable-europe.ec.europa.eu/collection/governance-board,200,Interoperable Europe Board | Interoperable Europe Portal,,https://interoperable-europe.ec.europa.eu/collection/governance-board
https://interoperable-europe.ec.europa.eu/collection/iopeu-monitoring/estonia,0,,429 Client Error: Too Many Requests for url: https://interoperable-europe.ec.europa.eu/collection/iopeu-monitoring/estonia,
https://interoperable-europe.ec.europa.eu/collection/iopeu-monitoring,200,IOPEU Monitoring | Interoperable Europe Portal,,https://interoperable-europe.ec.europa.eu/collection/iopeu-monitoring
https://www.itb.ec.europa.eu/docs/guides/latest/validatingYAML/index.html,200,Guide: Setting up a YAML validator — ITB Guides,,https://www.itb.ec.europa.eu/docs/guides/latest/validatingYAML/index.html
https://www.itb.ec.europa.eu/docs/itb-ta/latest/introduction/index.html,200,Introduction — ITB User Guide,,https://www.itb.ec.europa.eu/docs/itb-ta/latest/introduction/index.html
https://interoperable-europe.ec.europa.eu/collection/interoperable-europe-academy/learning-paths,200,Learning Paths | Interoperable Europe Portal,,https://interoperable-europe.ec.europa.eu/collection/interoperable-europe-academy/learning-paths
https://www.itb.ec.europa.eu/docs/itb-ta/latest/index.html,200,Interoperability Test Bed User Guide — ITB User Guide,,https://www.itb.ec.europa.eu/docs/itb-ta/latest/index.html
https://interoperable-europe.ec.europa.eu/collection/iopeu-monitoring/governance-albania,0,,429 Client Error: Too Many Requests for url: https://interoperable-europe.ec.europa.eu/collection/iopeu-monitoring/governance-albania,
https://www.itb.ec.europa.eu/docs/services/latest/processing/index.html,200,Processing services — GITB Services Documentation,,https://www.itb.ec.europa.eu/docs/services/latest/processing/index.html
https://interoperable-europe.ec.europa.eu/collection/semic-support-centre/enhanced-aidata-modelling-and-semic-ai-assistant,0,,429 Client Error: Too Many Requests for url: https://interoperable-europe.ec.europa.eu/collection/semic-support-centre/enhanced-aidata-modelling-and-semic-ai-assistant,
https://interoperable-europe.ec.europa.eu/collection/rolling-plan-ict-standardisation/blockchain-and-distributed-digital-ledger-technologies-rp2025,200,Blockchain and Distributed Digital Ledger Technologies (RP2025) | Interoperable Europe Portal,,https://interoperable-europe.ec.europa.eu/collection/rolling-plan-ict-standardisation/blockchain-and-distributed-digital-ledger-technologies-rp2025
https://interoperable-europe.ec.europa.eu/collection/rolling-plan-ict-standardisation/u-space-rp2024,0,,429 Client Error: Too Many Requests for url: https://interoperable-europe.ec.europa.eu/collection/rolling-plan-ict-standardisation/u-space-rp2024,
https://interoperable-europe.ec.europa.eu/collection/rolling-plan-ict-standardisation/annex-iii-term-definitions-and-main-abbreviations-rp2024,0,,429 Client Error: Too Many Requests for url: https://interoperable-europe.ec.europa.eu/collection/rolling-plan-ict-standardisation/annex-iii-term-definitions-and-main-abbreviations-rp2024,
https://interoperable-europe.ec.europa.eu/collection/interoperability-architecture-solutions/solution/egovera-health/welcome,0,,429 Client Error: Too Many Requests for url: https://interoperable-europe.ec.europa.eu/collection/interoperability-architecture-solutions/solution/egovera-health/welcome,
https://interoperable-europe.ec.europa.eu/collection/iopeu-monitoring/montenegro,200,Montenegro | Interoperable Europe Portal,,https://interoperable-europe.ec.europa.eu/collection/iopeu-monitoring/montenegro
https://interoperable-europe.ec.europa.eu/collection/interoperable-europe-academy/solution/introducing-common-assessment-method-standards-and-specifications-camss/re-using-course,200,Re-using the course | Interoperable Europe Portal,,https://interoperable-europe.ec.europa.eu/collection/interoperable-europe-academy/solution/introducing-common-assessment-method-standards-and-specifications-camss/re-using-course
https://interoperable-europe.ec.europa.eu/collection/semic-support-centre/reliable-cross-border-data-reuse-framework-german-federal-ministry-finance-free-hanseatic-city,0,,429 Client Error: Too Many Requests for url: https://interoperable-europe.ec.europa.eu/collection/semic-support-centre/reliable-cross-border-data-reuse-framework-german-federal-ministry-finance-free-hanseatic-city,
https://interoperable-europe.ec.europa.eu/collection/assessments/guidelines-chapter-3-how-carry-out-interoperability-assessment,200,Guidelines Chapter 3: How to carry out an interoperability assessment? | Interoperable Europe Portal,,https://interoperable-europe.ec.europa.eu/collection/assessments/guidelines-chapter-3-how-carry-out-interoperability-assessment
https://interoperable-europe.ec.europa.eu/collection/iopeu-monitoring/lithuania,200,Lithuania | Interoperable Europe Portal,,https://interoperable-europe.ec.europa.eu/collection/iopeu-monitoring/lithuania
https://interoperable-europe.ec.europa.eu/collection/open-source-observatory-osor,200,Open Source Observatory (OSOR) | Interoperable Europe Portal,,https://interoperable-europe.ec.europa.eu/collection/open-source-observatory-osor
https://interoperable-europe.ec.europa.eu/collection/semic-support-centre/participation-semic-team-endorse-conference,200,The participation of the SEMIC Team at the Endorse Conference | Interoperable Europe Portal,,https://interoperable-europe.ec.europa.eu/collection/semic-support-centre/participation-semic-team-endorse-conference
https://interoperable-europe.ec.europa.eu/collection/open-source-observatory-osor/osor-events-old,0,,429 Client Error: Too Many Requests for url: https://interoperable-europe.ec.europa.eu/collection/open-source-observatory-osor/osor-events-old,
https://www.itb.ec.europa.eu/docs/guides/latest/onboardingDevelopers/index.html,200,Guide: Getting started (for developers) — ITB Guides,,https://www.itb.ec.europa.eu/docs/guides/latest/onboardingDevelopers/index.html
https://interoperable-europe.ec.europa.eu/collection/rolling-plan-ict-standardisation/egovernment-rp2024,0,,429 Client Error: Too Many Requests for url: https://interoperable-europe.ec.europa.eu/collection/rolling-plan-ict-standardisation/egovernment-rp2024,
https://interoperable-europe.ec.europa.eu/collection/common-assessment-method-standards-and-specifications-camss/solution/core-standards-and-specifications-vocabulary-cssv/welcome,0,,429 Client Error: Too Many Requests for url: https://interoperable-europe.ec.europa.eu/collection/common-assessment-method-standards-and-specifications-camss/solution/core-standards-and-specifications-vocabulary-cssv/welcome,
https://interoperable-europe.ec.europa.eu/collection/rolling-plan-ict-standardisation/annex-i-list-member-states-work-plans-and-strategies-rp2025,200,Annex I - List of Member States' Work Plans and Strategies (RP2025) | Interoperable Europe Portal,,https://interoperable-europe.ec.europa.eu/collection/rolling-plan-ict-standardisation/annex-i-list-member-states-work-plans-and-strategies-rp2025
https://interoperable-europe.ec.europa.eu/collection/common-assessment-method-standards-and-specifications-camss/solution/elis/version-610,0,,429 Client Error: Too Many Requests for url: https://interoperable-europe.ec.europa.eu/collection/common-assessment-method-standards-and-specifications-camss/solution/elis/version-610,
https://interoperable-europe.ec.europa.eu/collection/interoperable-europe-academy/solution/access-base-registries-elearning-course/re-using-course,0,,429 Client Error: Too Many Requests for url: https://interoperable-europe.ec.europa.eu/collection/interoperable-europe-academy/solution/access-base-registries-elearning-course/re-using-course,
https://www.itb.ec.europa.eu/docs/services/latest/changelog/index.html,200,Release history — GITB Services Documentation,,https://www.itb.ec.europa.eu/docs/services/latest/changelog/index.html
https://interoperable-europe.ec.europa.eu/collection/iopeu-monitoring/bosnia-and-herzegovina,0,,429 Client Error: Too Many Requests for url: https://interoperable-europe.ec.europa.eu/collection/iopeu-monitoring/bosnia-and-herzegovina,
https://interoperable-europe.ec.europa.eu/collection/iopeu-monitoring/malta,200,Malta | Interoperable Europe Portal,,https://interoperable-europe.ec.europa.eu/collection/iopeu-monitoring/malta
https://semiceu.github.io/Core-Person-Vocabulary/releases/2.1.2/,200,Core Person Vocabulary,,https://semiceu.github.io/Core-Person-Vocabulary/releases/2.1.2/
https://interoperable-europe.ec.europa.eu/collection/interoperable-europe-academy/solution/interoperability-test-bed-conformance-testing-managers/re-using-course,0,,429 Client Error: Too Many Requests for url: https://interoperable-europe.ec.europa.eu/collection/interoperable-europe-academy/solution/interoperability-test-bed-conformance-testing-managers/re-using-course,
https://interoperable-europe.ec.europa.eu/collection/interoperable-europe-academy/solution/introducing-common-assessment-method-standards-and-specifications-camss/related-materials,0,,429 Client Error: Too Many Requests for url: https://interoperable-europe.ec.europa.eu/collection/interoperable-europe-academy/solution/introducing-common-assessment-method-standards-and-specifications-camss/related-materials,
https://interoperable-europe.ec.europa.eu/collection/rolling-plan-ict-standardisation/data-interoperability-rp-2025,200,Data Interoperability (RP 2025) | Interoperable Europe Portal,,https://interoperable-europe.ec.europa.eu/collection/rolling-plan-ict-standardisation/data-interoperability-rp-2025
https://www.itb.ec.europa.eu/docs/tdl/latest/examples/index.html,200,Example test suites — GITB TDL Documentation,,https://www.itb.ec.europa.eu/docs/tdl/latest/examples/index.html
https://interoperable-europe.ec.europa.eu/collection/rolling-plan-ict-standardisation/digital-health-healthy-living-and-ageing-rp2025,200,"Digital health, healthy living and ageing (RP2025) | Interoperable Europe Portal",,https://interoperable-europe.ec.europa.eu/collection/rolling-plan-ict-standardisation/digital-health-healthy-living-and-ageing-rp2025
https://interoperable-europe.ec.europa.eu/collection/rolling-plan-ict-standardisation/media-rp2025,200,Media (RP2025) | Interoperable Europe Portal,,https://interoperable-europe.ec.europa.eu/collection/rolling-plan-ict-standardisation/media-rp2025
https://www.itb.ec.europa.eu/docs/itb-ta/latest/communityDashboard/index.html,200,Manage communities — ITB User Guide,,https://www.itb.ec.europa.eu/docs/itb-ta/latest/communityDashboard/index.html
https://interoperable-europe.ec.europa.eu/collection/iopeu-monitoring/switzerland,200,Switzerland | Interoperable Europe Portal,,https://interoperable-europe.ec.europa.eu/collection/iopeu-monitoring/switzerland
https://interoperable-europe.ec.europa.eu/collection/iopeu-monitoring/latvia,0,,429 Client Error: Too Many Requests for url: https://interoperable-europe.ec.europa.eu/collection/iopeu-monitoring/latvia,
https://semiceu.github.io/CCCEV/releases/2.2.0/,200,Core Criterion and Core Evidence Vocabulary,,https://semiceu.github.io/CCCEV/releases/2.2.0/
https://interoperable-europe.ec.europa.eu/node/732628,200,Assessment Toolbox | Interoperable Europe Portal,,https://interoperable-europe.ec.europa.eu/collection/assessments/assessment-toolbox
https://www.itb.ec.europa.eu/docs/guides/latest/valueProposition/index.html,200,Guide: Value proposition — ITB Guides,,https://www.itb.ec.europa.eu/docs/guides/latest/valueProposition/index.html
https://semiceu.github.io/CPOV/releases/2.1.2/,200,Core Public Organisation Vocabulary,,https://semiceu.github.io/CPOV/releases/2.1.2/
https://www.itb.ec.europa.eu/docs/itb-ta/latest/systemAdministration/index.html,200,Manage system configuration — ITB User Guide,,https://www.itb.ec.europa.eu/docs/itb-ta/latest/systemAdministration/index.html
https://interoperable-europe.ec.europa.eu/collection/common-assessment-method-standards-and-specifications-camss/solution/elap/welcome,0,,429 Client Error: Too Many Requests for url: https://interoperable-europe.ec.europa.eu/collection/common-assessment-method-standards-and-specifications-camss/solution/elap/welcome,
https://interoperable-europe.ec.europa.eu/collection/assessments/assessment-guidelines,200,Assessment guidelines | Interoperable Europe Portal,,https://interoperable-europe.ec.europa.eu/collection/assessments/assessment-guidelines
https://interoperable-europe.ec.europa.eu/collection/rolling-plan-ict-standardisation/pandemic-preparedness-rp2024,200,Pandemic preparedness (RP2024) | Interoperable Europe Portal,,https://interoperable-europe.ec.europa.eu/collection/rolling-plan-ict-standardisation/pandemic-preparedness-rp2024
https://www.itb.ec.europa.eu/docs/guides/latest/installingTheTestBed/index.html,200,Guide: Installing the Test Bed for development use — ITB Guides,,https://www.itb.ec.europa.eu/docs/guides/latest/installingTheTestBed/index.html
https://interoperable-europe.ec.europa.eu/collection/iopeu-monitoring/kosovo,200,Kosovo | Interoperable Europe Portal,,https://interoperable-europe.ec.europa.eu/collection/iopeu-monitoring/kosovo
https://interoperable-europe.ec.europa.eu/collection/interoperability-architecture-solutions/solution/egovera-taxes/welcome,200,eGovERA for Taxes | Interoperable Europe Portal,,https://interoperable-europe.ec.europa.eu/collection/interoperability-architecture-solutions/solution/egovera-taxes
https://interoperable-europe.ec.europa.eu/collection/assessments/old-assessment-guidelines,0,,429 Client Error: Too Many Requests for url: https://interoperable-europe.ec.europa.eu/collection/assessments/old-assessment-guidelines,
https://interoperable-europe.ec.europa.eu/collection/common-assessment-method-standards-and-specifications-camss/solution/elap-validator/relevant-links,0,,429 Client Error: Too Many Requests for url: https://interoperable-europe.ec.europa.eu/collection/common-assessment-method-standards-and-specifications-camss/solution/elap-validator/relevant-links,
https://interoperable-europe.ec.europa.eu/collection/iopeu-monitoring/republic-north-macedonia,0,,429 Client Error: Too Many Requests for url: https://interoperable-europe.ec.europa.eu/collection/iopeu-monitoring/republic-north-macedonia,
https://interoperable-europe.ec.europa.eu/collection/interoperable-europe-academy/welcome,200,Interoperable Europe Academy | Interoperable Europe Portal,,https://interoperable-europe.ec.europa.eu/collection/interoperable-europe-academy
https://interoperable-europe.ec.europa.eu/collection/iopeu-monitoring/monitoring-toolbox,200,Monitoring Toolbox | Interoperable Europe Portal,,https://interoperable-europe.ec.europa.eu/collection/iopeu-monitoring/monitoring-toolbox
https://interoperable-europe.ec.europa.eu/collection/rolling-plan-ict-standardisation/ecall-rp2024,0,,429 Client Error: Too Many Requests for url: https://interoperable-europe.ec.europa.eu/collection/rolling-plan-ict-standardisation/ecall-rp2024,
https://semiceu.github.io/DCAT-AP/releases/2.2.0-hvd/,200,DCAT-AP High Value Datasets,,https://semiceu.github.io/DCAT-AP/releases/2.2.0-hvd/
https://interoperable-europe.ec.europa.eu/collection/rolling-plan-ict-standardisation/horizontal-building-blocks-rp2025,0,,429 Client Error: Too Many Requests for url: https://interoperable-europe.ec.europa.eu/collection/rolling-plan-ict-standardisation/horizontal-building-blocks-rp2025,
https://interoperable-europe.ec.europa.eu/collection/rolling-plan-ict-standardisation/intelligent-transport-systems-cooperative-connected-and-automated-mobility-its-ccam-and-3,200,"Intelligent Transport Systems - Cooperative, Connected and Automated Mobility (ITS-CCAM) and Electromobility (RP2025) | Interoperable Europe Portal",,https://interoperable-europe.ec.europa.eu/collection/rolling-plan-ict-standardisation/intelligent-transport-systems-cooperative-connected-and-automated-mobility-its-ccam-and-3
https://interoperable-europe.ec.europa.eu/collection/semic-support-centre/specifications,200,Specifications | Interoperable Europe Portal,,https://interoperable-europe.ec.europa.eu/collection/semic-support-centre/specifications
https://interoperable-europe.ec.europa.eu/collection/rolling-plan-ict-standardisation/internet-things-rp2025,200,Internet of Things (RP2025) | Interoperable Europe Portal,,https://interoperable-europe.ec.europa.eu/collection/rolling-plan-ict-standardisation/internet-things-rp2025
https://interoperable-europe.ec.europa.eu/collection/assessments/submission,0,,429 Client Error: Too Many Requests for url: https://interoperable-europe.ec.europa.eu/collection/assessments/submission,
https://interoperable-europe.ec.europa.eu/collection/rolling-plan-ict-standardisation/eprivacy-rp2024,200,ePrivacy (RP2024) | Interoperable Europe Portal,,https://interoperable-europe.ec.europa.eu/collection/rolling-plan-ict-standardisation/eprivacy-rp2024
https://interoperable-europe.ec.europa.eu/collection/assessments/guidelines-chapter-1-what-are-interoperability-assessments-and-why-are-they-relevant,200,Guidelines Chapter 1: What are interoperability assessments and why are they relevant? | Interoperable Europe Portal,,https://interoperable-europe.ec.europa.eu/collection/assessments/guidelines-chapter-1-what-are-interoperability-assessments-and-why-are-they-relevant
https://interoperable-europe.ec.europa.eu/collection/digital-ready-policymaking/innovation,0,,429 Client Error: Too Many Requests for url: https://interoperable-europe.ec.europa.eu/collection/digital-ready-policymaking/innovation,
https://www.itb.ec.europa.eu/docs/services/latest/messaging/index.html,200,Messaging services — GITB Services Documentation,,https://www.itb.ec.europa.eu/docs/services/latest/messaging/index.html
https://interoperable-europe.ec.europa.eu/collection/rolling-plan-ict-standardisation/intelligent-transport-systems-cooperative-connected-and-automated-mobility-its-ccam-and-2,200,"Intelligent Transport Systems - Cooperative, Connected and Automated Mobility (ITS-CCAM) and Electromobility (RP2024) | Interoperable Europe Portal",,https://interoperable-europe.ec.europa.eu/collection/rolling-plan-ict-standardisation/intelligent-transport-systems-cooperative-connected-and-automated-mobility-its-ccam-and-2
https://interoperable-europe.ec.europa.eu/collection/iopeu-monitoring/spain,0,,429 Client Error: Too Many Requests for url: https://interoperable-europe.ec.europa.eu/collection/iopeu-monitoring/spain,
https://semiceu.github.io/Core-Business-Vocabulary/releases/2.3.0/,200,Core Business Vocabulary,,https://semiceu.github.io/Core-Business-Vocabulary/releases/2.3.0/
https://www.itb.ec.europa.eu/docs/services/latest/templates/index.html,200,Service template — GITB Services Documentation,,https://www.itb.ec.europa.eu/docs/services/latest/templates/index.html
https://interoperable-europe.ec.europa.eu/collection/interoperable-europe-academy/solution/access-base-registries-elearning-course/related-materials,200,Related materials | Interoperable Europe Portal,,https://interoperable-europe.ec.europa.eu/collection/interoperable-europe-academy/solution/access-base-registries-elearning-course/related-materials
https://interoperable-europe.ec.europa.eu/collection/common-assessment-method-standards-and-specifications-camss/solution/camss-assessment-eif-scenario/welcome-old,0,,429 Client Error: Too Many Requests for url: https://interoperable-europe.ec.europa.eu/collection/common-assessment-method-standards-and-specifications-camss/solution/camss-assessment-eif-scenario/welcome-old,
https://interoperable-europe.ec.europa.eu/collection/iopeu-monitoring/bulgaria,0,,429 Client Error: Too Many Requests for url: https://interoperable-europe.ec.europa.eu/collection/iopeu-monitoring/bulgaria,
https://interoperable-europe.ec.europa.eu/collection/semic-support-centre/introduction-solid,0,,429 Client Error: Too Many Requests for url: https://interoperable-europe.ec.europa.eu/collection/semic-support-centre/introduction-solid,
https://interoperable-europe.ec.europa.eu/collection/iopeu-monitoring/interoperability-initiatives-bosnia-and-herzegovina,200,Interoperability Initiatives - Bosnia and Herzegovina | Interoperable Europe Portal,,https://interoperable-europe.ec.europa.eu/collection/iopeu-monitoring/interoperability-initiatives-bosnia-and-herzegovina
https://interoperable-europe.ec.europa.eu/collection/rolling-plan-ict-standardisation/data-economy-rp-2024,200,Data Economy (RP 2024) | Interoperable Europe Portal,,https://interoperable-europe.ec.europa.eu/collection/rolling-plan-ict-standardisation/data-economy-rp-2024
https://interoperable-europe.ec.europa.eu/collection/common-assessment-method-standards-and-specifications-camss/know-more,200,Know more! | Interoperable Europe Portal,,https://interoperable-europe.ec.europa.eu/collection/common-assessment-method-standards-and-specifications-camss/know-more
https://interoperable-europe.ec.europa.eu/collection/rolling-plan-ict-standardisation/u-space-rp2025,0,,429 Client Error: Too Many Requests for url: https://interoperable-europe.ec.europa.eu/collection/rolling-plan-ict-standardisation/u-space-rp2025,
https://www.itb.ec.europa.eu/docs/itb-ta/latest/conformanceDashboard/index.html,200,Monitor conformance status — ITB User Guide,,https://www.itb.ec.europa.eu/docs/itb-ta/latest/conformanceDashboard/index.html
https://interoperable-europe.ec.europa.eu/collection/open-source-observatory-osor/reports-and-guidelines,200,Reports and Guidelines | Interoperable Europe Portal,,https://interoperable-europe.ec.europa.eu/collection/open-source-observatory-osor/reports-and-guidelines
https://interoperable-europe.ec.europa.eu/collection/digital-ready-policymaking/knowledge-centre-0,0,,429 Client Error: Too Many Requests for url: https://interoperable-europe.ec.europa.eu/collection/digital-ready-policymaking/knowledge-centre-0,
https://interoperable-europe.ec.europa.eu/collection/iopeu-monitoring/romania,0,,429 Client Error: Too Many Requests for url: https://interoperable-europe.ec.europa.eu/collection/iopeu-monitoring/romania,
https://interoperable-europe.ec.europa.eu/collection/iopeu-monitoring/slovakia,0,,429 Client Error: Too Many Requests for url: https://interoperable-europe.ec.europa.eu/collection/iopeu-monitoring/slovakia,
https://interoperable-europe.ec.europa.eu/collection/rolling-plan-ict-standardisation/electronic-identification-and-trust-services-including-e-signatures-rp2025,0,,429 Client Error: Too Many Requests for url: https://interoperable-europe.ec.europa.eu/collection/rolling-plan-ict-standardisation/electronic-identification-and-trust-services-including-e-signatures-rp2025,
https://interoperable-europe.ec.europa.eu/collection/iopeu-monitoring/sweden,200,Sweden | Interoperable Europe Portal,,https://interoperable-europe.ec.europa.eu/collection/iopeu-monitoring/sweden
https://interoperable-europe.ec.europa.eu/collection/iopeu-monitoring/digital-public-administration-factsheets-2024-lod-format,0,,429 Client Error: Too Many Requests for url: https://interoperable-europe.ec.europa.eu/collection/iopeu-monitoring/digital-public-administration-factsheets-2024-lod-format,
https://interoperable-europe.ec.europa.eu/collection/digital-ready-policymaking/legislation-technology-make-law-machine-readable,0,,429 Client Error: Too Many Requests for url: https://interoperable-europe.ec.europa.eu/collection/digital-ready-policymaking/legislation-technology-make-law-machine-readable,
https://interoperable-europe.ec.europa.eu/collection/iopeu-monitoring/austria,200,Austria | Interoperable Europe Portal,,https://interoperable-europe.ec.europa.eu/collection/iopeu-monitoring/austria
https://interoperable-europe.ec.europa.eu/collection/interoperable-europe-academy/courses,200,Courses | Interoperable Europe Portal,,https://interoperable-europe.ec.europa.eu/collection/interoperable-europe-academy/courses
https://www.itb.ec.europa.eu/docs/guides/latest/validatingRDF/index.html,200,Guide: Setting up an RDF validator — ITB Guides,,https://www.itb.ec.europa.eu/docs/guides/latest/validatingRDF/index.html
https://interoperable-europe.ec.europa.eu/collection/digital-ready-policymaking/privacy-statement-survey,0,,429 Client Error: Too Many Requests for url: https://interoperable-europe.ec.europa.eu/collection/digital-ready-policymaking/privacy-statement-survey,
https://interoperable-europe.ec.europa.eu/collection/assessments/guidelines-chapter-5-how-establish-sound-governance-interoperability-assessment-process-your,200,Guidelines Chapter 5: How to establish a sound governance of the interoperability assessment process in your organisation? | Interoperable Europe Portal,,https://interoperable-europe.ec.europa.eu/collection/assessments/guidelines-chapter-5-how-establish-sound-governance-interoperability-assessment-process-your
https://interoperable-europe.ec.europa.eu/collection/rolling-plan-ict-standardisation/water-management-digitalisation-rp2024,0,,429 Client Error: Too Many Requests for url: https://interoperable-europe.ec.europa.eu/collection/rolling-plan-ict-standardisation/water-management-digitalisation-rp2024,
https://interoperable-europe.ec.europa.eu/collection/iopeu-monitoring/norway,0,,429 Client Error: Too Many Requests for url: https://interoperable-europe.ec.europa.eu/collection/iopeu-monitoring/norway,
https://interoperable-europe.ec.europa.eu/collection/rolling-plan-ict-standardisation/safety-transparency-and-due-process-online-rp2025,0,,429 Client Error: Too Many Requests for url: https://interoperable-europe.ec.europa.eu/collection/rolling-plan-ict-standardisation/safety-transparency-and-due-process-online-rp2025,
https://interoperable-europe.ec.europa.eu/collection/interoperable-europe-academy/solution/interoperability-regulatory-sandbox-innovation-support-measure/re-using-course,0,,429 Client Error: Too Many Requests for url: https://interoperable-europe.ec.europa.eu/collection/interoperable-europe-academy/solution/interoperability-regulatory-sandbox-innovation-support-measure/re-using-course,
https://interoperable-europe.ec.europa.eu/collection/common-assessment-method-standards-and-specifications-camss/solution/camss-assessment-multi-stakeholder-platform-msp-scenario/welcome,0,,429 Client Error: Too Many Requests for url: https://interoperable-europe.ec.europa.eu/collection/common-assessment-method-standards-and-specifications-camss/solution/camss-assessment-multi-stakeholder-platform-msp-scenario/welcome,
https://interoperable-europe.ec.europa.eu/collection/semic-support-centre/driving-semantic-interoperability-convergence-semic-semantic-registry,200,Driving Semantic Interoperability Convergence with the SEMIC Semantic Registry | Interoperable Europe Portal,,https://interoperable-europe.ec.europa.eu/collection/semic-support-centre/driving-semantic-interoperability-convergence-semic-semantic-registry
https://interoperable-europe.ec.europa.eu/interoperable-europe/interoperable-europe-act,200,Interoperable Europe Act | Interoperable Europe Portal,,https://interoperable-europe.ec.europa.eu/interoperable-europe/interoperable-europe-act
https://interoperable-europe.ec.europa.eu/collection/semic-support-centre/semantic-enrichment-apis-openapi-case-study,200,Semantic enrichment of APIs: an OpenAPI case study | Interoperable Europe Portal,,https://interoperable-europe.ec.europa.eu/collection/semic-support-centre/semantic-enrichment-apis-openapi-case-study
https://interoperable-europe.ec.europa.eu/collection/rolling-plan-ict-standardisation/digital-skills-rp2025,200,Digital skills (RP2025) | Interoperable Europe Portal,,https://interoperable-europe.ec.europa.eu/collection/rolling-plan-ict-standardisation/digital-skills-rp2025
https://interoperable-europe.ec.europa.eu/collection/iopeu-monitoring/iceland,200,Iceland | Interoperable Europe Portal,,https://interoperable-europe.ec.europa.eu/collection/iopeu-monitoring/iceland
https://interoperable-europe.ec.europa.eu/collection/rolling-plan-ict-standardisation/internet-things-rp2024,0,,429 Client Error: Too Many Requests for url: https://interoperable-europe.ec.europa.eu/collection/rolling-plan-ict-standardisation/internet-things-rp2024,
https://interoperable-europe.ec.europa.eu/collection/iopeu-monitoring/news-and-events,200,News and Events | Interoperable Europe Portal,,https://interoperable-europe.ec.europa.eu/collection/iopeu-monitoring/news-and-events
https://interoperable-europe.ec.europa.eu/collection/interoperability-architecture-solutions/welcome,200,Interoperability Architecture Solutions | Interoperable Europe Portal,,https://interoperable-europe.ec.europa.eu/collection/interoperability-architecture-solutions
https://interoperable-europe.ec.europa.eu/collection/assessments/online-tool-assessments,200,Online tool for assessments | Interoperable Europe Portal,,https://interoperable-europe.ec.europa.eu/collection/assessments/online-tool-assessments
https://interoperable-europe.ec.europa.eu/collection/iopeu-monitoring/belgium,200,Belgium | Interoperable Europe Portal,,https://interoperable-europe.ec.europa.eu/collection/iopeu-monitoring/belgium
https://interoperable-europe.ec.europa.eu/collection/interoperability-architecture-solutions/guidelines-alternative-exor-and-aggregation-and-sbbs,0,,429 Client Error: Too Many Requests for url: https://interoperable-europe.ec.europa.eu/collection/interoperability-architecture-solutions/guidelines-alternative-exor-and-aggregation-and-sbbs,
https://interoperable-europe.ec.europa.eu/collection/governance-board/documents,200,Documents | Interoperable Europe Portal,,https://interoperable-europe.ec.europa.eu/collection/governance-board/documents
https://interoperable-europe.ec.europa.eu/collection/rolling-plan-ict-standardisation/retail-payments-rp2024,200,Retail Payments (RP2024) | Interoperable Europe Portal,,https://interoperable-europe.ec.europa.eu/collection/rolling-plan-ict-standardisation/retail-payments-rp2024
https://interoperable-europe.ec.europa.eu/interoperable-europe/latest-news,200,News | Interoperable Europe Portal,,https://interoperable-europe.ec.europa.eu/interoperable-europe/latest-news
https://interoperable-europe.ec.europa.eu/collection/open-source-observatory-osor/open-source-focus-areas,200,Open Source Focus Areas | Interoperable Europe Portal,,https://interoperable-europe.ec.europa.eu/collection/open-source-observatory-osor/open-source-focus-areas
https://interoperable-europe.ec.europa.eu/collection/interoperability-test-bed-repository/solution/interoperability-test-bed/news-and-releases,200,News and releases | Interoperable Europe Portal,,https://interoperable-europe.ec.europa.eu/collection/interoperability-test-bed-repository/solution/interoperability-test-bed/news-and-releases
https://interoperable-europe.ec.europa.eu/collection/iopeu-monitoring/greece,0,,429 Client Error: Too Many Requests for url: https://interoperable-europe.ec.europa.eu/collection/iopeu-monitoring/greece,
https://www.itb.ec.europa.eu/docs/guides/latest/installingTheTestBedProduction/index.html,200,Guide: Installing the Test Bed for production use — ITB Guides,,https://www.itb.ec.europa.eu/docs/guides/latest/installingTheTestBedProduction/index.html
https://interoperable-europe.ec.europa.eu/collection/iopeu-monitoring/ukraine,200,Ukraine | Interoperable Europe Portal,,https://interoperable-europe.ec.europa.eu/collection/iopeu-monitoring/ukraine
https://www.itb.ec.europa.eu/docs/services/latest/validation/index.html,200,Validation services — GITB Services Documentation,,https://www.itb.ec.europa.eu/docs/services/latest/validation/index.html
https://interoperable-europe.ec.europa.eu/interoperable_solutions,200,Solutions | Interoperable Europe Portal,,https://interoperable-europe.ec.europa.eu/interoperable_solutions
https://interoperable-europe.ec.europa.eu/collection/interoperability-architecture-solutions/solution/eira/know-more,200,Know more | Interoperable Europe Portal,,https://interoperable-europe.ec.europa.eu/collection/interoperability-architecture-solutions/solution/eira/know-more
https://interoperable-europe.ec.europa.eu/collection/interoperability-architecture-solutions/learning-resources,200,Learning resources | Interoperable Europe Portal,,https://interoperable-europe.ec.europa.eu/collection/interoperability-architecture-solutions/learning-resources
https://interoperable-europe.ec.europa.eu/collection/rolling-plan-ict-standardisation/digital-learning-rp2025,200,Digital learning (RP2025) | Interoperable Europe Portal,,https://interoperable-europe.ec.europa.eu/collection/rolling-plan-ict-standardisation/digital-learning-rp2025
https://interoperable-europe.ec.europa.eu/collection/rolling-plan-ict-standardisation/broadband-infrastructure-mapping-rp2024,200,Broadband infrastructure mapping (RP2024) | Interoperable Europe Portal,,https://interoperable-europe.ec.europa.eu/collection/rolling-plan-ict-standardisation/broadband-infrastructure-mapping-rp2024
https://interoperable-europe.ec.europa.eu/collection/iopeu-monitoring/interoperability-initiatives-kosovo,200,Interoperability Initiatives - Kosovo | Interoperable Europe Portal,,https://interoperable-europe.ec.europa.eu/collection/iopeu-monitoring/interoperability-initiatives-kosovo
https://semiceu.github.io/style-guide/1.0.0/index.html,200,The SEMIC Style Guide for Semantic Engineers :: SEMIC,,https://semiceu.github.io/style-guide/1.0.0/index.html
https://interoperable-europe.ec.europa.eu/collection/iopeu-monitoring/netherlands,200,The Netherlands | Interoperable Europe Portal,,https://interoperable-europe.ec.europa.eu/collection/iopeu-monitoring/netherlands
https://interoperable-europe.ec.europa.eu/collection/rolling-plan-ict-standardisation/european-global-navigation-satellite-system-egnss-rp2024,0,,429 Client Error: Too Many Requests for url: https://interoperable-europe.ec.europa.eu/collection/rolling-plan-ict-standardisation/european-global-navigation-satellite-system-egnss-rp2024,
https://interoperable-europe.ec.europa.eu/collection/semic-support-centre/successful-implementation-dcat-ap-epos-foster-interoperability,200,Successful implementation of DCAT-AP by EPOS to foster interoperability | Interoperable Europe Portal,,https://interoperable-europe.ec.europa.eu/collection/semic-support-centre/successful-implementation-dcat-ap-epos-foster-interoperability
https://interoperable-europe.ec.europa.eu/collection/iopeu-monitoring/france,200,France | Interoperable Europe Portal,,https://interoperable-europe.ec.europa.eu/collection/iopeu-monitoring/france
https://interoperable-europe.ec.europa.eu/collection/interoperable-europe-academy/event/interoperable-europe-seasonal-school-2026,200,Interoperable Europe Seasonal School 2026 | Interoperable Europe Portal,,https://interoperable-europe.ec.europa.eu/collection/interoperable-europe-academy/event/interoperable-europe-seasonal-school-2026
https://www.itb.ec.europa.eu/docs/guides/latest/creatingATestCase/index.html,200,Guide: Creating a test suite — ITB Guides,,https://www.itb.ec.europa.eu/docs/guides/latest/creatingATestCase/index.html
https://interoperable-europe.ec.europa.eu/collection/semic-support-centre/developing-semantic-data-standards-different-sources-truth,200,Developing semantic data standards with different sources of truth | Interoperable Europe Portal,,https://interoperable-europe.ec.europa.eu/collection/semic-support-centre/developing-semantic-data-standards-different-sources-truth
https://interoperable-europe.ec.europa.eu/collection/rolling-plan-ict-standardisation/cloud-and-edge-computing-rp-2025,200,Cloud and edge computing (RP 2025) | Interoperable Europe Portal,,https://interoperable-europe.ec.europa.eu/collection/rolling-plan-ict-standardisation/cloud-and-edge-computing-rp-2025
https://interoperable-europe.ec.europa.eu/interoperability-solutions-catalogue,200,EU Interoperability Solutions Catalogue | Interoperable Europe Portal,,https://interoperable-europe.ec.europa.eu/interoperability-solutions-catalogue
https://interoperable-europe.ec.europa.eu/collection/iopeu-monitoring/moldova,200,Moldova | Interoperable Europe Portal,,https://interoperable-europe.ec.europa.eu/collection/iopeu-monitoring/moldova
https://interoperable-europe.ec.europa.eu/collection/rolling-plan-ict-standardisation/e-procurement-pre-and-post-award-rp2025,200,e-Procurement – pre- and post award (RP2025) | Interoperable Europe Portal,,https://interoperable-europe.ec.europa.eu/collection/rolling-plan-ict-standardisation/e-procurement-pre-and-post-award-rp2025
https://interoperable-europe.ec.europa.eu/collection/semic-support-centre,200,SEMIC Support Centre | Interoperable Europe Portal,,https://interoperable-europe.ec.europa.eu/collection/semic-support-centre
https://interoperable-europe.ec.europa.eu/collection/semic-support-centre/semic-tooling-assistant,200,SEMIC Tooling Assistant | Interoperable Europe Portal,,https://interoperable-europe.ec.europa.eu/collection/semic-support-centre/semic-tooling-assistant
https://interoperable-europe.ec.europa.eu/collection/iopeu-monitoring/european-interoperability-framework-detail,200,The European Interoperability Framework in detail | Interoperable Europe Portal,,https://interoperable-europe.ec.europa.eu/collection/iopeu-monitoring/european-interoperability-framework-detail
https://interoperable-europe.ec.europa.eu/collection/interoperable-europe-academy/solution/introduction-digital-ready-policymaking-it-professionals/re-using-course,0,,429 Client Error: Too Many Requests for url: https://interoperable-europe.ec.europa.eu/collection/interoperable-europe-academy/solution/introduction-digital-ready-policymaking-it-professionals/re-using-course,
https://www.itb.ec.europa.eu/docs/itb-ta/latest/exportimport/index.html,200,Export and import your data — ITB User Guide,,https://www.itb.ec.europa.eu/docs/itb-ta/latest/exportimport/index.html
https://interoperable-europe.ec.europa.eu/collection/common-assessment-method-standards-and-specifications-camss/solution/elis/version-501,0,,429 Client Error: Too Many Requests for url: https://interoperable-europe.ec.europa.eu/collection/common-assessment-method-standards-and-specifications-camss/solution/elis/version-501,
https://interoperable-europe.ec.europa.eu/collection/iopeu-monitoring/digital-public-administration-and-interoperability-national-level-bosnia-and-herzegovina,0,,429 Client Error: Too Many Requests for url: https://interoperable-europe.ec.europa.eu/collection/iopeu-monitoring/digital-public-administration-and-interoperability-national-level-bosnia-and-herzegovina,
https://interoperable-europe.ec.europa.eu/collection/interoperability-test-bed-repository/solution/interoperability-test-bed/faq,200,FAQ | Interoperable Europe Portal,,https://interoperable-europe.ec.europa.eu/collection/interoperability-test-bed-repository/solution/interoperability-test-bed/faq
https://interoperable-europe.ec.europa.eu/collection/common-assessment-method-standards-and-specifications-camss/solution/elis/welcome,200,ELIS | Interoperable Europe Portal,,https://interoperable-europe.ec.europa.eu/collection/common-assessment-method-standards-and-specifications-camss/solution/elis
https://interoperable-europe.ec.europa.eu/collection/rolling-plan-ict-standardisation/digitalisation-european-industry-rp2025,200,Digitalisation of European Industry (RP2025) | Interoperable Europe Portal,,https://interoperable-europe.ec.europa.eu/collection/rolling-plan-ict-standardisation/digitalisation-european-industry-rp2025
https://interoperable-europe.ec.europa.eu/collection/interoperability-architecture-solutions/solution/egovera-upscale/welcome,200,eGovERA Upscale | Interoperable Europe Portal,,https://interoperable-europe.ec.europa.eu/collection/interoperability-architecture-solutions/solution/egovera-upscale
https://interoperable-europe.ec.europa.eu/collection/semic-support-centre/knowledge-hub,200,Knowledge Hub | Interoperable Europe Portal,,https://interoperable-europe.ec.europa.eu/collection/semic-support-centre/knowledge-hub
https://interoperable-europe.ec.europa.eu/collection/eupl,200,EUPL | Interoperable Europe Portal,,https://interoperable-europe.ec.europa.eu/collection/eupl
https://interoperable-europe.ec.europa.eu/collection/semic-support-centre/enhancing-transparency-and-efficiency-european-unions-unified-approach-short-term-accommodation,0,,429 Client Error: Too Many Requests for url: https://interoperable-europe.ec.europa.eu/collection/semic-support-centre/enhancing-transparency-and-efficiency-european-unions-unified-approach-short-term-accommodation,
https://interoperable-europe.ec.europa.eu/collection/iopeu-monitoring/policy-context,200,Policy Context | Interoperable Europe Portal,,https://interoperable-europe.ec.europa.eu/collection/iopeu-monitoring/policy-context
https://interoperable-europe.ec.europa.eu/collection/interoperable-europe-academy/curriculum,200,Curriculum | Interoperable Europe Portal,,https://interoperable-europe.ec.europa.eu/collection/interoperable-europe-academy/curriculum
https://www.itb.ec.europa.eu/docs/guides/latest/sendingAndReceivingContent/index.html,200,Guide: Basic test case messaging — ITB Guides,,https://www.itb.ec.europa.eu/docs/guides/latest/sendingAndReceivingContent/index.html
https://interoperable-europe.ec.europa.eu/collection/rolling-plan-ict-standardisation/egovernment-rp2025,200,eGovernment (RP2025) | Interoperable Europe Portal,,https://interoperable-europe.ec.europa.eu/collection/rolling-plan-ict-standardisation/egovernment-rp2025
https://interoperable-europe.ec.europa.eu/collection/rolling-plan-ict-standardisation/water-management-digitalisation-rp2025,200,Water Management Digitalisation (RP2025) | Interoperable Europe Portal,,https://interoperable-europe.ec.europa.eu/collection/rolling-plan-ict-standardisation/water-management-digitalisation-rp2025
https://interoperable-europe.ec.europa.eu/collection/common-assessment-method-standards-and-specifications-camss/learning-resources,200,Learning resources | Interoperable Europe Portal,,https://interoperable-europe.ec.europa.eu/collection/common-assessment-method-standards-and-specifications-camss/learning-resources
https://interoperable-europe.ec.europa.eu/collection/iopeu-monitoring/turkiye,200,Türkiye | Interoperable Europe Portal,,https://interoperable-europe.ec.europa.eu/collection/iopeu-monitoring/turkiye
https://interoperable-europe.ec.europa.eu/collection/semic-conference,200,Semic Conference | Interoperable Europe Portal,,https://interoperable-europe.ec.europa.eu/collection/semic-conference
https://interoperable-europe.ec.europa.eu/collection/rolling-plan-ict-standardisation/european-electronic-toll-service-eets-rp2025,0,,429 Client Error: Too Many Requests for url: https://interoperable-europe.ec.europa.eu/collection/rolling-plan-ict-standardisation/european-electronic-toll-service-eets-rp2025,
https://www.itb.ec.europa.eu/docs/tdl/latest/index.html,200,GITB TDL Documentation — GITB TDL Documentation,,https://www.itb.ec.europa.eu/docs/tdl/latest/index.html
https://interoperable-europe.ec.europa.eu/collection/interoperability-architecture-solutions/success-stories,200,Success stories | Interoperable Europe Portal,,https://interoperable-europe.ec.europa.eu/collection/interoperability-architecture-solutions/success-stories
https://www.itb.ec.europa.eu/docs/tdl/latest/constructs/index.html,200,Test steps — GITB TDL Documentation,,https://www.itb.ec.europa.eu/docs/tdl/latest/constructs/index.html
https://interoperable-europe.ec.europa.eu/collection/common-assessment-method-standards-and-specifications-camss/solution/elap-validator/welcome,0,,429 Client Error: Too Many Requests for url: https://interoperable-europe.ec.europa.eu/collection/common-assessment-method-standards-and-specifications-camss/solution/elap-validator/welcome,
https://interoperable-europe.ec.europa.eu/interoperable-europe/faqs,200,FAQs | Interoperable Europe Portal,,https://interoperable-europe.ec.europa.eu/interoperable-europe/faqs
https://interoperable-europe.ec.europa.eu/collection/rolling-plan-ict-standardisation/annex-i-list-member-states-work-plans-and-strategies-rp2024,0,,429 Client Error: Too Many Requests for url: https://interoperable-europe.ec.europa.eu/collection/rolling-plan-ict-standardisation/annex-i-list-member-states-work-plans-and-strategies-rp2024,
https://interoperable-europe.ec.europa.eu/collection/rolling-plan-ict-standardisation/data-economy-rp-2025,200,Data Economy (RP 2025) | Interoperable Europe Portal,,https://interoperable-europe.ec.europa.eu/collection/rolling-plan-ict-standardisation/data-economy-rp-2025
https://interoperable-europe.ec.europa.eu/collection/iopeu-monitoring/serbia,0,,429 Client Error: Too Many Requests for url: https://interoperable-europe.ec.europa.eu/collection/iopeu-monitoring/serbia,
https://semiceu.github.io/IOPA/releases/1.0.0/,200,Interoperability Assessment Vocabulary,,https://semiceu.github.io/IOPA/releases/1.0.0/
https://interoperable-europe.ec.europa.eu/collection/common-assessment-method-standards-and-specifications-camss/camss-solutions,200,CAMSS Solutions | Interoperable Europe Portal,,https://interoperable-europe.ec.europa.eu/collection/common-assessment-method-standards-and-specifications-camss/camss-solutions
https://interoperable-europe.ec.europa.eu/collection/rolling-plan-ict-standardisation/accessibility-ict-products-and-services-rp2024,0,,429 Client Error: Too Many Requests for url: https://interoperable-europe.ec.europa.eu/collection/rolling-plan-ict-standardisation/accessibility-ict-products-and-services-rp2024,
https://interoperable-europe.ec.europa.eu/collection/open-source-observatory-osor/public-procurement-open-source-software,0,,429 Client Error: Too Many Requests for url: https://interoperable-europe.ec.europa.eu/collection/open-source-observatory-osor/public-procurement-open-source-software,
https://interoperable-europe.ec.europa.eu/collection/interoperability-architecture-solutions/solutions-interoperability-architecture,200,Solutions for Interoperability Architecture | Interoperable Europe Portal,,https://interoperable-europe.ec.europa.eu/collection/interoperability-architecture-solutions/solutions-interoperability-architecture
https://interoperable-europe.ec.europa.eu/collection/rolling-plan-ict-standardisation/rolling-plan-2025,200,Rolling Plan 2025 | Interoperable Europe Portal,,https://interoperable-europe.ec.europa.eu/collection/rolling-plan-ict-standardisation/rolling-plan-2025
https://interoperable-europe.ec.europa.eu/collection/rolling-plan-ict-standardisation/e-infrastructures-data-and-computing-intensive-science-and-european-open-science-cloud-rp2024,200,e-Infrastructures for data and computing intensive science and the European Open Science Cloud (RP2024) | Interoperable Europe Portal,,https://interoperable-europe.ec.europa.eu/collection/rolling-plan-ict-standardisation/e-infrastructures-data-and-computing-intensive-science-and-european-open-science-cloud-rp2024
https://interoperable-europe.ec.europa.eu/collection/rolling-plan-ict-standardisation/e-invoicing-rp2025,200,e-Invoicing (RP2025) | Interoperable Europe Portal,,https://interoperable-europe.ec.europa.eu/collection/rolling-plan-ict-standardisation/e-invoicing-rp2025
https://interoperable-europe.ec.europa.eu/collection/iopeu-monitoring/european-interoperability-framework-eif,200,European Interoperability Framework (EIF) | Interoperable Europe Portal,,https://interoperable-europe.ec.europa.eu/collection/iopeu-monitoring/european-interoperability-framework-eif
https://interoperable-europe.ec.europa.eu/collection/rolling-plan-ict-standardisation/e-infrastructures-data-and-computing-intensive-science-and-european-open-science-cloud-rp2025,200,e-Infrastructures for data and computing intensive science and the European Open Science Cloud (RP2025) | Interoperable Europe Portal,,https://interoperable-europe.ec.europa.eu/collection/rolling-plan-ict-standardisation/e-infrastructures-data-and-computing-intensive-science-and-european-open-science-cloud-rp2025
https://www.itb.ec.europa.eu/docs/guides/latest/validatingXML/index.html,200,Guide: Setting up an XML validator — ITB Guides,,https://www.itb.ec.europa.eu/docs/guides/latest/validatingXML/index.html
https://interoperable-europe.ec.europa.eu/collection/interoperable-europe-academy/solution/introduction-digital-ready-policymaking-it-professionals/related-materials,0,,429 Client Error: Too Many Requests for url: https://interoperable-europe.ec.europa.eu/collection/interoperable-europe-academy/solution/introduction-digital-ready-policymaking-it-professionals/related-materials,
https://interoperable-europe.ec.europa.eu/collection/portal-support,200,Portal support | Interoperable Europe Portal,,https://interoperable-europe.ec.europa.eu/collection/portal-support
https://interoperable-europe.ec.europa.eu/collection/iopeu-monitoring/germany,0,,429 Client Error: Too Many Requests for url: https://interoperable-europe.ec.europa.eu/collection/iopeu-monitoring/germany,
https://interoperable-europe.ec.europa.eu/collection/interoperability-test-bed-repository/solution/mims-plus-certification/welcome,0,,429 Client Error: Too Many Requests for url: https://interoperable-europe.ec.europa.eu/collection/interoperability-test-bed-repository/solution/mims-plus-certification/welcome,
https://interoperable-europe.ec.europa.eu/collection/rolling-plan-ict-standardisation/robotics-and-autonomous-systems-rp-2024,200,Robotics and autonomous systems (RP 2024) | Interoperable Europe Portal,,https://interoperable-europe.ec.europa.eu/collection/rolling-plan-ict-standardisation/robotics-and-autonomous-systems-rp-2024
https://www.itb.ec.europa.eu/docs/tdl/latest/,200,GITB TDL Documentation — GITB TDL Documentation,,https://www.itb.ec.europa.eu/docs/tdl/latest/
https://interoperable-europe.ec.europa.eu/collection/iopeu-monitoring/cyprus,0,,429 Client Error: Too Many Requests for url: https://interoperable-europe.ec.europa.eu/collection/iopeu-monitoring/cyprus,
https://interoperable-europe.ec.europa.eu/collection/rolling-plan-ict-standardisation/digitalisation-european-industry-rp2024,200,Digitalisation of European Industry (RP2024) | Interoperable Europe Portal,,https://interoperable-europe.ec.europa.eu/collection/rolling-plan-ict-standardisation/digitalisation-european-industry-rp2024
https://interoperable-europe.ec.europa.eu/collection/iopeu-monitoring/albania,200,Albania | Interoperable Europe Portal,,https://interoperable-europe.ec.europa.eu/collection/iopeu-monitoring/albania
https://interoperable-europe.ec.europa.eu/collection/interoperable-europe-academy/solution/digital-ready-policymaking/re-using-course,200,Re-using the course | Interoperable Europe Portal,,https://interoperable-europe.ec.europa.eu/collection/interoperable-europe-academy/solution/digital-ready-policymaking/re-using-course
https://interoperable-europe.ec.europa.eu/collection/rolling-plan-ict-standardisation/ict-environmental-impact-rp2025,200,ICT Environmental impact (RP2025) | Interoperable Europe Portal,,https://interoperable-europe.ec.europa.eu/collection/rolling-plan-ict-standardisation/ict-environmental-impact-rp2025
https://interoperable-europe.ec.europa.eu/collection/assessments,200,Interoperability assessments space | Interoperable Europe Portal,,https://interoperable-europe.ec.europa.eu/collection/assessments
https://interoperable-europe.ec.europa.eu/collection/interoperable-europe-academy/solution/interoperability-assessments-introduction/re-using-course,200,Re-using the course | Interoperable Europe Portal,,https://interoperable-europe.ec.europa.eu/collection/interoperable-europe-academy/solution/interoperability-assessments-introduction/re-using-course
https://interoperable-europe.ec.europa.eu/collection/interoperability-architecture-solutions/solution/cartography-tool/welcome,0,,429 Client Error: Too Many Requests for url: https://interoperable-europe.ec.europa.eu/collection/interoperability-architecture-solutions/solution/cartography-tool/welcome,
https://interoperable-europe.ec.europa.eu/collection/iopeu-monitoring/hungary,0,,429 Client Error: Too Many Requests for url: https://interoperable-europe.ec.europa.eu/collection/iopeu-monitoring/hungary,
https://interoperable-europe.ec.europa.eu/collection/interoperable-europe-academy/solution/getting-started-interoperability-test-bed/re-using-course,0,,429 Client Error: Too Many Requests for url: https://interoperable-europe.ec.europa.eu/collection/interoperable-europe-academy/solution/getting-started-interoperability-test-bed/re-using-course,
https://interoperable-europe.ec.europa.eu/collection/rolling-plan-ict-standardisation/broadband-infrastructure-mapping-rp2025,200,Broadband infrastructure mapping (RP2025) | Interoperable Europe Portal,,https://interoperable-europe.ec.europa.eu/collection/rolling-plan-ict-standardisation/broadband-infrastructure-mapping-rp2025
https://interoperable-europe.ec.europa.eu/interoperable-europe-support-centre,200,Interoperable Europe Support Centre | Interoperable Europe Portal,,https://interoperable-europe.ec.europa.eu/interoperable-europe-support-centre
https://interoperable-europe.ec.europa.eu/collection/assessments/guidelines-chapter-6-further-resources-and-further-development-these-guidelines,0,,429 Client Error: Too Many Requests for url: https://interoperable-europe.ec.europa.eu/collection/assessments/guidelines-chapter-6-further-resources-and-further-development-these-guidelines,
https://www.itb.ec.europa.eu/docs/itb-ta/latest/serviceHealth/index.html,200,Service health — ITB User Guide,,https://www.itb.ec.europa.eu/docs/itb-ta/latest/serviceHealth/index.html
https://interoperable-europe.ec.europa.eu/collection/rolling-plan-ict-standardisation/artificial-intelligence-rp2024,0,,429 Client Error: Too Many Requests for url: https://interoperable-europe.ec.europa.eu/collection/rolling-plan-ict-standardisation/artificial-intelligence-rp2024,
https://interoperable-europe.ec.europa.eu/collection/iopeu-monitoring/welcome,0,,429 Client Error: Too Many Requests for url: https://interoperable-europe.ec.europa.eu/collection/iopeu-monitoring/welcome,
https://interoperable-europe.ec.europa.eu/collection/common-assessment-method-standards-and-specifications-camss/solution/core-assessment-vocabulary-cav/welcome,0,,429 Client Error: Too Many Requests for url: https://interoperable-europe.ec.europa.eu/collection/common-assessment-method-standards-and-specifications-camss/solution/core-assessment-vocabulary-cav/welcome,
https://interoperable-europe.ec.europa.eu/collection/rolling-plan-ict-standardisation/pandemic-preparedness-rp2025,200,Pandemic preparedness (RP2025) | Interoperable Europe Portal,,https://interoperable-europe.ec.europa.eu/collection/rolling-plan-ict-standardisation/pandemic-preparedness-rp2025
https://interoperable-europe.ec.europa.eu/collection/interoperability-test-bed-repository/solution/mims-plus-certification/resources-documentation,0,,429 Client Error: Too Many Requests for url: https://interoperable-europe.ec.europa.eu/collection/interoperability-test-bed-repository/solution/mims-plus-certification/resources-documentation,
https://interoperable-europe.ec.europa.eu/collection/assessments/welcome,200,Interoperability assessments space | Interoperable Europe Portal,,https://interoperable-europe.ec.europa.eu/collection/assessments
https://www.itb.ec.europa.eu/docs/guides/latest/definingASandbox/index.html,200,Guide: Deploying preconfigured Test Bed instances — ITB Guides,,https://www.itb.ec.europa.eu/docs/guides/latest/definingASandbox/index.html
https://interoperable-europe.ec.europa.eu/collection/rolling-plan-ict-standardisation/5g-and-beyond-rp-2024,200,5G and beyond (RP 2024) | Interoperable Europe Portal,,https://interoperable-europe.ec.europa.eu/collection/rolling-plan-ict-standardisation/5g-and-beyond-rp-2024
https://interoperable-europe.ec.europa.eu/collection/semic-support-centre/openml-pilot-mldcat-ap,0,,429 Client Error: Too Many Requests for url: https://interoperable-europe.ec.europa.eu/collection/semic-support-centre/openml-pilot-mldcat-ap,
https://interoperable-europe.ec.europa.eu/eulogin,200,EU Login,,https://ecas.ec.europa.eu/cas/login?loginRequestId=ECAS_LR-34573169-4so8KgJ4EoqcrgKTCGOFbsfdwq29l0sVAGhxyLKJeXeIhCc1aAI616q6Jq77VR245rJeOgzRMfvxKd2dw5AmZC-R2zIpfT8xjM5mJ4bj6EWvC-9d6GudDAPV3AvWWn7qhCzT7h2LihDOHyl1n82gmDq9oCQsvjMvW6XBc4FUiwkQAvQLueIWb8FRRj4SFMzmvDFa
https://interoperable-europe.ec.europa.eu/collection/governance-board/welcome,200,Interoperable Europe Board | Interoperable Europe Portal,,https://interoperable-europe.ec.europa.eu/collection/governance-board
https://interoperable-europe.ec.europa.eu/collection/iopeu-monitoring/overview,200,IOPEU Monitoring | Interoperable Europe Portal,,https://interoperable-europe.ec.europa.eu/collection/iopeu-monitoring
https://interoperable-europe.ec.europa.eu/collection/rolling-plan-ict-standardisation/digital-learning-rp2024,0,,429 Client Error: Too Many Requests for url: https://interoperable-europe.ec.europa.eu/collection/rolling-plan-ict-standardisation/digital-learning-rp2024,
https://interoperable-europe.ec.europa.eu/collection/digital-ready-policymaking/how-contribute-community,0,,429 Client Error: Too Many Requests for url: https://interoperable-europe.ec.europa.eu/collection/digital-ready-policymaking/how-contribute-community,
https://interoperable-europe.ec.europa.eu/collection/rolling-plan-ict-standardisation/web-40-and-virtual-worlds-rp-2025,200,Web 4.0 and virtual worlds (RP 2025) | Interoperable Europe Portal,,https://interoperable-europe.ec.europa.eu/collection/rolling-plan-ict-standardisation/web-40-and-virtual-worlds-rp-2025
https://interoperable-europe.ec.europa.eu/collection/ai-public-sector,200,AI in the public sector | Interoperable Europe Portal,,https://interoperable-europe.ec.europa.eu/collection/ai-public-sector
https://interoperable-europe.ec.europa.eu/collection/rolling-plan-ict-standardisation/single-european-sky-rp2025,0,,429 Client Error: Too Many Requests for url: https://interoperable-europe.ec.europa.eu/collection/rolling-plan-ict-standardisation/single-european-sky-rp2025,
https://interoperable-europe.ec.europa.eu/collection/rolling-plan-ict-standardisation/rolling-plan-2024,200,Rolling Plan 2024 | Interoperable Europe Portal,,https://interoperable-europe.ec.europa.eu/collection/rolling-plan-ict-standardisation/rolling-plan-2024
https://interoperable-europe.ec.europa.eu/collection/interoperability-test-bed-repository/introduction,0,,429 Client Error: Too Many Requests for url: https://interoperable-europe.ec.europa.eu/collection/interoperability-test-bed-repository/introduction,
https://interoperable-europe.ec.europa.eu/collection/iopeu-monitoring/digital-public-administration-and-interoperability-national-level-moldova,200,Digital Public Administration and Interoperability at national level - Moldova | Interoperable Europe Portal,,https://interoperable-europe.ec.europa.eu/collection/iopeu-monitoring/digital-public-administration-and-interoperability-national-level-moldova
https://interoperable-europe.ec.europa.eu/collection/interoperability-test-bed-repository/solution/mims-plus-certification/official-mims-plus-solution-registry,0,,429 Client Error: Too Many Requests for url: https://interoperable-europe.ec.europa.eu/collection/interoperability-test-bed-repository/solution/mims-plus-certification/official-mims-plus-solution-registry,
https://interoperable-europe.ec.europa.eu/collection/iopeu-monitoring/interoperability-initiatives-albania,200,Interoperability Initiatives - Albania | Interoperable Europe Portal,,https://interoperable-europe.ec.europa.eu/collection/iopeu-monitoring/interoperability-initiatives-albania
https://interoperable-europe.ec.europa.eu/collection/assessments/assessment-forumold,0,,429 Client Error: Too Many Requests for url: https://interoperable-europe.ec.europa.eu/collection/assessments/assessment-forumold,
https://interoperable-europe.ec.europa.eu/collection/rolling-plan-ict-standardisation/e-procurement-pre-and-post-award-rp2024,200,e-Procurement – pre- and post award (RP2024) | Interoperable Europe Portal,,https://interoperable-europe.ec.europa.eu/collection/rolling-plan-ict-standardisation/e-procurement-pre-and-post-award-rp2024
https://interoperable-europe.ec.europa.eu/collection/rolling-plan-ict-standardisation/circular-economy-and-sustainability-rp-2024,200,Circular economy and sustainability (RP 2024) | Interoperable Europe Portal,,https://interoperable-europe.ec.europa.eu/collection/rolling-plan-ict-standardisation/circular-economy-and-sustainability-rp-2024
https://www.itb.ec.europa.eu/docs/services/latest/index.html,200,GITB Services Documentation — GITB Services Documentation,,https://www.itb.ec.europa.eu/docs/services/latest/index.html
https://interoperable-europe.ec.europa.eu/collection/rolling-plan-ict-standardisation/web-40-and-virtual-worlds-rp-2024,200,Web 4.0 and virtual worlds (RP 2024) | Interoperable Europe Portal,,https://interoperable-europe.ec.europa.eu/collection/rolling-plan-ict-standardisation/web-40-and-virtual-worlds-rp-2024
https://interoperable-europe.ec.europa.eu/collection/interoperable-europe-academy/policy-briefs,200,Policy briefs | Interoperable Europe Portal,,https://interoperable-europe.ec.europa.eu/collection/interoperable-europe-academy/policy-briefs
https://interoperable-europe.ec.europa.eu/collection/iopeu-monitoring/italy,0,,429 Client Error: Too Many Requests for url: https://interoperable-europe.ec.europa.eu/collection/iopeu-monitoring/italy,
https://interoperable-europe.ec.europa.eu/collection/rolling-plan-ict-standardisation/quantum-technologies-rp2025,200,Quantum Technologies (RP2025) | Interoperable Europe Portal,,https://interoperable-europe.ec.europa.eu/collection/rolling-plan-ict-standardisation/quantum-technologies-rp2025
https://interoperable-europe.ec.europa.eu/collection/semic-support-centre/semantic-registry-pilot-towards-interoperability-between-member-states,0,,429 Client Error: Too Many Requests for url: https://interoperable-europe.ec.europa.eu/collection/semic-support-centre/semantic-registry-pilot-towards-interoperability-between-member-states,
https://interoperable-europe.ec.europa.eu/collection/rolling-plan-ict-standardisation/eprivacy-rp2025,200,ePrivacy (RP2025) | Interoperable Europe Portal,,https://interoperable-europe.ec.europa.eu/collection/rolling-plan-ict-standardisation/eprivacy-rp2025
https://interoperable-europe.ec.europa.eu/collection/iopeu-monitoring/governance-serbia,200,Governance - Serbia | Interoperable Europe Portal,,https://interoperable-europe.ec.europa.eu/collection/iopeu-monitoring/governance-serbia
https://interoperable-europe.ec.europa.eu/collection/interoperability-architecture-solutions/solution/eira/welcome,200,EIRA | Interoperable Europe Portal,,https://interoperable-europe.ec.europa.eu/collection/interoperability-architecture-solutions/solution/eira
https://interoperable-europe.ec.europa.eu/collection/rolling-plan-ict-standardisation/construction-building-information-modelling-rp2025,200,Construction - building information modelling (RP2025) | Interoperable Europe Portal,,https://interoperable-europe.ec.europa.eu/collection/rolling-plan-ict-standardisation/construction-building-information-modelling-rp2025
https://interoperable-europe.ec.europa.eu/collection/public-sector-tech-watch,200,Public Sector Tech Watch | Interoperable Europe Portal,,https://interoperable-europe.ec.europa.eu/collection/public-sector-tech-watch
https://interoperable-europe.ec.europa.eu/collection/iopeu-monitoring/croatia,0,,429 Client Error: Too Many Requests for url: https://interoperable-europe.ec.europa.eu/collection/iopeu-monitoring/croatia,
https://www.itb.ec.europa.eu/docs/itb-ta/latest/domainDashboard/index.html,200,Manage test configuration — ITB User Guide,,https://www.itb.ec.europa.eu/docs/itb-ta/latest/domainDashboard/index.html
https://interoperable-europe.ec.europa.eu/collection/assessments/assessments-repository,200,EU Login,,https://ecas.ec.europa.eu/cas/login?loginRequestId=ECAS_LR-34590191-DXW69r2IcW0x7wjMIgHfhmGuxyzPzdkzhzSVENsn7uTSnZcztoDFKTLgm1gzSYYlzYnuOTwnjndMRmOl8KzIzzXGK-R2zIpfT8xjM5mJ4bj6EWvC-jOEZC9mp8Ra2OBIstR4y2ciJKDTFflVYVVk686QWS8JzlzdY2817xKjFSt8PjJazeqb7COQKYFXinBR4EKwhTzq
https://interoperable-europe.ec.europa.eu/collection/iopeu-monitoring/country-level,0,,429 Client Error: Too Many Requests for url: https://interoperable-europe.ec.europa.eu/collection/iopeu-monitoring/country-level,
https://interoperable-europe.ec.europa.eu/eu-digital-funding-opportunities,200,EU Digital Funding Opportunities | Interoperable Europe Portal,,https://interoperable-europe.ec.europa.eu/eu-digital-funding-opportunities
https://interoperable-europe.ec.europa.eu/collection/digital-ready-policymaking/legislation-technology-analyse-legal-and-non-legal-resources,0,,429 Client Error: Too Many Requests for url: https://interoperable-europe.ec.europa.eu/collection/digital-ready-policymaking/legislation-technology-analyse-legal-and-non-legal-resources,
https://interoperable-europe.ec.europa.eu/collection/rolling-plan-ict-standardisation/smart-and-sustainable-cities-and-communities-rp2025,200,Smart and sustainable cities and communities (RP2025) | Interoperable Europe Portal,,https://interoperable-europe.ec.europa.eu/collection/rolling-plan-ict-standardisation/smart-and-sustainable-cities-and-communities-rp2025
https://interoperable-europe.ec.europa.eu/collection/rolling-plan-ict-standardisation/retail-payments-rp2025,0,,429 Client Error: Too Many Requests for url: https://interoperable-europe.ec.europa.eu/collection/rolling-plan-ict-standardisation/retail-payments-rp2025,
https://interoperable-europe.ec.europa.eu/collection/rolling-plan-ict-standardisation/preservation-digital-cinema-rp2025,200,Preservation of digital cinema (RP2025) | Interoperable Europe Portal,,https://interoperable-europe.ec.europa.eu/collection/rolling-plan-ict-standardisation/preservation-digital-cinema-rp2025
https://interoperable-europe.ec.europa.eu/collection/rolling-plan-ict-standardisation/about-rolling-plan-ict-standardisation-rp2025,200,About the Rolling Plan for ICT Standardisation (RP2025) | Interoperable Europe Portal,,https://interoperable-europe.ec.europa.eu/collection/rolling-plan-ict-standardisation/about-rolling-plan-ict-standardisation-rp2025
https://interoperable-europe.ec.europa.eu/collection/interoperability-architecture-solutions/interoperability-architecture-solutions,0,,429 Client Error: Too Many Requests for url: https://interoperable-europe.ec.europa.eu/collection/interoperability-architecture-solutions/interoperability-architecture-solutions,
https://interoperable-europe.ec.europa.eu/collection/iopeu-monitoring/slovenia,0,,429 Client Error: Too Many Requests for url: https://interoperable-europe.ec.europa.eu/collection/iopeu-monitoring/slovenia,
https://interoperable-europe.ec.europa.eu/collection/open-source-observatory-osor/knowledge-centre,200,Knowledge Centre | Interoperable Europe Portal,,https://interoperable-europe.ec.europa.eu/collection/open-source-observatory-osor/knowledge-centre
https://interoperable-europe.ec.europa.eu/collection/rolling-plan-ict-standardisation/common-information-sharing-environment-cise-eu-maritime-domain-rp2024,0,,429 Client Error: Too Many Requests for url: https://interoperable-europe.ec.europa.eu/collection/rolling-plan-ict-standardisation/common-information-sharing-environment-cise-eu-maritime-domain-rp2024,
https://interoperable-europe.ec.europa.eu/collection/rolling-plan-ict-standardisation/5g-and-beyond-rp-2025,200,5G and beyond (RP 2025) | Interoperable Europe Portal,,https://interoperable-europe.ec.europa.eu/collection/rolling-plan-ict-standardisation/5g-and-beyond-rp-2025
https://interoperable-europe.ec.europa.eu/collection/iopeu-monitoring/ireland,0,,429 Client Error: Too Many Requests for url: https://interoperable-europe.ec.europa.eu/collection/iopeu-monitoring/ireland,
https://www.itb.ec.europa.eu/docs/services/latest/,200,GITB Services Documentation — GITB Services Documentation,,https://www.itb.ec.europa.eu/docs/services/latest/
https://interoperable-europe.ec.europa.eu/collection/rolling-plan-ict-standardisation/construction-building-information-modelling-rp2024,0,,429 Client Error: Too Many Requests for url: https://interoperable-europe.ec.europa.eu/collection/rolling-plan-ict-standardisation/construction-building-information-modelling-rp2024,
https://interoperable-europe.ec.europa.eu/collection/iopeu-monitoring/governance-bosnia-and-herzegovina,0,,429 Client Error: Too Many Requests for url: https://interoperable-europe.ec.europa.eu/collection/iopeu-monitoring/governance-bosnia-and-herzegovina,
https://interoperable-europe.ec.europa.eu/collection/assessments/document/learn-doing-report-01,200,Learn-by-doing Report #01 | Interoperable Europe Portal,,https://interoperable-europe.ec.europa.eu/collection/assessments/document/learn-doing-report-01
https://interoperable-europe.ec.europa.eu/collection/iopeu-monitoring/digital-public-administration-and-interoperability-national-level-kosovo,0,,429 Client Error: Too Many Requests for url: https://interoperable-europe.ec.europa.eu/collection/iopeu-monitoring/digital-public-administration-and-interoperability-national-level-kosovo,
https://interoperable-europe.ec.europa.eu/collection/rolling-plan-ict-standardisation/ecall-rp2025,200,eCall (RP2025) | Interoperable Europe Portal,,https://interoperable-europe.ec.europa.eu/collection/rolling-plan-ict-standardisation/ecall-rp2025
https://interoperable-europe.ec.europa.eu/collection/rolling-plan-ict-standardisation/blockchain-and-distributed-digital-ledger-technologies-rp2024,0,,429 Client Error: Too Many Requests for url: https://interoperable-europe.ec.europa.eu/collection/rolling-plan-ict-standardisation/blockchain-and-distributed-digital-ledger-technologies-rp2024,
https://interoperable-europe.ec.europa.eu/collection/community,200,Interoperable Europe Community | Interoperable Europe Portal,,https://interoperable-europe.ec.europa.eu/collection/community
https://semiceu.github.io/DCAT-AP/drafts/3.0.1-hvd/,200,DCAT-AP High-Value Datasets,,https://semiceu.github.io/DCAT-AP/drafts/3.0.1-hvd/
https://interoperable-europe.ec.europa.eu/collection/rolling-plan-ict-standardisation/annex-iii-term-definitions-and-main-abbreviations-rp2025,200,Annex III - Term Definitions and Main Abbreviations (RP2025) | Interoperable Europe Portal,,https://interoperable-europe.ec.europa.eu/collection/rolling-plan-ict-standardisation/annex-iii-term-definitions-and-main-abbreviations-rp2025
https://interoperable-europe.ec.europa.eu/collection/rolling-plan-ict-standardisation/preservation-digital-cinema-rp2024,200,Preservation of digital cinema (RP2024) | Interoperable Europe Portal,,https://interoperable-europe.ec.europa.eu/collection/rolling-plan-ict-standardisation/preservation-digital-cinema-rp2024
https://interoperable-europe.ec.europa.eu/eu-oss-catalogue,200,EU Open Source Solutions Catalogue | Interoperable Europe Portal,,https://interoperable-europe.ec.europa.eu/eu-oss-catalogue
https://interoperable-europe.ec.europa.eu/collection/iopeu-monitoring/finland,0,,429 Client Error: Too Many Requests for url: https://interoperable-europe.ec.europa.eu/collection/iopeu-monitoring/finland,
https://www.itb.ec.europa.eu/docs/guides/latest/developingComplexTests/index.html,200,Guide: Developing complex tests — ITB Guides,,https://www.itb.ec.europa.eu/docs/guides/latest/developingComplexTests/index.html
https://interoperable-europe.ec.europa.eu/collection/rolling-plan-ict-standardisation/emergency-communications-and-public-warning-systems-rp2025,200,Emergency communications and public warning systems (RP2025) | Interoperable Europe Portal,,https://interoperable-europe.ec.europa.eu/collection/rolling-plan-ict-standardisation/emergency-communications-and-public-warning-systems-rp2025
https://interoperable-europe.ec.europa.eu/collection/rolling-plan-ict-standardisation/digital-skills-rp2024,200,Digital skills (RP2024) | Interoperable Europe Portal,,https://interoperable-europe.ec.europa.eu/collection/rolling-plan-ict-standardisation/digital-skills-rp2024
https://interoperable-europe.ec.europa.eu/collection/rolling-plan-ict-standardisation/circular-economy-and-sustainability-rp-2025,200,Circular economy and sustainability (RP 2025) | Interoperable Europe Portal,,https://interoperable-europe.ec.europa.eu/collection/rolling-plan-ict-standardisation/circular-economy-and-sustainability-rp-2025
https://interoperable-europe.ec.europa.eu/collection/rolling-plan-ict-standardisation/e-invoicing-rp2024,0,,429 Client Error: Too Many Requests for url: https://interoperable-europe.ec.europa.eu/collection/rolling-plan-ict-standardisation/e-invoicing-rp2024,
https://www.itb.ec.europa.eu/docs/guides/latest/validatingCSV/index.html,200,Guide: Setting up a CSV validator — ITB Guides,,https://www.itb.ec.europa.eu/docs/guides/latest/validatingCSV/index.html
https://interoperable-europe.ec.europa.eu/collection/eugovtech,200,EU GovTech | Interoperable Europe Portal,,https://interoperable-europe.ec.europa.eu/collection/eugovtech
https://interoperable-europe.ec.europa.eu/collection/assessments/toolbox-copy,200,Assessment Toolbox | Interoperable Europe Portal,,https://interoperable-europe.ec.europa.eu/collection/assessments/assessment-toolbox
https://www.itb.ec.europa.eu/docs/itb-ta/latest/changeHistory/,200,Release history — ITB User Guide,,https://www.itb.ec.europa.eu/docs/itb-ta/latest/changeHistory/
https://www.itb.ec.europa.eu/docs/guides/latest/installingValidatorProduction/index.html,200,Guide: Installing a validator for production use — ITB Guides,,https://www.itb.ec.europa.eu/docs/guides/latest/installingValidatorProduction/index.html
https://www.itb.ec.europa.eu/docs/guides/latest/validatingJSON/index.html,200,Guide: Setting up a JSON validator — ITB Guides,,https://www.itb.ec.europa.eu/docs/guides/latest/validatingJSON/index.html
https://interoperable-europe.ec.europa.eu/collection/semic-support-centre/mldcat-ap-semantic-foundation-ai-act-transparency-and-compliance,0,,429 Client Error: Too Many Requests for url: https://interoperable-europe.ec.europa.eu/collection/semic-support-centre/mldcat-ap-semantic-foundation-ai-act-transparency-and-compliance,
https://interoperable-europe.ec.europa.eu/collection/interoperability-architecture-solutions/interoperability-architecture-guidelines,200,Interoperability Architecture Guidelines | Interoperable Europe Portal,,https://interoperable-europe.ec.europa.eu/collection/interoperability-architecture-solutions/interoperability-architecture-guidelines
https://semiceu.github.io/Core-Location-Vocabulary/releases/2.1.1/,200,Core Location Vocabulary,,https://semiceu.github.io/Core-Location-Vocabulary/releases/2.1.1/
https://interoperable-europe.ec.europa.eu/national-competent-authorities,200,National competent authorities | Interoperable Europe Portal,,https://interoperable-europe.ec.europa.eu/national-competent-authorities
https://interoperable-europe.ec.europa.eu/collection/common-assessment-method-standards-and-specifications-camss/solution/camss-service-camssaas/welcome,0,,429 Client Error: Too Many Requests for url: https://interoperable-europe.ec.europa.eu/collection/common-assessment-method-standards-and-specifications-camss/solution/camss-service-camssaas/welcome,
https://www.itb.ec.europa.eu/docs/tdl/latest/helloWorld/index.html,200,Hello world — GITB TDL Documentation,,https://www.itb.ec.europa.eu/docs/tdl/latest/helloWorld/index.html
https://interoperable-europe.ec.europa.eu/collection/iopeu-monitoring/luxembourg,0,,429 Client Error: Too Many Requests for url: https://interoperable-europe.ec.europa.eu/collection/iopeu-monitoring/luxembourg,
https://interoperable-europe.ec.europa.eu/collection/interoperability-architecture-solutions/solution/cartography-tool/welcome-old,0,,429 Client Error: Too Many Requests for url: https://interoperable-europe.ec.europa.eu/collection/interoperability-architecture-solutions/solution/cartography-tool/welcome-old,
https://interoperable-europe.ec.europa.eu/collection/interoperability-test-bed-repository/solution/mims-plus-certification/test-suites-tools,0,,429 Client Error: Too Many Requests for url: https://interoperable-europe.ec.europa.eu/collection/interoperability-test-bed-repository/solution/mims-plus-certification/test-suites-tools,
https://interoperable-europe.ec.europa.eu/collection/assessments/guidelines-chapter-4-how-document-assessment-comprehensive-report,0,,429 Client Error: Too Many Requests for url: https://interoperable-europe.ec.europa.eu/collection/assessments/guidelines-chapter-4-how-document-assessment-comprehensive-report,
https://interoperable-europe.ec.europa.eu/collection/rolling-plan-ict-standardisation/european-global-navigation-satellite-system-egnss-rp2025,200,European Global Navigation Satellite System (EGNSS) (RP2025) | Interoperable Europe Portal,,https://interoperable-europe.ec.europa.eu/collection/rolling-plan-ict-standardisation/european-global-navigation-satellite-system-egnss-rp2025
https://interoperable-europe.ec.europa.eu/collection/rolling-plan-ict-standardisation/digital-health-healthy-living-and-ageing-rp2024,200,"Digital health, healthy living and ageing (RP2024) | Interoperable Europe Portal",,https://interoperable-europe.ec.europa.eu/collection/rolling-plan-ict-standardisation/digital-health-healthy-living-and-ageing-rp2024
https://interoperable-europe.ec.europa.eu/collection/rolling-plan-ict-standardisation/about-rolling-plan-ict-standardisation-rp2024,0,,429 Client Error: Too Many Requests for url: https://interoperable-europe.ec.europa.eu/collection/rolling-plan-ict-standardisation/about-rolling-plan-ict-standardisation-rp2024,
https://interoperable-europe.ec.europa.eu/collection/open-source-observatory-osor/funding-opportunities-open-source-software-projects-public-sector,200,Funding Opportunities for Open Source Software Projects in the Public Sector | Interoperable Europe Portal,,https://interoperable-europe.ec.europa.eu/collection/open-source-observatory-osor/funding-opportunities-open-source-software-projects-public-sector
https://interoperable-europe.ec.europa.eu/collection/digital-ready-policymaking/news-events,0,,429 Client Error: Too Many Requests for url: https://interoperable-europe.ec.europa.eu/collection/digital-ready-policymaking/news-events,
https://interoperable-europe.ec.europa.eu/collection/rolling-plan-ict-standardisation/smart-grids-and-smart-metering-rp2025,200,Smart grids and smart metering (RP2025) | Interoperable Europe Portal,,https://interoperable-europe.ec.europa.eu/collection/rolling-plan-ict-standardisation/smart-grids-and-smart-metering-rp2025
https://interoperable-europe.ec.europa.eu/collection/iopeu-monitoring/knowledge-centre,200,Knowledge Centre | Interoperable Europe Portal,,https://interoperable-europe.ec.europa.eu/collection/iopeu-monitoring/knowledge-centre
https://interoperable-europe.ec.europa.eu/collection/common-assessment-method-standards-and-specifications-camss/solution/elap/validator-user-guide,0,,429 Client Error: Too Many Requests for url: https://interoperable-europe.ec.europa.eu/collection/common-assessment-method-standards-and-specifications-camss/solution/elap/validator-user-guide,
https://interoperable-europe.ec.europa.eu/collection/interoperability-regulatory-sandboxes/know-more,200,Know more | Interoperable Europe Portal,,https://interoperable-europe.ec.europa.eu/collection/interoperability-regulatory-sandboxes/know-more
https://interoperable-europe.ec.europa.eu/collection/assessments/guidelines-chapter-2-when-interoperability-assessment-legally-required,0,,429 Client Error: Too Many Requests for url: https://interoperable-europe.ec.europa.eu/collection/assessments/guidelines-chapter-2-when-interoperability-assessment-legally-required,
https://www.itb.ec.europa.eu/docs/guides/latest/agenticTestDevelopment/,200,Guide: Using the ITB MCP server for AI-powered test development — ITB Guides,,https://www.itb.ec.europa.eu/docs/guides/latest/agenticTestDevelopment/
https://interoperable-europe.ec.europa.eu/collection/assessments/document/learn-doing-report-02,0,,429 Client Error: Too Many Requests for url: https://interoperable-europe.ec.europa.eu/collection/assessments/document/learn-doing-report-02,
https://interoperable-europe.ec.europa.eu/collection/rolling-plan-ict-standardisation/annex-ii-list-links-standards-bodies-web-sites-date-information-ongoing-work-rp2025,0,,429 Client Error: Too Many Requests for url: https://interoperable-europe.ec.europa.eu/collection/rolling-plan-ict-standardisation/annex-ii-list-links-standards-bodies-web-sites-date-information-ongoing-work-rp2025,
https://interoperable-europe.ec.europa.eu/collection/interoperability-regulatory-sandboxes/welcome,200,Interoperability regulatory sandboxes | Interoperable Europe Portal,,https://interoperable-europe.ec.europa.eu/collection/interoperability-regulatory-sandboxes
https://interoperable-europe.ec.europa.eu/collection/digital-ready-policymaking/ai4drpm,200,AI4DRPM | Interoperable Europe Portal,,https://interoperable-europe.ec.europa.eu/collection/digital-ready-policymaking/ai4drpm
https://interoperable-europe.ec.europa.eu/collection/rolling-plan-ict-standardisation/european-electronic-toll-service-eets-rp2024,0,,429 Client Error: Too Many Requests for url: https://interoperable-europe.ec.europa.eu/collection/rolling-plan-ict-standardisation/european-electronic-toll-service-eets-rp2024,
https://interoperable-europe.ec.europa.eu/collection/rolling-plan-ict-standardisation/artificial-intelligence-rp2025,200,Artificial Intelligence (RP2025) | Interoperable Europe Portal,,https://interoperable-europe.ec.europa.eu/collection/rolling-plan-ict-standardisation/artificial-intelligence-rp2025
https://interoperable-europe.ec.europa.eu/collection/rolling-plan-ict-standardisation/cybersecurity-network-and-information-security-rp-2024,200,Cybersecurity / network and information security (RP 2024) | Interoperable Europe Portal,,https://interoperable-europe.ec.europa.eu/collection/rolling-plan-ict-standardisation/cybersecurity-network-and-information-security-rp-2024
https://interoperable-europe.ec.europa.eu/collection/assessments/assessments-api-usage-guidelines,200,Assessments API | Interoperable Europe Portal,,https://interoperable-europe.ec.europa.eu/collection/assessments/assessments-api
https://interoperable-europe.ec.europa.eu/collection/interoperable-europe-academy/solution/digital-ready-policymaking/related-materials,200,Related materials | Interoperable Europe Portal,,https://interoperable-europe.ec.europa.eu/collection/interoperable-europe-academy/solution/digital-ready-policymaking/related-materials
https://interoperable-europe.ec.europa.eu/collection/digital-ready-policymaking/legislation-technology-other-relevant-solutions-and-projects,0,,429 Client Error: Too Many Requests for url: https://interoperable-europe.ec.europa.eu/collection/digital-ready-policymaking/legislation-technology-other-relevant-solutions-and-projects,
